# This file uses centimeters as units for non-parametric coordinates.

v 0.000000 0.011683 -0.000001
v 0.506155 0.011959 -0.100682
v 0.516071 0.011959 -0.000001
v 0.506155 0.051713 -0.100682
v 0.516071 0.051713 -0.000001
v 0.530054 0.051713 -0.105436
v 0.540439 0.051713 -0.000001
v 0.530054 0.104244 -0.105436
v 0.540439 0.104244 -0.000001
v 0.541475 0.106668 -0.107707
v 0.552084 0.106668 -0.000001
v 0.552925 0.109248 -0.109985
v 0.563758 0.109248 -0.000001
v 0.564431 0.112139 -0.112274
v 0.575489 0.112139 -0.000001
v 0.576023 0.115498 -0.114579
v 0.587308 0.115498 -0.000001
v 0.587728 0.119479 -0.116908
v 0.599243 0.119479 -0.000001
v 0.599575 0.124238 -0.119264
v 0.611322 0.124238 -0.000001
v 0.611593 0.129931 -0.121655
v 0.623575 0.129931 -0.000001
v 0.617218 0.144440 -0.122773
v 0.629311 0.144440 -0.000001
v 0.614788 0.158437 -0.122290
v 0.626833 0.158437 -0.000001
v 0.605646 0.172007 -0.120472
v 0.617511 0.172007 -0.000001
v 0.591133 0.185237 -0.117585
v 0.602714 0.185237 -0.000001
v 0.572593 0.198209 -0.113897
v 0.583810 0.198209 -0.000001
v 0.551367 0.211012 -0.109675
v 0.562169 0.211012 -0.000001
v 0.528799 0.223729 -0.105186
v 0.539159 0.223729 -0.000001
v 0.541625 0.236351 -0.107737
v 0.552236 0.236351 -0.000001
v 0.554288 0.249457 -0.110256
v 0.565147 0.249457 -0.000001
v 0.566626 0.263529 -0.112710
v 0.577727 0.263529 -0.000001
v 0.578477 0.279052 -0.115068
v 0.589810 0.279052 -0.000001
v 0.589678 0.296508 -0.117295
v 0.601230 0.296508 -0.000001
v 0.600066 0.316380 -0.119362
v 0.611822 0.316380 -0.000001
v 0.609480 0.339153 -0.121234
v 0.621420 0.339153 -0.000001
v 0.613143 0.368308 -0.121963
v 0.625155 0.368308 -0.000001
v 0.604493 0.397976 -0.120243
v 0.616336 0.397976 -0.000001
v 0.585582 0.428073 -0.116481
v 0.597054 0.428073 -0.000001
v 0.558462 0.458512 -0.111086
v 0.569403 0.458512 -0.000001
v 0.525186 0.489207 -0.104467
v 0.535475 0.489207 -0.000001
v 0.487805 0.520074 -0.097032
v 0.497362 0.520074 -0.000001
v 0.448372 0.551026 -0.089188
v 0.457157 0.551026 -0.000001
v 0.431351 0.567812 -0.085802
v 0.439802 0.567812 -0.000001
v 0.418532 0.587688 -0.083253
v 0.426732 0.587688 -0.000001
v 0.409215 0.610139 -0.081399
v 0.417232 0.610139 -0.000001
v 0.402699 0.634651 -0.080103
v 0.410588 0.634651 -0.000001
v 0.398284 0.660708 -0.079225
v 0.406087 0.660708 -0.000001
v 0.395270 0.687795 -0.078625
v 0.403013 0.687795 -0.000001
v 0.392956 0.715397 -0.078165
v 0.400654 0.715397 -0.000001
v 0.322425 0.715394 -0.064136
v 0.328742 0.715394 -0.000001
v 0.322347 0.756489 -0.064120
v 0.328663 0.756489 -0.000001
v 0.327961 0.761501 -0.065237
v 0.334387 0.761501 -0.000001
v 0.333390 0.766527 -0.066317
v 0.339922 0.766527 -0.000001
v 0.338448 0.771580 -0.067323
v 0.345079 0.771580 -0.000001
v 0.342951 0.776675 -0.068218
v 0.349669 0.776675 -0.000001
v 0.346711 0.781826 -0.068966
v 0.353504 0.781826 -0.000001
v 0.349546 0.787047 -0.069530
v 0.356394 0.787047 -0.000001
v 0.351269 0.792351 -0.069873
v 0.358150 0.792351 -0.000001
v 0.350812 0.802410 -0.069782
v 0.357685 0.802410 -0.000001
v 0.345674 0.811897 -0.068760
v 0.352446 0.811897 -0.000001
v 0.336636 0.820907 -0.066962
v 0.343231 0.820907 -0.000001
v 0.324478 0.829535 -0.064544
v 0.330835 0.829535 -0.000001
v 0.309981 0.837877 -0.061660
v 0.316053 0.837877 -0.000001
v 0.293922 0.846029 -0.058466
v 0.299680 0.846029 -0.000001
v 0.277084 0.854085 -0.055117
v 0.282513 0.854085 -0.000001
v 0.201322 1.157144 -0.040047
v 0.205266 1.157144 -0.000001
v 0.189326 1.206519 -0.037660
v 0.193035 1.206519 -0.000001
v 0.180886 1.255779 -0.035982
v 0.184430 1.255779 -0.000001
v 0.175410 1.304945 -0.034892
v 0.178847 1.304945 -0.000001
v 0.172305 1.354034 -0.034275
v 0.175681 1.354034 -0.000001
v 0.170979 1.403066 -0.034011
v 0.174328 1.403066 -0.000001
v 0.170837 1.452060 -0.033983
v 0.174184 1.452060 -0.000001
v 0.171288 1.501035 -0.034072
v 0.174644 1.501035 -0.000001
v 0.332501 1.501295 -0.066140
v 0.339015 1.501295 -0.000001
v 0.325760 1.525945 -0.064799
v 0.332142 1.525945 -0.000001
v 0.318867 1.550121 -0.063428
v 0.325114 1.550121 -0.000001
v 0.311674 1.573350 -0.061997
v 0.317780 1.573350 -0.000001
v 0.304029 1.595160 -0.060476
v 0.309985 1.595160 -0.000001
v 0.295780 1.615075 -0.058835
v 0.301575 1.615075 -0.000001
v 0.286778 1.632624 -0.057045
v 0.292396 1.632624 -0.000001
v 0.276871 1.647332 -0.055075
v 0.282296 1.647332 -0.000001
v 0.268028 1.655081 -0.053315
v 0.273279 1.655081 -0.000001
v 0.254558 1.662533 -0.050636
v 0.259545 1.662533 -0.000001
v 0.237233 1.669738 -0.047190
v 0.241881 1.669738 -0.000001
v 0.216825 1.676745 -0.043130
v 0.221073 1.676745 -0.000001
v 0.194103 1.683604 -0.038610
v 0.197906 1.683604 -0.000001
v 0.169840 1.690364 -0.033784
v 0.173167 1.690364 -0.000001
v 0.144805 1.697075 -0.028805
v 0.147642 1.697075 -0.000001
v 0.144805 1.732948 -0.028805
v 0.147642 1.732948 -0.000001
v 0.164095 1.745477 -0.032642
v 0.167310 1.745477 -0.000001
v 0.183308 1.758484 -0.036464
v 0.186899 1.758484 -0.000001
v 0.202365 1.772448 -0.040254
v 0.206330 1.772448 -0.000001
v 0.221189 1.787849 -0.043998
v 0.225522 1.787849 -0.000001
v 0.239701 1.805163 -0.047681
v 0.244397 1.805163 -0.000001
v 0.257825 1.824870 -0.051285
v 0.262876 1.824870 -0.000001
v 0.275481 1.847448 -0.054798
v 0.280878 1.847448 -0.000001
v 0.295694 1.883937 -0.058819
v 0.301486 1.883937 -0.000001
v 0.310195 1.926864 -0.061703
v 0.316272 1.926864 -0.000001
v 0.319453 1.973232 -0.063544
v 0.325711 1.973232 -0.000001
v 0.323935 2.020044 -0.064436
v 0.330281 2.020044 -0.000001
v 0.324110 2.064299 -0.064471
v 0.330460 2.064299 -0.000001
v 0.320446 2.103000 -0.063742
v 0.326724 2.103000 -0.000001
v 0.313410 2.133149 -0.062342
v 0.319550 2.133149 -0.000001
v 0.306384 2.149994 -0.060945
v 0.312387 2.149994 -0.000001
v 0.294979 2.172233 -0.058676
v 0.300758 2.172233 -0.000001
v 0.279742 2.197956 -0.055645
v 0.285222 2.197956 -0.000001
v 0.261221 2.225252 -0.051961
v 0.266339 2.225252 -0.000001
v 0.239966 2.252209 -0.047733
v 0.244667 2.252209 -0.000001
v 0.216522 2.276918 -0.043070
v 0.220764 2.276918 -0.000001
v 0.191440 2.297467 -0.038081
v 0.195190 2.297467 -0.000001
v 0.167601 2.313621 -0.033339
v 0.170884 2.313621 -0.000001
v 0.143803 2.328421 -0.028606
v 0.146621 2.328421 -0.000001
v 0.119320 2.341502 -0.023735
v 0.121658 2.341502 -0.000001
v 0.093425 2.352503 -0.018584
v 0.095255 2.352503 -0.000001
v 0.065391 2.361058 -0.013008
v 0.066672 2.361058 -0.000001
v 0.034491 2.366805 -0.006862
v 0.035166 2.366805 -0.000001
v 0.000000 2.369380 -0.000001
v 0.476787 0.011959 -0.197493
v 0.476787 0.051713 -0.197493
v 0.499300 0.051713 -0.206818
v 0.499300 0.104244 -0.206818
v 0.510059 0.106668 -0.211274
v 0.520844 0.109248 -0.215742
v 0.531683 0.112139 -0.220231
v 0.542602 0.115498 -0.224754
v 0.553628 0.119479 -0.229322
v 0.564787 0.124238 -0.233944
v 0.576108 0.129931 -0.238633
v 0.581407 0.144440 -0.240828
v 0.579118 0.158437 -0.239879
v 0.570506 0.172007 -0.236312
v 0.556835 0.185237 -0.230650
v 0.539370 0.198209 -0.223416
v 0.519376 0.211012 -0.215134
v 0.498118 0.223729 -0.206329
v 0.510200 0.236351 -0.211333
v 0.522128 0.249457 -0.216274
v 0.533750 0.263529 -0.221088
v 0.544914 0.279052 -0.225711
v 0.555465 0.296508 -0.230082
v 0.565250 0.316380 -0.234136
v 0.574117 0.339153 -0.237809
v 0.577568 0.368308 -0.239238
v 0.569420 0.397976 -0.235863
v 0.551606 0.428073 -0.228484
v 0.526060 0.458512 -0.217902
v 0.494714 0.489207 -0.204919
v 0.459503 0.520074 -0.190334
v 0.422358 0.551026 -0.174947
v 0.406324 0.567812 -0.168306
v 0.394249 0.587688 -0.163304
v 0.385472 0.610139 -0.159669
v 0.379334 0.634651 -0.157126
v 0.375175 0.660708 -0.155404
v 0.372336 0.687795 -0.154228
v 0.370156 0.715397 -0.153325
v 0.303718 0.715394 -0.125805
v 0.303645 0.756489 -0.125775
v 0.308933 0.761501 -0.127965
v 0.314047 0.766527 -0.130084
v 0.318811 0.771580 -0.132057
v 0.323052 0.776675 -0.133814
v 0.326595 0.781826 -0.135281
v 0.329265 0.787047 -0.136387
v 0.330888 0.792351 -0.137059
v 0.330457 0.802410 -0.136881
v 0.325618 0.811897 -0.134876
v 0.317104 0.820907 -0.131350
v 0.305652 0.829535 -0.126606
v 0.291995 0.837877 -0.120950
v 0.276869 0.846029 -0.114684
v 0.261007 0.854085 -0.108114
v 0.189641 1.157144 -0.078553
v 0.178341 1.206519 -0.073872
v 0.170391 1.255779 -0.070579
v 0.165233 1.304945 -0.068443
v 0.162308 1.354034 -0.067232
v 0.161058 1.403066 -0.066714
v 0.160925 1.452060 -0.066658
v 0.161350 1.501035 -0.066835
v 0.313209 1.501295 -0.129737
v 0.306859 1.525945 -0.127106
v 0.300366 1.550121 -0.124417
v 0.293590 1.573350 -0.121610
v 0.286389 1.595160 -0.118627
v 0.278619 1.615075 -0.115409
v 0.270139 1.632624 -0.111896
v 0.260807 1.647332 -0.108031
v 0.252477 1.655081 -0.104580
v 0.239789 1.662533 -0.099325
v 0.223469 1.669738 -0.092565
v 0.204245 1.676745 -0.084602
v 0.182841 1.683604 -0.075737
v 0.159986 1.690364 -0.066270
v 0.136404 1.697075 -0.056501
v 0.136404 1.732948 -0.056501
v 0.154574 1.745477 -0.064028
v 0.172673 1.758484 -0.071524
v 0.190624 1.772448 -0.078960
v 0.208355 1.787849 -0.086305
v 0.225794 1.805163 -0.093528
v 0.242865 1.824870 -0.100599
v 0.259498 1.847448 -0.107489
v 0.278537 1.883937 -0.115375
v 0.292197 1.926864 -0.121033
v 0.300918 1.973232 -0.124645
v 0.305140 2.020044 -0.126394
v 0.305305 2.064299 -0.126463
v 0.301853 2.103000 -0.125033
v 0.295225 2.133149 -0.122288
v 0.288608 2.149994 -0.119546
v 0.277864 2.172233 -0.115096
v 0.263511 2.197956 -0.109151
v 0.246066 2.225252 -0.101925
v 0.226043 2.252209 -0.093631
v 0.203960 2.276918 -0.084484
v 0.180332 2.297467 -0.074697
v 0.157877 2.313621 -0.065396
v 0.135460 2.328421 -0.056110
v 0.112397 2.341502 -0.046557
v 0.088004 2.352503 -0.036454
v 0.061597 2.361058 -0.025515
v 0.032490 2.366805 -0.013459
v 0.429097 0.011959 -0.286715
v 0.429097 0.051713 -0.286715
v 0.449358 0.051713 -0.300253
v 0.449358 0.104244 -0.300253
v 0.459041 0.106668 -0.306722
v 0.468747 0.109248 -0.313208
v 0.478502 0.112139 -0.319726
v 0.488328 0.115498 -0.326292
v 0.498252 0.119479 -0.332923
v 0.508295 0.124238 -0.339633
v 0.518484 0.129931 -0.346441
v 0.523252 0.144440 -0.349627
v 0.521192 0.158437 -0.348251
v 0.513441 0.172007 -0.343072
v 0.501138 0.185237 -0.334851
v 0.485420 0.198209 -0.324349
v 0.467426 0.211012 -0.312326
v 0.448294 0.223729 -0.299542
v 0.459167 0.236351 -0.306807
v 0.469903 0.249457 -0.313980
v 0.480363 0.263529 -0.320969
v 0.490409 0.279052 -0.327682
v 0.499905 0.296508 -0.334027
v 0.508712 0.316380 -0.339911
v 0.516692 0.339153 -0.345244
v 0.519797 0.368308 -0.347319
v 0.512464 0.397976 -0.342419
v 0.496432 0.428073 -0.331707
v 0.473442 0.458512 -0.316345
v 0.445231 0.489207 -0.297495
v 0.413541 0.520074 -0.276321
v 0.380112 0.551026 -0.253984
v 0.365682 0.567812 -0.244342
v 0.354814 0.587688 -0.237081
v 0.346916 0.610139 -0.231803
v 0.341392 0.634651 -0.228112
v 0.337649 0.660708 -0.225611
v 0.335093 0.687795 -0.223904
v 0.333131 0.715397 -0.222593
v 0.273339 0.715394 -0.182641
v 0.273273 0.756489 -0.182596
v 0.278032 0.761501 -0.185776
v 0.282634 0.766527 -0.188852
v 0.286922 0.771580 -0.191717
v 0.290739 0.776675 -0.194267
v 0.293927 0.781826 -0.196397
v 0.296331 0.787047 -0.198003
v 0.297791 0.792351 -0.198979
v 0.297404 0.802410 -0.198720
v 0.293048 0.811897 -0.195810
v 0.285386 0.820907 -0.190690
v 0.275079 0.829535 -0.183803
v 0.262788 0.837877 -0.175591
v 0.249175 0.846029 -0.166495
v 0.234901 0.854085 -0.156956
v 0.170672 1.157144 -0.114041
v 0.160503 1.206519 -0.107245
v 0.153348 1.255779 -0.102465
v 0.148706 1.304945 -0.099363
v 0.146074 1.354034 -0.097604
v 0.144949 1.403066 -0.096853
v 0.144829 1.452060 -0.096772
v 0.145211 1.501035 -0.097028
v 0.281881 1.501295 -0.188348
v 0.276166 1.525945 -0.184529
v 0.270323 1.550121 -0.180625
v 0.264225 1.573350 -0.176551
v 0.257743 1.595160 -0.172219
v 0.250750 1.615075 -0.167547
v 0.243118 1.632624 -0.162448
v 0.234720 1.647332 -0.156836
v 0.227223 1.655081 -0.151827
v 0.215804 1.662533 -0.144197
v 0.201117 1.669738 -0.134383
v 0.183815 1.676745 -0.122822
v 0.164553 1.683604 -0.109952
v 0.143983 1.690364 -0.096207
v 0.122760 1.697075 -0.082026
v 0.122760 1.732948 -0.082026
v 0.139114 1.745477 -0.092954
v 0.155401 1.758484 -0.103837
v 0.171557 1.772448 -0.114632
v 0.187515 1.787849 -0.125294
v 0.203209 1.805163 -0.135781
v 0.218573 1.824870 -0.146047
v 0.233542 1.847448 -0.156049
v 0.250677 1.883937 -0.167498
v 0.262970 1.926864 -0.175712
v 0.270819 1.973232 -0.180957
v 0.274619 2.020044 -0.183496
v 0.274767 2.064299 -0.183594
v 0.271661 2.103000 -0.181519
v 0.265696 2.133149 -0.177533
v 0.259740 2.149994 -0.173554
v 0.250071 2.172233 -0.167093
v 0.237154 2.197956 -0.158462
v 0.221453 2.225252 -0.147971
v 0.203433 2.252209 -0.135931
v 0.183558 2.276918 -0.122651
v 0.162295 2.297467 -0.108443
v 0.142085 2.313621 -0.094940
v 0.121911 2.328421 -0.081459
v 0.101154 2.341502 -0.067591
v 0.079202 2.352503 -0.052922
v 0.055436 2.361058 -0.037042
v 0.029240 2.366805 -0.019539
v 0.364917 0.011959 -0.364918
v 0.364917 0.051713 -0.364918
v 0.382148 0.051713 -0.382149
v 0.382148 0.104244 -0.382149
v 0.390382 0.106668 -0.390383
v 0.398636 0.109248 -0.398638
v 0.406932 0.112139 -0.406934
v 0.415289 0.115498 -0.415290
v 0.423728 0.119478 -0.423730
v 0.432269 0.124238 -0.432271
v 0.440934 0.129931 -0.440935
v 0.444989 0.144440 -0.444991
v 0.443238 0.158437 -0.443239
v 0.436646 0.172007 -0.436648
v 0.426183 0.185236 -0.426184
v 0.412816 0.198209 -0.412817
v 0.397513 0.211012 -0.397515
v 0.381243 0.223729 -0.381244
v 0.390490 0.236351 -0.390491
v 0.399619 0.249457 -0.399621
v 0.408515 0.263529 -0.408516
v 0.417059 0.279052 -0.417060
v 0.425134 0.296507 -0.425135
v 0.432624 0.316380 -0.432625
v 0.439410 0.339153 -0.439411
v 0.442051 0.368308 -0.442052
v 0.435815 0.397976 -0.435817
v 0.422181 0.428073 -0.422182
v 0.402629 0.458512 -0.402630
v 0.378638 0.489207 -0.378639
v 0.351688 0.520074 -0.351689
v 0.323259 0.551026 -0.323259
v 0.310987 0.567812 -0.310988
v 0.301745 0.587688 -0.301746
v 0.295027 0.610139 -0.295029
v 0.290330 0.634651 -0.290331
v 0.287147 0.660708 -0.287148
v 0.284973 0.687795 -0.284975
v 0.283305 0.715397 -0.283307
v 0.232455 0.715394 -0.232457
v 0.232399 0.756489 -0.232401
v 0.236447 0.761501 -0.236448
v 0.240360 0.766527 -0.240362
v 0.244008 0.771580 -0.244008
v 0.247253 0.776675 -0.247255
v 0.249965 0.781826 -0.249966
v 0.252008 0.787047 -0.252010
v 0.253251 0.792351 -0.253252
v 0.252921 0.802410 -0.252922
v 0.249217 0.811897 -0.249218
v 0.242701 0.820907 -0.242702
v 0.233936 0.829535 -0.233937
v 0.223483 0.837877 -0.223485
v 0.211906 0.846029 -0.211907
v 0.199766 0.854085 -0.199768
v 0.145145 1.157144 -0.145146
v 0.136496 1.206519 -0.136497
v 0.130412 1.255779 -0.130413
v 0.126464 1.304945 -0.126465
v 0.124225 1.354034 -0.124227
v 0.123269 1.403066 -0.123270
v 0.123167 1.452060 -0.123168
v 0.123492 1.501035 -0.123493
v 0.239720 1.501295 -0.239721
v 0.234860 1.525945 -0.234860
v 0.229890 1.550121 -0.229892
v 0.224704 1.573350 -0.224706
v 0.219192 1.595160 -0.219193
v 0.213245 1.615075 -0.213247
v 0.206755 1.632624 -0.206756
v 0.199613 1.647332 -0.199615
v 0.193237 1.655081 -0.193238
v 0.183526 1.662533 -0.183527
v 0.171036 1.669738 -0.171037
v 0.156322 1.676745 -0.156323
v 0.139941 1.683604 -0.139942
v 0.122447 1.690364 -0.122449
v 0.104399 1.697075 -0.104400
v 0.104399 1.732948 -0.104400
v 0.118306 1.745477 -0.118307
v 0.132158 1.758484 -0.132159
v 0.145897 1.772448 -0.145898
v 0.159468 1.787849 -0.159469
v 0.172815 1.805163 -0.172816
v 0.185881 1.824870 -0.185882
v 0.198611 1.847448 -0.198612
v 0.213183 1.883937 -0.213184
v 0.223638 1.926864 -0.223639
v 0.230312 1.973232 -0.230313
v 0.233544 2.020044 -0.233545
v 0.233670 2.064299 -0.233671
v 0.231029 2.103000 -0.231030
v 0.225956 2.133149 -0.225957
v 0.220891 2.149994 -0.220892
v 0.212668 2.172233 -0.212669
v 0.201683 2.197956 -0.201684
v 0.188330 2.225252 -0.188331
v 0.173006 2.252209 -0.173007
v 0.156104 2.276918 -0.156105
v 0.138020 2.297467 -0.138022
v 0.120833 2.313621 -0.120834
v 0.103676 2.328421 -0.103678
v 0.086025 2.341502 -0.086026
v 0.067355 2.352503 -0.067356
v 0.047144 2.361058 -0.047145
v 0.024867 2.366805 -0.024868
v 0.286713 0.011959 -0.429098
v 0.286713 0.051713 -0.429098
v 0.300251 0.051713 -0.449359
v 0.300251 0.104244 -0.449359
v 0.306721 0.106668 -0.459042
v 0.313207 0.109248 -0.468748
v 0.319724 0.112139 -0.478503
v 0.326291 0.115497 -0.488330
v 0.332921 0.119478 -0.498253
v 0.339632 0.124238 -0.508297
v 0.346440 0.129931 -0.518485
v 0.349626 0.144440 -0.523254
v 0.348249 0.158437 -0.521194
v 0.343071 0.172007 -0.513443
v 0.334850 0.185236 -0.501140
v 0.324347 0.198209 -0.485421
v 0.312324 0.211012 -0.467427
v 0.299540 0.223729 -0.448295
v 0.306805 0.236351 -0.459169
v 0.313979 0.249457 -0.469904
v 0.320968 0.263529 -0.480364
v 0.327681 0.279052 -0.490411
v 0.334026 0.296507 -0.499906
v 0.339910 0.316380 -0.508713
v 0.345242 0.339153 -0.516693
v 0.347317 0.368308 -0.519799
v 0.342418 0.397976 -0.512466
v 0.331705 0.428073 -0.496434
v 0.316343 0.458511 -0.473443
v 0.297494 0.489207 -0.445232
v 0.276319 0.520074 -0.413543
v 0.253982 0.551026 -0.380113
v 0.244341 0.567812 -0.365683
v 0.237079 0.587688 -0.354816
v 0.231802 0.610139 -0.346917
v 0.228110 0.634651 -0.341393
v 0.225609 0.660708 -0.337650
v 0.223902 0.687795 -0.335094
v 0.222591 0.715397 -0.333133
v 0.182639 0.715394 -0.273340
v 0.182595 0.756489 -0.273274
v 0.185775 0.761501 -0.278033
v 0.188850 0.766527 -0.282635
v 0.191715 0.771580 -0.286924
v 0.194266 0.776675 -0.290740
v 0.196396 0.781826 -0.293929
v 0.198002 0.787047 -0.296332
v 0.198977 0.792351 -0.297792
v 0.198719 0.802410 -0.297404
v 0.195808 0.811897 -0.293049
v 0.190689 0.820907 -0.285388
v 0.183802 0.829535 -0.275081
v 0.175589 0.837877 -0.262790
v 0.166493 0.846029 -0.249176
v 0.156956 0.854085 -0.234902
v 0.114039 1.157144 -0.170673
v 0.107244 1.206519 -0.160504
v 0.102464 1.255779 -0.153349
v 0.099362 1.304945 -0.148707
v 0.097603 1.354034 -0.146075
v 0.096852 1.403066 -0.144950
v 0.096771 1.452060 -0.144830
v 0.097027 1.501035 -0.145212
v 0.188347 1.501295 -0.281882
v 0.184528 1.525945 -0.276167
v 0.180624 1.550121 -0.270324
v 0.176549 1.573350 -0.264226
v 0.172219 1.595160 -0.257744
v 0.167546 1.615075 -0.250751
v 0.162446 1.632624 -0.243119
v 0.156835 1.647332 -0.234721
v 0.151826 1.655081 -0.227224
v 0.144196 1.662533 -0.215805
v 0.134382 1.669738 -0.201118
v 0.122821 1.676745 -0.183816
v 0.109951 1.683604 -0.164554
v 0.096206 1.690364 -0.143984
v 0.082026 1.697075 -0.122761
v 0.082026 1.732948 -0.122761
v 0.092953 1.745477 -0.139115
v 0.103836 1.758484 -0.155402
v 0.114631 1.772448 -0.171558
v 0.125293 1.787849 -0.187516
v 0.135780 1.805163 -0.203210
v 0.146046 1.824870 -0.218574
v 0.156047 1.847448 -0.233543
v 0.167497 1.883937 -0.250678
v 0.175711 1.926864 -0.262971
v 0.180955 1.973232 -0.270820
v 0.183494 2.020044 -0.274620
v 0.183594 2.064299 -0.274768
v 0.181518 2.103000 -0.271662
v 0.177532 2.133149 -0.265697
v 0.173553 2.149994 -0.259741
v 0.167092 2.172233 -0.250072
v 0.158461 2.197956 -0.237155
v 0.147970 2.225252 -0.221454
v 0.135929 2.252209 -0.203434
v 0.122650 2.276918 -0.183560
v 0.108442 2.297467 -0.162296
v 0.094938 2.313621 -0.142086
v 0.081458 2.328421 -0.121912
v 0.067589 2.341502 -0.101156
v 0.052921 2.352503 -0.079203
v 0.037041 2.361058 -0.055436
v 0.019538 2.366805 -0.029241
v 0.197491 0.011959 -0.476788
v 0.197491 0.051713 -0.476788
v 0.206817 0.051713 -0.499301
v 0.206817 0.104244 -0.499301
v 0.211273 0.106668 -0.510060
v 0.215740 0.109248 -0.520845
v 0.220230 0.112139 -0.531684
v 0.224753 0.115497 -0.542603
v 0.229320 0.119478 -0.553629
v 0.233943 0.124238 -0.564789
v 0.238631 0.129931 -0.576109
v 0.240826 0.144440 -0.581408
v 0.239879 0.158437 -0.579119
v 0.236311 0.172007 -0.570507
v 0.230648 0.185236 -0.556836
v 0.223414 0.198209 -0.539371
v 0.215132 0.211012 -0.519378
v 0.206327 0.223729 -0.498119
v 0.211331 0.236351 -0.510201
v 0.216272 0.249457 -0.522129
v 0.221086 0.263529 -0.533751
v 0.225711 0.279052 -0.544915
v 0.230081 0.296507 -0.555465
v 0.234134 0.316380 -0.565251
v 0.237807 0.339153 -0.574118
v 0.239236 0.368308 -0.577569
v 0.235861 0.397976 -0.569421
v 0.228482 0.428073 -0.551607
v 0.217901 0.458511 -0.526061
v 0.204917 0.489207 -0.494715
v 0.190332 0.520074 -0.459504
v 0.174946 0.551026 -0.422359
v 0.168305 0.567812 -0.406325
v 0.163303 0.587688 -0.394250
v 0.159667 0.610139 -0.385473
v 0.157125 0.634651 -0.379335
v 0.155403 0.660708 -0.375176
v 0.154226 0.687795 -0.372337
v 0.153323 0.715397 -0.370157
v 0.125804 0.715394 -0.303719
v 0.125774 0.756489 -0.303646
v 0.127964 0.761501 -0.308934
v 0.130082 0.766527 -0.314048
v 0.132056 0.771580 -0.318812
v 0.133812 0.776675 -0.323053
v 0.135280 0.781826 -0.326596
v 0.136385 0.787047 -0.329266
v 0.137058 0.792351 -0.330889
v 0.136879 0.802410 -0.330458
v 0.134875 0.811897 -0.325618
v 0.131349 0.820907 -0.317106
v 0.126605 0.829535 -0.305653
v 0.120948 0.837877 -0.291996
v 0.114682 0.846029 -0.276870
v 0.108112 0.854085 -0.261009
v 0.078552 1.157144 -0.189642
v 0.073871 1.206519 -0.178342
v 0.070579 1.255779 -0.170392
v 0.068442 1.304945 -0.165234
v 0.067230 1.354034 -0.162309
v 0.066713 1.403066 -0.161060
v 0.066657 1.452060 -0.160926
v 0.066833 1.501035 -0.161351
v 0.129735 1.501295 -0.313210
v 0.127105 1.525945 -0.306860
v 0.124416 1.550121 -0.300368
v 0.121609 1.573350 -0.293592
v 0.118626 1.595160 -0.286390
v 0.115407 1.615075 -0.278620
v 0.111895 1.632624 -0.270140
v 0.108030 1.647332 -0.260808
v 0.104579 1.655081 -0.252478
v 0.099323 1.662533 -0.239789
v 0.092564 1.669738 -0.223470
v 0.084601 1.676745 -0.204246
v 0.075735 1.683604 -0.182842
v 0.066268 1.690364 -0.159987
v 0.056500 1.697075 -0.136405
v 0.056500 1.732948 -0.136405
v 0.064027 1.745477 -0.154576
v 0.071523 1.758484 -0.172674
v 0.078959 1.772448 -0.190625
v 0.086303 1.787849 -0.208356
v 0.093527 1.805163 -0.225795
v 0.100598 1.824870 -0.242866
v 0.107487 1.847448 -0.259499
v 0.115374 1.883937 -0.278538
v 0.121032 1.926864 -0.292198
v 0.124644 1.973232 -0.300919
v 0.126393 2.020044 -0.305141
v 0.126461 2.064299 -0.305306
v 0.125032 2.103000 -0.301854
v 0.122286 2.133149 -0.295226
v 0.119545 2.149994 -0.288609
v 0.115095 2.172233 -0.277865
v 0.109150 2.197956 -0.263513
v 0.101923 2.225252 -0.246066
v 0.093630 2.252209 -0.226044
v 0.084483 2.276918 -0.203961
v 0.074696 2.297467 -0.180333
v 0.065395 2.313621 -0.157878
v 0.056110 2.328421 -0.135461
v 0.046556 2.341502 -0.112398
v 0.036453 2.352503 -0.088005
v 0.025514 2.361058 -0.061598
v 0.013458 2.366805 -0.032491
v 0.100680 0.011959 -0.506155
v 0.100680 0.051713 -0.506155
v 0.105434 0.051713 -0.530055
v 0.105434 0.104244 -0.530055
v 0.107706 0.106668 -0.541477
v 0.109983 0.109248 -0.552926
v 0.112272 0.112139 -0.564432
v 0.114578 0.115497 -0.576024
v 0.116906 0.119478 -0.587729
v 0.119262 0.124238 -0.599576
v 0.121653 0.129931 -0.611594
v 0.122772 0.144440 -0.617219
v 0.122289 0.158437 -0.614789
v 0.120470 0.172007 -0.605647
v 0.117583 0.185236 -0.591134
v 0.113895 0.198209 -0.572593
v 0.109674 0.211012 -0.551368
v 0.105185 0.223729 -0.528800
v 0.107736 0.236351 -0.541626
v 0.110254 0.249457 -0.554289
v 0.112708 0.263529 -0.566628
v 0.115066 0.279052 -0.578478
v 0.117294 0.296507 -0.589679
v 0.119360 0.316380 -0.600067
v 0.121232 0.339153 -0.609481
v 0.121961 0.368308 -0.613144
v 0.120241 0.397976 -0.604494
v 0.116479 0.428073 -0.585583
v 0.111084 0.458511 -0.558463
v 0.104466 0.489207 -0.525187
v 0.097030 0.520074 -0.487806
v 0.089187 0.551026 -0.448373
v 0.085801 0.567812 -0.431352
v 0.083251 0.587688 -0.418533
v 0.081398 0.610139 -0.409216
v 0.080101 0.634651 -0.402700
v 0.079223 0.660708 -0.398285
v 0.078624 0.687795 -0.395271
v 0.078163 0.715397 -0.392957
v 0.064134 0.715394 -0.322426
v 0.064119 0.756489 -0.322348
v 0.065235 0.761501 -0.327963
v 0.066315 0.766527 -0.333391
v 0.067321 0.771580 -0.338450
v 0.068217 0.776675 -0.342952
v 0.068965 0.781826 -0.346712
v 0.069529 0.787047 -0.349547
v 0.069871 0.792351 -0.351269
v 0.069780 0.802410 -0.350812
v 0.068759 0.811897 -0.345675
v 0.066961 0.820907 -0.336637
v 0.064542 0.829535 -0.324479
v 0.061659 0.837877 -0.309982
v 0.058464 0.846029 -0.293924
v 0.055115 0.854085 -0.277085
v 0.040045 1.157144 -0.201323
v 0.037659 1.206519 -0.189327
v 0.035980 1.255779 -0.180887
v 0.034891 1.304945 -0.175411
v 0.034274 1.354034 -0.172306
v 0.034010 1.403066 -0.170979
v 0.033981 1.452060 -0.170838
v 0.034071 1.501035 -0.171289
v 0.066138 1.501295 -0.332502
v 0.064798 1.525945 -0.325761
v 0.063427 1.550121 -0.318869
v 0.061996 1.573350 -0.311675
v 0.060475 1.595160 -0.304030
v 0.058834 1.615075 -0.295781
v 0.057043 1.632624 -0.286779
v 0.055073 1.647332 -0.276872
v 0.053314 1.655081 -0.268029
v 0.050634 1.662533 -0.254559
v 0.047189 1.669738 -0.237235
v 0.043129 1.676745 -0.216826
v 0.038609 1.683604 -0.194104
v 0.033783 1.690364 -0.169841
v 0.028804 1.697075 -0.144806
v 0.028804 1.732948 -0.144806
v 0.032640 1.745477 -0.164097
v 0.036462 1.758484 -0.183309
v 0.040253 1.772448 -0.202366
v 0.043997 1.787849 -0.221190
v 0.047679 1.805163 -0.239702
v 0.051284 1.824870 -0.257826
v 0.054797 1.847448 -0.275483
v 0.058817 1.883937 -0.295694
v 0.061702 1.926864 -0.310196
v 0.063543 1.973232 -0.319454
v 0.064435 2.020044 -0.323936
v 0.064470 2.064299 -0.324111
v 0.063741 2.103000 -0.320447
v 0.062341 2.133149 -0.313411
v 0.060943 2.149994 -0.306385
v 0.058675 2.172233 -0.294980
v 0.055644 2.197956 -0.279744
v 0.051960 2.225252 -0.261223
v 0.047732 2.252209 -0.239967
v 0.043069 2.276918 -0.216523
v 0.038079 2.297467 -0.191441
v 0.033338 2.313621 -0.167602
v 0.028604 2.328421 -0.143804
v 0.023734 2.341502 -0.119321
v 0.018583 2.352503 -0.093425
v 0.013007 2.361058 -0.065391
v 0.006861 2.366805 -0.034492
v -0.000000 0.011959 -0.516072
v -0.000000 0.051713 -0.516072
v -0.000000 0.051713 -0.540440
v -0.000000 0.104244 -0.540440
v -0.000000 0.106668 -0.552084
v -0.000000 0.109248 -0.563758
v -0.000000 0.112139 -0.575490
v -0.000000 0.115497 -0.587309
v -0.000000 0.119478 -0.599243
v -0.000000 0.124238 -0.611323
v -0.000000 0.129931 -0.623576
v -0.000000 0.144440 -0.629311
v -0.000000 0.158437 -0.626833
v -0.000000 0.172007 -0.617512
v -0.000000 0.185236 -0.602715
v -0.000000 0.198209 -0.583812
v -0.000000 0.211012 -0.562170
v -0.000000 0.223729 -0.539160
v -0.000000 0.236351 -0.552237
v -0.000000 0.249457 -0.565148
v -0.000000 0.263529 -0.577728
v -0.000000 0.279052 -0.589811
v -0.000000 0.296507 -0.601231
v -0.000000 0.316380 -0.611823
v -0.000000 0.339153 -0.621421
v -0.000000 0.368308 -0.625156
v -0.000000 0.397976 -0.616336
v 0.000000 0.428073 -0.597055
v 0.000000 0.458511 -0.569404
v 0.000000 0.489207 -0.535476
v 0.000000 0.520074 -0.497363
v 0.000000 0.551026 -0.457158
v 0.000000 0.567812 -0.439803
v 0.000000 0.587688 -0.426733
v 0.000000 0.610139 -0.417233
v 0.000000 0.634651 -0.410589
v 0.000000 0.660708 -0.406088
v 0.000000 0.687795 -0.403015
v 0.000000 0.715397 -0.400655
v 0.000000 0.715394 -0.328743
v 0.000000 0.756489 -0.328664
v 0.000000 0.761501 -0.334387
v 0.000000 0.766527 -0.339923
v 0.000000 0.771580 -0.345080
v 0.000000 0.776675 -0.349670
v 0.000000 0.781826 -0.353505
v 0.000000 0.787047 -0.356395
v 0.000000 0.792351 -0.358151
v 0.000000 0.802410 -0.357685
v 0.000000 0.811897 -0.352447
v 0.000000 0.820907 -0.343232
v 0.000000 0.829535 -0.330836
v 0.000000 0.837877 -0.316054
v 0.000000 0.846029 -0.299681
v 0.000000 0.854085 -0.282514
v 0.000000 1.157144 -0.205267
v 0.000000 1.206519 -0.193036
v 0.000000 1.255779 -0.184431
v 0.000000 1.304945 -0.178848
v 0.000000 1.354034 -0.175682
v 0.000000 1.403066 -0.174329
v 0.000000 1.452060 -0.174185
v 0.000000 1.501035 -0.174645
v 0.000000 1.501295 -0.339016
v 0.000000 1.525945 -0.332142
v 0.000000 1.550121 -0.325116
v 0.000000 1.573350 -0.317782
v 0.000000 1.595160 -0.309986
v 0.000000 1.615075 -0.301576
v 0.000000 1.632624 -0.292397
v 0.000000 1.647332 -0.282297
v 0.000000 1.655081 -0.273280
v 0.000000 1.662533 -0.259546
v 0.000000 1.669738 -0.241882
v 0.000000 1.676745 -0.221074
v 0.000000 1.683604 -0.197907
v 0.000000 1.690364 -0.173168
v 0.000000 1.697075 -0.147643
v 0.000000 1.732948 -0.147643
v 0.000000 1.745477 -0.167311
v 0.000000 1.758484 -0.186900
v 0.000000 1.772448 -0.206331
v 0.000000 1.787849 -0.225523
v 0.000000 1.805163 -0.244398
v 0.000000 1.824870 -0.262877
v 0.000000 1.847448 -0.280879
v 0.000000 1.883937 -0.301487
v 0.000000 1.926864 -0.316273
v 0.000000 1.973232 -0.325712
v 0.000000 2.020044 -0.330282
v 0.000000 2.064299 -0.330461
v 0.000000 2.103000 -0.326725
v 0.000000 2.133149 -0.319551
v 0.000000 2.149994 -0.312388
v 0.000000 2.172233 -0.300759
v 0.000000 2.197956 -0.285224
v 0.000000 2.225252 -0.266340
v 0.000000 2.252209 -0.244668
v 0.000000 2.276918 -0.220765
v 0.000000 2.297467 -0.195191
v 0.000000 2.313621 -0.170885
v 0.000000 2.328421 -0.146622
v 0.000000 2.341502 -0.121659
v 0.000000 2.352503 -0.095256
v 0.000000 2.361058 -0.066673
v 0.000000 2.366805 -0.035168
v -0.100681 0.011959 -0.506155
v -0.100681 0.051713 -0.506155
v -0.105435 0.051713 -0.530055
v -0.105435 0.104244 -0.530055
v -0.107707 0.106668 -0.541477
v -0.109984 0.109248 -0.552925
v -0.112273 0.112139 -0.564432
v -0.114578 0.115497 -0.576024
v -0.116907 0.119478 -0.587729
v -0.119263 0.124238 -0.599576
v -0.121654 0.129931 -0.611594
v -0.122772 0.144440 -0.617219
v -0.122290 0.158437 -0.614789
v -0.120471 0.172007 -0.605647
v -0.117584 0.185236 -0.591134
v -0.113896 0.198209 -0.572593
v -0.109674 0.211012 -0.551368
v -0.105185 0.223729 -0.528800
v -0.107737 0.236351 -0.541626
v -0.110255 0.249457 -0.554289
v -0.112709 0.263529 -0.566627
v -0.115067 0.279052 -0.578478
v -0.117294 0.296507 -0.589679
v -0.119361 0.316380 -0.600067
v -0.121233 0.339153 -0.609481
v -0.121962 0.368308 -0.613144
v -0.120242 0.397976 -0.604494
v -0.116480 0.428073 -0.585583
v -0.111085 0.458511 -0.558463
v -0.104466 0.489207 -0.525187
v -0.097031 0.520074 -0.487806
v -0.089187 0.551026 -0.448373
v -0.085801 0.567812 -0.431352
v -0.083252 0.587688 -0.418533
v -0.081398 0.610139 -0.409216
v -0.080102 0.634651 -0.402700
v -0.079224 0.660708 -0.398285
v -0.078624 0.687795 -0.395270
v -0.078164 0.715397 -0.392956
v -0.064135 0.715394 -0.322426
v -0.064119 0.756489 -0.322348
v -0.065236 0.761501 -0.327962
v -0.066316 0.766527 -0.333391
v -0.067322 0.771580 -0.338449
v -0.068217 0.776675 -0.342952
v -0.068966 0.781826 -0.346712
v -0.069529 0.787047 -0.349547
v -0.069872 0.792351 -0.351269
v -0.069781 0.802410 -0.350812
v -0.068759 0.811897 -0.345675
v -0.066961 0.820907 -0.336637
v -0.064543 0.829535 -0.324479
v -0.061659 0.837877 -0.309982
v -0.058465 0.846029 -0.293923
v -0.055116 0.854085 -0.277085
v -0.040046 1.157144 -0.201323
v -0.037659 1.206519 -0.189327
v -0.035981 1.255779 -0.180887
v -0.034891 1.304945 -0.175411
v -0.034274 1.354034 -0.172306
v -0.034010 1.403066 -0.170979
v -0.033982 1.452060 -0.170838
v -0.034071 1.501035 -0.171289
v -0.066138 1.501295 -0.332502
v -0.064798 1.525945 -0.325761
v -0.063427 1.550121 -0.318868
v -0.061996 1.573350 -0.311675
v -0.060475 1.595160 -0.304030
v -0.058834 1.615075 -0.295781
v -0.057044 1.632624 -0.286779
v -0.055073 1.647332 -0.276872
v -0.053314 1.655081 -0.268029
v -0.050635 1.662533 -0.254559
v -0.047189 1.669738 -0.237234
v -0.043129 1.676745 -0.216826
v -0.038609 1.683604 -0.194104
v -0.033783 1.690364 -0.169841
v -0.028804 1.697075 -0.144806
v -0.028804 1.732948 -0.144806
v -0.032641 1.745477 -0.164096
v -0.036462 1.758484 -0.183309
v -0.040253 1.772448 -0.202366
v -0.043997 1.787849 -0.221190
v -0.047680 1.805163 -0.239702
v -0.051284 1.824870 -0.257826
v -0.054797 1.847448 -0.275483
v -0.058817 1.883937 -0.295694
v -0.061702 1.926864 -0.310196
v -0.063543 1.973232 -0.319454
v -0.064435 2.020044 -0.323936
v -0.064470 2.064299 -0.324111
v -0.063741 2.103000 -0.320447
v -0.062341 2.133149 -0.313411
v -0.060944 2.149994 -0.306385
v -0.058675 2.172233 -0.294980
v -0.055644 2.197956 -0.279743
v -0.051960 2.225252 -0.261223
v -0.047732 2.252209 -0.239967
v -0.043069 2.276918 -0.216523
v -0.038079 2.297467 -0.191441
v -0.033338 2.313621 -0.167602
v -0.028604 2.328421 -0.143804
v -0.023734 2.341502 -0.119321
v -0.018583 2.352503 -0.093425
v -0.013007 2.361058 -0.065391
v -0.006861 2.366805 -0.034492
v -0.197492 0.011959 -0.476788
v -0.197492 0.051713 -0.476788
v -0.206817 0.051713 -0.499301
v -0.206817 0.104244 -0.499301
v -0.211274 0.106668 -0.510060
v -0.215741 0.109248 -0.520845
v -0.220231 0.112139 -0.531683
v -0.224753 0.115497 -0.542603
v -0.229321 0.119478 -0.553629
v -0.233943 0.124238 -0.564788
v -0.238632 0.129931 -0.576109
v -0.240827 0.144440 -0.581408
v -0.239879 0.158437 -0.579119
v -0.236312 0.172007 -0.570507
v -0.230649 0.185236 -0.556836
v -0.223415 0.198209 -0.539371
v -0.215133 0.211012 -0.519378
v -0.206328 0.223729 -0.498119
v -0.211332 0.236351 -0.510200
v -0.216273 0.249457 -0.522129
v -0.221087 0.263529 -0.533751
v -0.225711 0.279052 -0.544914
v -0.230081 0.296507 -0.555465
v -0.234135 0.316380 -0.565251
v -0.237808 0.339153 -0.574118
v -0.239237 0.368308 -0.577569
v -0.235862 0.397976 -0.569421
v -0.228483 0.428073 -0.551607
v -0.217901 0.458511 -0.526061
v -0.204918 0.489207 -0.494715
v -0.190333 0.520074 -0.459504
v -0.174947 0.551026 -0.422359
v -0.168305 0.567812 -0.406325
v -0.163304 0.587688 -0.394250
v -0.159668 0.610139 -0.385473
v -0.157125 0.634651 -0.379335
v -0.155403 0.660708 -0.375176
v -0.154227 0.687795 -0.372337
v -0.153324 0.715397 -0.370157
v -0.125805 0.715394 -0.303719
v -0.125774 0.756489 -0.303645
v -0.127965 0.761501 -0.308934
v -0.130083 0.766527 -0.314047
v -0.132056 0.771580 -0.318812
v -0.133813 0.776675 -0.323053
v -0.135280 0.781826 -0.326596
v -0.136386 0.787047 -0.329266
v -0.137059 0.792351 -0.330889
v -0.136880 0.802410 -0.330458
v -0.134875 0.811897 -0.325618
v -0.131349 0.820907 -0.317105
v -0.126605 0.829535 -0.305653
v -0.120949 0.837877 -0.291996
v -0.114683 0.846029 -0.276869
v -0.108113 0.854085 -0.261008
v -0.078552 1.157144 -0.189642
v -0.073871 1.206519 -0.178342
v -0.070579 1.255779 -0.170392
v -0.068442 1.304945 -0.165234
v -0.067231 1.354034 -0.162309
v -0.066713 1.403066 -0.161060
v -0.066657 1.452060 -0.160926
v -0.066834 1.501035 -0.161351
v -0.129736 1.501295 -0.313210
v -0.127105 1.525945 -0.306860
v -0.124416 1.550121 -0.300368
v -0.121609 1.573350 -0.293592
v -0.118626 1.595160 -0.286390
v -0.115408 1.615075 -0.278620
v -0.111895 1.632624 -0.270140
v -0.108030 1.647332 -0.260808
v -0.104579 1.655081 -0.252478
v -0.099323 1.662533 -0.239789
v -0.092564 1.669738 -0.223470
v -0.084601 1.676745 -0.204246
v -0.075736 1.683604 -0.182842
v -0.066269 1.690364 -0.159987
v -0.056500 1.697075 -0.136405
v -0.056500 1.732948 -0.136405
v -0.064027 1.745477 -0.154576
v -0.071524 1.758484 -0.172674
v -0.078959 1.772448 -0.190624
v -0.086304 1.787849 -0.208356
v -0.093527 1.805163 -0.225795
v -0.100599 1.824870 -0.242866
v -0.107488 1.847448 -0.259499
v -0.115374 1.883937 -0.278538
v -0.121032 1.926864 -0.292198
v -0.124644 1.973232 -0.300919
v -0.126394 2.020044 -0.305141
v -0.126462 2.064299 -0.305306
v -0.125032 2.103000 -0.301854
v -0.122286 2.133149 -0.295226
v -0.119545 2.149994 -0.288609
v -0.115095 2.172233 -0.277865
v -0.109150 2.197956 -0.263513
v -0.101923 2.225252 -0.246066
v -0.093630 2.252209 -0.226044
v -0.084483 2.276918 -0.203961
v -0.074696 2.297467 -0.180333
v -0.065395 2.313621 -0.157878
v -0.056110 2.328421 -0.135461
v -0.046556 2.341502 -0.112398
v -0.036453 2.352503 -0.088005
v -0.025514 2.361058 -0.061598
v -0.013458 2.366805 -0.032491
v -0.286714 0.011959 -0.429098
v -0.286714 0.051713 -0.429098
v -0.300252 0.051713 -0.449359
v -0.300252 0.104244 -0.449359
v -0.306721 0.106668 -0.459041
v -0.313207 0.109248 -0.468748
v -0.319725 0.112139 -0.478502
v -0.326291 0.115497 -0.488329
v -0.332922 0.119478 -0.498253
v -0.339633 0.124238 -0.508296
v -0.346440 0.129931 -0.518484
v -0.349626 0.144440 -0.523253
v -0.348250 0.158437 -0.521193
v -0.343071 0.172007 -0.513443
v -0.334851 0.185236 -0.501139
v -0.324348 0.198209 -0.485421
v -0.312325 0.211012 -0.467427
v -0.299541 0.223729 -0.448295
v -0.306806 0.236351 -0.459168
v -0.313979 0.249457 -0.469904
v -0.320969 0.263529 -0.480363
v -0.327681 0.279052 -0.490410
v -0.334026 0.296507 -0.499905
v -0.339911 0.316380 -0.508713
v -0.345243 0.339153 -0.516693
v -0.347318 0.368308 -0.519798
v -0.342418 0.397976 -0.512465
v -0.331706 0.428073 -0.496433
v -0.316344 0.458511 -0.473442
v -0.297494 0.489207 -0.445232
v -0.276320 0.520074 -0.413542
v -0.253983 0.551026 -0.380112
v -0.244341 0.567812 -0.365683
v -0.237080 0.587688 -0.354815
v -0.231802 0.610139 -0.346916
v -0.228111 0.634651 -0.341393
v -0.225610 0.660708 -0.337649
v -0.223903 0.687795 -0.335094
v -0.222592 0.715397 -0.333132
v -0.182640 0.715394 -0.273340
v -0.182595 0.756489 -0.273274
v -0.185775 0.761501 -0.278033
v -0.188851 0.766527 -0.282635
v -0.191716 0.771580 -0.286923
v -0.194266 0.776675 -0.290740
v -0.196396 0.781826 -0.293928
v -0.198002 0.787047 -0.296332
v -0.198978 0.792351 -0.297792
v -0.198719 0.802410 -0.297404
v -0.195809 0.811897 -0.293049
v -0.190689 0.820907 -0.285387
v -0.183802 0.829535 -0.275080
v -0.175590 0.837877 -0.262789
v -0.166494 0.846029 -0.249176
v -0.156956 0.854085 -0.234902
v -0.114040 1.157144 -0.170673
v -0.107244 1.206519 -0.160504
v -0.102464 1.255779 -0.153349
v -0.099362 1.304945 -0.148707
v -0.097603 1.354034 -0.146075
v -0.096852 1.403066 -0.144949
v -0.096771 1.452060 -0.144830
v -0.097027 1.501035 -0.145212
v -0.188347 1.501295 -0.281882
v -0.184528 1.525945 -0.276167
v -0.180624 1.550121 -0.270324
v -0.176549 1.573350 -0.264226
v -0.172219 1.595160 -0.257744
v -0.167546 1.615075 -0.250751
v -0.162447 1.632624 -0.243119
v -0.156835 1.647332 -0.234721
v -0.151826 1.655081 -0.227224
v -0.144196 1.662533 -0.215805
v -0.134382 1.669738 -0.201118
v -0.122821 1.676745 -0.183816
v -0.109951 1.683604 -0.164554
v -0.096206 1.690364 -0.143984
v -0.082026 1.697075 -0.122761
v -0.082026 1.732948 -0.122761
v -0.092953 1.745477 -0.139115
v -0.103836 1.758484 -0.155402
v -0.114631 1.772448 -0.171558
v -0.125293 1.787849 -0.187516
v -0.135780 1.805163 -0.203210
v -0.146046 1.824870 -0.218574
v -0.156048 1.847448 -0.233543
v -0.167497 1.883937 -0.250678
v -0.175711 1.926864 -0.262971
v -0.180956 1.973232 -0.270820
v -0.183495 2.020044 -0.274620
v -0.183594 2.064299 -0.274768
v -0.181518 2.103000 -0.271662
v -0.177532 2.133149 -0.265697
v -0.173553 2.149994 -0.259741
v -0.167092 2.172233 -0.250072
v -0.158461 2.197956 -0.237155
v -0.147970 2.225252 -0.221454
v -0.135930 2.252209 -0.203434
v -0.122650 2.276918 -0.183560
v -0.108442 2.297467 -0.162296
v -0.094938 2.313621 -0.142086
v -0.081458 2.328421 -0.121912
v -0.067589 2.341502 -0.101156
v -0.052921 2.352503 -0.079203
v -0.037041 2.361058 -0.055436
v -0.019538 2.366805 -0.029241
v -0.364918 0.011959 -0.364918
v -0.364918 0.051713 -0.364918
v -0.382148 0.051713 -0.382148
v -0.382148 0.104244 -0.382148
v -0.390382 0.106668 -0.390383
v -0.398637 0.109248 -0.398637
v -0.406933 0.112139 -0.406933
v -0.415290 0.115498 -0.415290
v -0.423729 0.119478 -0.423729
v -0.432270 0.124238 -0.432270
v -0.440934 0.129931 -0.440935
v -0.444990 0.144440 -0.444990
v -0.443238 0.158437 -0.443238
v -0.436647 0.172007 -0.436647
v -0.426183 0.185236 -0.426184
v -0.412816 0.198209 -0.412817
v -0.397514 0.211012 -0.397514
v -0.381243 0.223729 -0.381243
v -0.390490 0.236351 -0.390490
v -0.399620 0.249457 -0.399620
v -0.408515 0.263529 -0.408516
v -0.417059 0.279052 -0.417059
v -0.425134 0.296507 -0.425135
v -0.432624 0.316380 -0.432624
v -0.439410 0.339153 -0.439411
v -0.442052 0.368308 -0.442052
v -0.435816 0.397976 -0.435816
v -0.422181 0.428073 -0.422182
v -0.402629 0.458512 -0.402630
v -0.378638 0.489207 -0.378639
v -0.351688 0.520074 -0.351689
v -0.323259 0.551026 -0.323259
v -0.310987 0.567812 -0.310988
v -0.301745 0.587688 -0.301746
v -0.295028 0.610139 -0.295028
v -0.290330 0.634651 -0.290331
v -0.287147 0.660708 -0.287148
v -0.284974 0.687795 -0.284974
v -0.283306 0.715397 -0.283306
v -0.232456 0.715394 -0.232456
v -0.232400 0.756489 -0.232400
v -0.236447 0.761501 -0.236448
v -0.240361 0.766527 -0.240361
v -0.244008 0.771580 -0.244008
v -0.247254 0.776675 -0.247254
v -0.249965 0.781826 -0.249966
v -0.252009 0.787047 -0.252009
v -0.253251 0.792351 -0.253252
v -0.252921 0.802410 -0.252922
v -0.249217 0.811897 -0.249218
v -0.242702 0.820907 -0.242702
v -0.233936 0.829535 -0.233937
v -0.223484 0.837877 -0.223484
v -0.211906 0.846029 -0.211907
v -0.199767 0.854085 -0.199767
v -0.145145 1.157144 -0.145146
v -0.136496 1.206519 -0.136497
v -0.130412 1.255779 -0.130413
v -0.126464 1.304945 -0.126465
v -0.124226 1.354034 -0.124226
v -0.123269 1.403066 -0.123270
v -0.123167 1.452060 -0.123168
v -0.123492 1.501035 -0.123493
v -0.239720 1.501295 -0.239721
v -0.234860 1.525945 -0.234860
v -0.229891 1.550121 -0.229892
v -0.224705 1.573350 -0.224706
v -0.219193 1.595160 -0.219193
v -0.213246 1.615075 -0.213246
v -0.206755 1.632624 -0.206756
v -0.199613 1.647332 -0.199614
v -0.193237 1.655081 -0.193238
v -0.183526 1.662533 -0.183527
v -0.171036 1.669738 -0.171037
v -0.156322 1.676745 -0.156323
v -0.139941 1.683604 -0.139942
v -0.122448 1.690364 -0.122448
v -0.104399 1.697075 -0.104400
v -0.104399 1.732948 -0.104400
v -0.118306 1.745477 -0.118307
v -0.132158 1.758484 -0.132159
v -0.145897 1.772448 -0.145898
v -0.159468 1.787849 -0.159469
v -0.172815 1.805163 -0.172816
v -0.185881 1.824870 -0.185882
v -0.198611 1.847448 -0.198612
v -0.213183 1.883937 -0.213184
v -0.223638 1.926864 -0.223639
v -0.230312 1.973232 -0.230313
v -0.233544 2.020044 -0.233545
v -0.233670 2.064299 -0.233671
v -0.231029 2.103000 -0.231030
v -0.225956 2.133149 -0.225957
v -0.220891 2.149994 -0.220892
v -0.212668 2.172233 -0.212669
v -0.201683 2.197956 -0.201684
v -0.188331 2.225252 -0.188331
v -0.173006 2.252209 -0.173007
v -0.156104 2.276918 -0.156105
v -0.138020 2.297467 -0.138022
v -0.120833 2.313621 -0.120834
v -0.103676 2.328421 -0.103678
v -0.086025 2.341502 -0.086026
v -0.067355 2.352503 -0.067356
v -0.047144 2.361058 -0.047145
v -0.024867 2.366805 -0.024868
v -0.429097 0.011959 -0.286714
v -0.429097 0.051713 -0.286714
v -0.449359 0.051713 -0.300252
v -0.449359 0.104244 -0.300252
v -0.459041 0.106668 -0.306721
v -0.468748 0.109248 -0.313208
v -0.478502 0.112139 -0.319725
v -0.488329 0.115498 -0.326292
v -0.498252 0.119479 -0.332922
v -0.508296 0.124238 -0.339633
v -0.518484 0.129931 -0.346440
v -0.523253 0.144440 -0.349627
v -0.521193 0.158437 -0.348250
v -0.513442 0.172007 -0.343072
v -0.501139 0.185237 -0.334851
v -0.485421 0.198209 -0.324348
v -0.467427 0.211012 -0.312325
v -0.448295 0.223729 -0.299541
v -0.459168 0.236351 -0.306806
v -0.469903 0.249457 -0.313979
v -0.480363 0.263529 -0.320969
v -0.490410 0.279052 -0.327682
v -0.499905 0.296508 -0.334026
v -0.508712 0.316380 -0.339911
v -0.516692 0.339153 -0.345243
v -0.519798 0.368308 -0.347318
v -0.512465 0.397976 -0.342418
v -0.496433 0.428073 -0.331706
v -0.473442 0.458512 -0.316344
v -0.445231 0.489207 -0.297495
v -0.413542 0.520074 -0.276320
v -0.380112 0.551026 -0.253983
v -0.365682 0.567812 -0.244342
v -0.354815 0.587688 -0.237080
v -0.346916 0.610139 -0.231802
v -0.341392 0.634651 -0.228111
v -0.337649 0.660708 -0.225610
v -0.335094 0.687795 -0.223903
v -0.333132 0.715397 -0.222592
v -0.273339 0.715394 -0.182640
v -0.273273 0.756489 -0.182596
v -0.278032 0.761501 -0.185776
v -0.282634 0.766527 -0.188851
v -0.286923 0.771580 -0.191716
v -0.290740 0.776675 -0.194266
v -0.293928 0.781826 -0.196397
v -0.296331 0.787047 -0.198002
v -0.297791 0.792351 -0.198978
v -0.297404 0.802410 -0.198719
v -0.293048 0.811897 -0.195809
v -0.285387 0.820907 -0.190690
v -0.275080 0.829535 -0.183803
v -0.262789 0.837877 -0.175590
v -0.249175 0.846029 -0.166494
v -0.234901 0.854085 -0.156956
v -0.170672 1.157144 -0.114040
v -0.160503 1.206519 -0.107245
v -0.153348 1.255779 -0.102465
v -0.148706 1.304945 -0.099363
v -0.146074 1.354034 -0.097604
v -0.144949 1.403066 -0.096853
v -0.144829 1.452060 -0.096772
v -0.145211 1.501035 -0.097028
v -0.281881 1.501295 -0.188348
v -0.276166 1.525945 -0.184529
v -0.270323 1.550121 -0.180625
v -0.264225 1.573350 -0.176550
v -0.257743 1.595160 -0.172219
v -0.250750 1.615075 -0.167547
v -0.243118 1.632624 -0.162447
v -0.234720 1.647332 -0.156836
v -0.227223 1.655081 -0.151827
v -0.215804 1.662533 -0.144197
v -0.201117 1.669738 -0.134383
v -0.183815 1.676745 -0.122822
v -0.164553 1.683604 -0.109952
v -0.143983 1.690364 -0.096207
v -0.122760 1.697075 -0.082026
v -0.122760 1.732948 -0.082026
v -0.139114 1.745477 -0.092954
v -0.155401 1.758484 -0.103837
v -0.171557 1.772448 -0.114632
v -0.187515 1.787849 -0.125294
v -0.203209 1.805163 -0.135781
v -0.218574 1.824870 -0.146047
v -0.233542 1.847448 -0.156049
v -0.250677 1.883937 -0.167498
v -0.262970 1.926864 -0.175712
v -0.270819 1.973232 -0.180956
v -0.274619 2.020044 -0.183496
v -0.274768 2.064299 -0.183594
v -0.271661 2.103000 -0.181519
v -0.265696 2.133149 -0.177533
v -0.259740 2.149994 -0.173554
v -0.250071 2.172233 -0.167093
v -0.237154 2.197956 -0.158462
v -0.221453 2.225252 -0.147971
v -0.203433 2.252209 -0.135931
v -0.183559 2.276918 -0.122651
v -0.162295 2.297467 -0.108443
v -0.142085 2.313621 -0.094940
v -0.121911 2.328421 -0.081459
v -0.101154 2.341502 -0.067591
v -0.079202 2.352503 -0.052922
v -0.055436 2.361058 -0.037042
v -0.029240 2.366805 -0.019539
v -0.476787 0.011959 -0.197492
v -0.476787 0.051713 -0.197492
v -0.499300 0.051713 -0.206817
v -0.499300 0.104244 -0.206817
v -0.510059 0.106668 -0.211274
v -0.520844 0.109248 -0.215741
v -0.531683 0.112139 -0.220231
v -0.542602 0.115498 -0.224753
v -0.553628 0.119479 -0.229321
v -0.564788 0.124238 -0.233943
v -0.576108 0.129931 -0.238632
v -0.581407 0.144440 -0.240827
v -0.579118 0.158437 -0.239879
v -0.570506 0.172007 -0.236312
v -0.556836 0.185237 -0.230649
v -0.539371 0.198209 -0.223415
v -0.519377 0.211012 -0.215133
v -0.498118 0.223729 -0.206328
v -0.510200 0.236351 -0.211332
v -0.522128 0.249457 -0.216273
v -0.533750 0.263529 -0.221087
v -0.544914 0.279052 -0.225711
v -0.555465 0.296508 -0.230081
v -0.565251 0.316380 -0.234135
v -0.574117 0.339153 -0.237808
v -0.577568 0.368308 -0.239237
v -0.569420 0.397976 -0.235862
v -0.551607 0.428073 -0.228483
v -0.526060 0.458512 -0.217902
v -0.494714 0.489207 -0.204918
v -0.459503 0.520074 -0.190333
v -0.422358 0.551026 -0.174947
v -0.406324 0.567812 -0.168306
v -0.394249 0.587688 -0.163304
v -0.385472 0.610139 -0.159668
v -0.379334 0.634651 -0.157126
v -0.375175 0.660708 -0.155403
v -0.372336 0.687795 -0.154227
v -0.370156 0.715397 -0.153324
v -0.303718 0.715394 -0.125805
v -0.303645 0.756489 -0.125774
v -0.308933 0.761501 -0.127965
v -0.314047 0.766527 -0.130083
v -0.318812 0.771580 -0.132057
v -0.323053 0.776675 -0.133813
v -0.326595 0.781826 -0.135281
v -0.329265 0.787047 -0.136386
v -0.330888 0.792351 -0.137059
v -0.330457 0.802410 -0.136880
v -0.325618 0.811897 -0.134876
v -0.317105 0.820907 -0.131350
v -0.305652 0.829535 -0.126606
v -0.291995 0.837877 -0.120949
v -0.276869 0.846029 -0.114683
v -0.261008 0.854085 -0.108113
v -0.189641 1.157144 -0.078553
v -0.178341 1.206519 -0.073872
v -0.170391 1.255779 -0.070579
v -0.165233 1.304945 -0.068442
v -0.162308 1.354034 -0.067231
v -0.161059 1.403066 -0.066714
v -0.160925 1.452060 -0.066658
v -0.161350 1.501035 -0.066834
v -0.313209 1.501295 -0.129736
v -0.306859 1.525945 -0.127106
v -0.300367 1.550121 -0.124417
v -0.293591 1.573350 -0.121610
v -0.286389 1.595160 -0.118627
v -0.278619 1.615075 -0.115408
v -0.270139 1.632624 -0.111896
v -0.260807 1.647332 -0.108031
v -0.252477 1.655081 -0.104580
v -0.239789 1.662533 -0.099324
v -0.223469 1.669738 -0.092565
v -0.204245 1.676745 -0.084602
v -0.182842 1.683604 -0.075736
v -0.159986 1.690364 -0.066269
v -0.136404 1.697075 -0.056501
v -0.136404 1.732948 -0.056501
v -0.154575 1.745477 -0.064028
v -0.172673 1.758484 -0.071524
v -0.190624 1.772448 -0.078960
v -0.208355 1.787849 -0.086305
v -0.225794 1.805163 -0.093528
v -0.242865 1.824870 -0.100599
v -0.259498 1.847448 -0.107488
v -0.278537 1.883937 -0.115375
v -0.292197 1.926864 -0.121033
v -0.300918 1.973232 -0.124645
v -0.305140 2.020044 -0.126394
v -0.305305 2.064299 -0.126463
v -0.301853 2.103000 -0.125033
v -0.295225 2.133149 -0.122288
v -0.288608 2.149994 -0.119546
v -0.277864 2.172233 -0.115096
v -0.263511 2.197956 -0.109151
v -0.246066 2.225252 -0.101924
v -0.226043 2.252209 -0.093631
v -0.203960 2.276918 -0.084484
v -0.180332 2.297467 -0.074697
v -0.157877 2.313621 -0.065396
v -0.135460 2.328421 -0.056110
v -0.112397 2.341502 -0.046557
v -0.088004 2.352503 -0.036454
v -0.061597 2.361058 -0.025515
v -0.032490 2.366805 -0.013459
v -0.506155 0.011959 -0.100681
v -0.506155 0.051713 -0.100681
v -0.530055 0.051713 -0.105435
v -0.530055 0.104244 -0.105435
v -0.541476 0.106668 -0.107707
v -0.552925 0.109248 -0.109984
v -0.564432 0.112139 -0.112273
v -0.576023 0.115498 -0.114579
v -0.587728 0.119479 -0.116907
v -0.599576 0.124238 -0.119263
v -0.611593 0.129931 -0.121654
v -0.617219 0.144440 -0.122773
v -0.614789 0.158437 -0.122290
v -0.605646 0.172007 -0.120471
v -0.591133 0.185237 -0.117584
v -0.572593 0.198209 -0.113896
v -0.551367 0.211012 -0.109675
v -0.528800 0.223729 -0.105185
v -0.541625 0.236351 -0.107737
v -0.554288 0.249457 -0.110255
v -0.566627 0.263529 -0.112709
v -0.578478 0.279052 -0.115067
v -0.589678 0.296508 -0.117294
v -0.600067 0.316380 -0.119361
v -0.609480 0.339153 -0.121233
v -0.613143 0.368308 -0.121962
v -0.604493 0.397976 -0.120242
v -0.585582 0.428073 -0.116480
v -0.558462 0.458512 -0.111085
v -0.525186 0.489207 -0.104466
v -0.487805 0.520074 -0.097031
v -0.448372 0.551026 -0.089188
v -0.431351 0.567812 -0.085802
v -0.418532 0.587688 -0.083252
v -0.409215 0.610139 -0.081399
v -0.402699 0.634651 -0.080102
v -0.398284 0.660708 -0.079224
v -0.395270 0.687795 -0.078625
v -0.392956 0.715397 -0.078164
v -0.322426 0.715394 -0.064135
v -0.322347 0.756489 -0.064120
v -0.327962 0.761501 -0.065236
v -0.333390 0.766527 -0.066316
v -0.338449 0.771580 -0.067322
v -0.342951 0.776675 -0.068218
v -0.346712 0.781826 -0.068966
v -0.349546 0.787047 -0.069530
v -0.351269 0.792351 -0.069872
v -0.350812 0.802410 -0.069781
v -0.345674 0.811897 -0.068760
v -0.336636 0.820907 -0.066962
v -0.324478 0.829535 -0.064543
v -0.309981 0.837877 -0.061659
v -0.293923 0.846029 -0.058465
v -0.277085 0.854085 -0.055116
v -0.201322 1.157144 -0.040046
v -0.189326 1.206519 -0.037660
v -0.180886 1.255779 -0.035981
v -0.175411 1.304945 -0.034892
v -0.172306 1.354034 -0.034275
v -0.170979 1.403066 -0.034010
v -0.170837 1.452060 -0.033982
v -0.171288 1.501035 -0.034072
v -0.332501 1.501295 -0.066139
v -0.325760 1.525945 -0.064799
v -0.318868 1.550121 -0.063428
v -0.311674 1.573350 -0.061996
v -0.304029 1.595160 -0.060476
v -0.295780 1.615075 -0.058835
v -0.286778 1.632624 -0.057045
v -0.276871 1.647332 -0.055074
v -0.268028 1.655081 -0.053315
v -0.254558 1.662533 -0.050635
v -0.237233 1.669738 -0.047190
v -0.216825 1.676745 -0.043130
v -0.194103 1.683604 -0.038610
v -0.169840 1.690364 -0.033784
v -0.144805 1.697075 -0.028804
v -0.144805 1.732948 -0.028804
v -0.164096 1.745477 -0.032641
v -0.183308 1.758484 -0.036463
v -0.202365 1.772448 -0.040254
v -0.221189 1.787849 -0.043998
v -0.239701 1.805163 -0.047680
v -0.257825 1.824870 -0.051285
v -0.275482 1.847448 -0.054798
v -0.295694 1.883937 -0.058818
v -0.310195 1.926864 -0.061702
v -0.319453 1.973232 -0.063544
v -0.323935 2.020044 -0.064436
v -0.324110 2.064299 -0.064470
v -0.320446 2.103000 -0.063742
v -0.313410 2.133149 -0.062342
v -0.306384 2.149994 -0.060945
v -0.294979 2.172233 -0.058676
v -0.279742 2.197956 -0.055645
v -0.261222 2.225252 -0.051961
v -0.239966 2.252209 -0.047733
v -0.216522 2.276918 -0.043070
v -0.191440 2.297467 -0.038081
v -0.167601 2.313621 -0.033339
v -0.143803 2.328421 -0.028606
v -0.119320 2.341502 -0.023735
v -0.093425 2.352503 -0.018584
v -0.065391 2.361058 -0.013008
v -0.034491 2.366805 -0.006862
v -0.516071 0.011959 -0.000000
v -0.516071 0.051713 -0.000000
v -0.540439 0.051713 -0.000000
v -0.540439 0.104244 -0.000000
v -0.552083 0.106668 -0.000000
v -0.563758 0.109248 -0.000000
v -0.575489 0.112139 -0.000000
v -0.587308 0.115498 -0.000000
v -0.599243 0.119479 -0.000000
v -0.611322 0.124238 -0.000000
v -0.623575 0.129931 -0.000000
v -0.629311 0.144440 -0.000000
v -0.626833 0.158437 -0.000000
v -0.617511 0.172007 -0.000000
v -0.602714 0.185237 -0.000000
v -0.583811 0.198209 -0.000000
v -0.562169 0.211012 -0.000000
v -0.539159 0.223729 -0.000000
v -0.552236 0.236351 -0.000000
v -0.565147 0.249457 -0.000000
v -0.577727 0.263529 -0.000000
v -0.589810 0.279052 -0.000000
v -0.601230 0.296508 -0.000000
v -0.611822 0.316380 -0.000000
v -0.621420 0.339153 -0.000000
v -0.625155 0.368308 -0.000000
v -0.616336 0.397976 -0.000000
v -0.597054 0.428073 -0.000000
v -0.569403 0.458512 -0.000000
v -0.535475 0.489207 -0.000000
v -0.497362 0.520074 -0.000000
v -0.457157 0.551026 -0.000000
v -0.439802 0.567812 -0.000000
v -0.426732 0.587688 -0.000000
v -0.417232 0.610139 -0.000000
v -0.410588 0.634651 -0.000000
v -0.406087 0.660708 -0.000000
v -0.403014 0.687795 -0.000001
v -0.400654 0.715397 -0.000001
v -0.328742 0.715394 -0.000001
v -0.328663 0.756489 -0.000001
v -0.334387 0.761501 -0.000001
v -0.339922 0.766527 -0.000001
v -0.345079 0.771580 -0.000001
v -0.349669 0.776675 -0.000001
v -0.353504 0.781826 -0.000001
v -0.356394 0.787047 -0.000001
v -0.358150 0.792351 -0.000001
v -0.357684 0.802410 -0.000001
v -0.352446 0.811897 -0.000001
v -0.343231 0.820907 -0.000001
v -0.330835 0.829535 -0.000001
v -0.316053 0.837877 -0.000001
v -0.299680 0.846029 -0.000001
v -0.282513 0.854085 -0.000001
v -0.205266 1.157144 -0.000001
v -0.193035 1.206519 -0.000001
v -0.184430 1.255779 -0.000001
v -0.178847 1.304945 -0.000001
v -0.175681 1.354034 -0.000001
v -0.174328 1.403066 -0.000001
v -0.174184 1.452060 -0.000001
v -0.174644 1.501035 -0.000001
v -0.339015 1.501295 -0.000001
v -0.332142 1.525945 -0.000001
v -0.325114 1.550121 -0.000001
v -0.317780 1.573350 -0.000001
v -0.309985 1.595160 -0.000001
v -0.301575 1.615075 -0.000001
v -0.292396 1.632624 -0.000001
v -0.282296 1.647332 -0.000001
v -0.273279 1.655081 -0.000001
v -0.259545 1.662533 -0.000001
v -0.241881 1.669738 -0.000001
v -0.221073 1.676745 -0.000001
v -0.197906 1.683604 -0.000001
v -0.173167 1.690364 -0.000001
v -0.147642 1.697075 -0.000001
v -0.147642 1.732948 -0.000001
v -0.167310 1.745477 -0.000001
v -0.186899 1.758484 -0.000001
v -0.206330 1.772448 -0.000001
v -0.225522 1.787849 -0.000001
v -0.244397 1.805163 -0.000001
v -0.262876 1.824870 -0.000001
v -0.280878 1.847448 -0.000001
v -0.301486 1.883937 -0.000001
v -0.316272 1.926864 -0.000001
v -0.325711 1.973232 -0.000001
v -0.330281 2.020044 -0.000001
v -0.330460 2.064299 -0.000001
v -0.326724 2.103000 -0.000001
v -0.319550 2.133149 -0.000001
v -0.312387 2.149994 -0.000001
v -0.300758 2.172233 -0.000001
v -0.285222 2.197956 -0.000001
v -0.266339 2.225252 -0.000001
v -0.244667 2.252209 -0.000001
v -0.220764 2.276918 -0.000001
v -0.195190 2.297467 -0.000001
v -0.170884 2.313621 -0.000001
v -0.146621 2.328421 -0.000001
v -0.121658 2.341502 -0.000001
v -0.095255 2.352503 -0.000001
v -0.066672 2.361058 -0.000001
v -0.035166 2.366805 -0.000001
v -0.506155 0.011959 0.100680
v -0.506155 0.051713 0.100680
v -0.530055 0.051713 0.105434
v -0.530055 0.104244 0.105434
v -0.541476 0.106668 0.107706
v -0.552925 0.109248 0.109983
v -0.564432 0.112139 0.112272
v -0.576023 0.115498 0.114578
v -0.587728 0.119479 0.116906
v -0.599575 0.124238 0.119263
v -0.611593 0.129931 0.121653
v -0.617218 0.144440 0.122772
v -0.614788 0.158437 0.122289
v -0.605646 0.172007 0.120470
v -0.591133 0.185237 0.117583
v -0.572593 0.198209 0.113895
v -0.551367 0.211012 0.109674
v -0.528799 0.223729 0.105185
v -0.541625 0.236351 0.107736
v -0.554288 0.249457 0.110254
v -0.566626 0.263529 0.112708
v -0.578477 0.279052 0.115066
v -0.589678 0.296508 0.117294
v -0.600066 0.316380 0.119360
v -0.609480 0.339153 0.121232
v -0.613143 0.368308 0.121961
v -0.604493 0.397976 0.120241
v -0.585582 0.428073 0.116479
v -0.558462 0.458512 0.111084
v -0.525186 0.489207 0.104465
v -0.487805 0.520074 0.097030
v -0.448372 0.551026 0.089187
v -0.431351 0.567812 0.085801
v -0.418532 0.587688 0.083251
v -0.409215 0.610139 0.081398
v -0.402699 0.634651 0.080101
v -0.398284 0.660708 0.079223
v -0.395270 0.687795 0.078623
v -0.392956 0.715397 0.078163
v -0.322425 0.715394 0.064134
v -0.322347 0.756489 0.064118
v -0.327961 0.761501 0.065235
v -0.333390 0.766527 0.066315
v -0.338448 0.771580 0.067321
v -0.342951 0.776675 0.068217
v -0.346711 0.781826 0.068965
v -0.349546 0.787047 0.069529
v -0.351269 0.792351 0.069871
v -0.350812 0.802410 0.069780
v -0.345674 0.811897 0.068758
v -0.336636 0.820907 0.066961
v -0.324478 0.829535 0.064542
v -0.309981 0.837877 0.061659
v -0.293922 0.846029 0.058464
v -0.277084 0.854085 0.055115
v -0.201321 1.157144 0.040045
v -0.189326 1.206519 0.037658
v -0.180886 1.255779 0.035980
v -0.175410 1.304945 0.034890
v -0.172305 1.354034 0.034273
v -0.170979 1.403066 0.034009
v -0.170837 1.452060 0.033981
v -0.171288 1.501035 0.034071
v -0.332501 1.501295 0.066137
v -0.325760 1.525945 0.064797
v -0.318867 1.550121 0.063426
v -0.311674 1.573350 0.061995
v -0.304029 1.595160 0.060474
v -0.295780 1.615075 0.058833
v -0.286778 1.632624 0.057043
v -0.276871 1.647332 0.055072
v -0.268028 1.655081 0.053313
v -0.254558 1.662533 0.050634
v -0.237233 1.669738 0.047188
v -0.216825 1.676745 0.043128
v -0.194103 1.683604 0.038609
v -0.169840 1.690364 0.033782
v -0.144805 1.697075 0.028803
v -0.144805 1.732948 0.028803
v -0.164095 1.745477 0.032640
v -0.183308 1.758484 0.036461
v -0.202365 1.772448 0.040252
v -0.221189 1.787849 0.043996
v -0.239701 1.805163 0.047679
v -0.257825 1.824870 0.051284
v -0.275481 1.847448 0.054796
v -0.295694 1.883937 0.058816
v -0.310195 1.926864 0.061701
v -0.319453 1.973232 0.063542
v -0.323935 2.020044 0.064434
v -0.324110 2.064299 0.064469
v -0.320446 2.103000 0.063740
v -0.313410 2.133149 0.062340
v -0.306384 2.149994 0.060943
v -0.294979 2.172233 0.058674
v -0.279742 2.197956 0.055643
v -0.261222 2.225252 0.051959
v -0.239966 2.252209 0.047731
v -0.216522 2.276918 0.043068
v -0.191440 2.297467 0.038079
v -0.167601 2.313621 0.033337
v -0.143803 2.328421 0.028603
v -0.119320 2.341502 0.023733
v -0.093425 2.352503 0.018582
v -0.065391 2.361058 0.013006
v -0.034491 2.366805 0.006860
v -0.476787 0.011959 0.197491
v -0.476787 0.051713 0.197491
v -0.499300 0.051713 0.206816
v -0.499300 0.104244 0.206816
v -0.510059 0.106668 0.211273
v -0.520844 0.109248 0.215740
v -0.531683 0.112139 0.220230
v -0.542602 0.115498 0.224752
v -0.553628 0.119479 0.229320
v -0.564787 0.124238 0.233942
v -0.576108 0.129931 0.238631
v -0.581407 0.144440 0.240826
v -0.579118 0.158437 0.239879
v -0.570506 0.172007 0.236311
v -0.556835 0.185237 0.230648
v -0.539371 0.198209 0.223414
v -0.519377 0.211012 0.215132
v -0.498118 0.223729 0.206327
v -0.510200 0.236351 0.211331
v -0.522128 0.249457 0.216272
v -0.533750 0.263529 0.221086
v -0.544914 0.279052 0.225710
v -0.555465 0.296508 0.230081
v -0.565250 0.316380 0.234134
v -0.574117 0.339153 0.237807
v -0.577568 0.368308 0.239236
v -0.569420 0.397976 0.235860
v -0.551606 0.428073 0.228482
v -0.526060 0.458512 0.217900
v -0.494714 0.489207 0.204917
v -0.459503 0.520074 0.190332
v -0.422358 0.551026 0.174946
v -0.406324 0.567812 0.168305
v -0.394249 0.587688 0.163303
v -0.385472 0.610139 0.159667
v -0.379334 0.634651 0.157125
v -0.375175 0.660708 0.155402
v -0.372336 0.687795 0.154226
v -0.370156 0.715397 0.153323
v -0.303718 0.715394 0.125804
v -0.303645 0.756489 0.125773
v -0.308933 0.761501 0.127964
v -0.314047 0.766527 0.130082
v -0.318811 0.771580 0.132055
v -0.323052 0.776675 0.133812
v -0.326595 0.781826 0.135279
v -0.329265 0.787047 0.136385
v -0.330888 0.792351 0.137058
v -0.330457 0.802410 0.136879
v -0.325618 0.811897 0.134875
v -0.317104 0.820907 0.131348
v -0.305652 0.829535 0.126605
v -0.291995 0.837877 0.120948
v -0.276869 0.846029 0.114682
v -0.261008 0.854085 0.108112
v -0.189641 1.157144 0.078551
v -0.178341 1.206519 0.073871
v -0.170391 1.255779 0.070578
v -0.165233 1.304945 0.068441
v -0.162308 1.354034 0.067230
v -0.161058 1.403066 0.066712
v -0.160925 1.452060 0.066656
v -0.161350 1.501035 0.066833
v -0.313209 1.501295 0.129735
v -0.306859 1.525945 0.127105
v -0.300367 1.550121 0.124415
v -0.293591 1.573350 0.121608
v -0.286389 1.595160 0.118625
v -0.278619 1.615075 0.115407
v -0.270139 1.632624 0.111894
v -0.260807 1.647332 0.108029
v -0.252477 1.655081 0.104578
v -0.239789 1.662533 0.099323
v -0.223469 1.669738 0.092563
v -0.204245 1.676745 0.084600
v -0.182842 1.683604 0.075734
v -0.159986 1.690364 0.066268
v -0.136404 1.697075 0.056499
v -0.136404 1.732948 0.056499
v -0.154575 1.745477 0.064026
v -0.172673 1.758484 0.071522
v -0.190624 1.772448 0.078958
v -0.208355 1.787849 0.086303
v -0.225794 1.805163 0.093526
v -0.242865 1.824870 0.100597
v -0.259498 1.847448 0.107486
v -0.278537 1.883937 0.115373
v -0.292197 1.926864 0.121031
v -0.300918 1.973232 0.124643
v -0.305140 2.020044 0.126392
v -0.305305 2.064299 0.126461
v -0.301853 2.103000 0.125031
v -0.295225 2.133149 0.122285
v -0.288608 2.149994 0.119544
v -0.277864 2.172233 0.115094
v -0.263511 2.197956 0.109149
v -0.246066 2.225252 0.101923
v -0.226043 2.252209 0.093629
v -0.203960 2.276918 0.084482
v -0.180332 2.297467 0.074695
v -0.157877 2.313621 0.065393
v -0.135460 2.328421 0.056108
v -0.112397 2.341502 0.046555
v -0.088004 2.352503 0.036452
v -0.061597 2.361058 0.025513
v -0.032490 2.366805 0.013457
v -0.429097 0.011959 0.286714
v -0.429097 0.051713 0.286714
v -0.449359 0.051713 0.300251
v -0.449359 0.104244 0.300251
v -0.459041 0.106668 0.306720
v -0.468747 0.109248 0.313207
v -0.478501 0.112139 0.319724
v -0.488328 0.115498 0.326291
v -0.498252 0.119479 0.332921
v -0.508295 0.124238 0.339631
v -0.518484 0.129931 0.346440
v -0.523253 0.144440 0.349626
v -0.521192 0.158437 0.348249
v -0.513442 0.172007 0.343071
v -0.501138 0.185237 0.334850
v -0.485421 0.198209 0.324347
v -0.467426 0.211012 0.312324
v -0.448294 0.223729 0.299540
v -0.459168 0.236351 0.306805
v -0.469903 0.249457 0.313979
v -0.480363 0.263529 0.320968
v -0.490409 0.279052 0.327680
v -0.499905 0.296508 0.334025
v -0.508712 0.316380 0.339910
v -0.516692 0.339153 0.345242
v -0.519798 0.368308 0.347317
v -0.512464 0.397976 0.342417
v -0.496432 0.428073 0.331705
v -0.473441 0.458512 0.316343
v -0.445231 0.489207 0.297494
v -0.413541 0.520074 0.276319
v -0.380112 0.551026 0.253982
v -0.365682 0.567812 0.244340
v -0.354814 0.587688 0.237079
v -0.346916 0.610139 0.231802
v -0.341392 0.634651 0.228110
v -0.337649 0.660708 0.225609
v -0.335093 0.687795 0.223902
v -0.333131 0.715397 0.222591
v -0.273339 0.715394 0.182639
v -0.273273 0.756489 0.182595
v -0.278032 0.761501 0.185774
v -0.282634 0.766527 0.188850
v -0.286922 0.771580 0.191715
v -0.290739 0.776675 0.194265
v -0.293927 0.781826 0.196395
v -0.296331 0.787047 0.198001
v -0.297791 0.792351 0.198977
v -0.297404 0.802410 0.198718
v -0.293048 0.811897 0.195808
v -0.285386 0.820907 0.190688
v -0.275079 0.829535 0.183801
v -0.262788 0.837877 0.175589
v -0.249175 0.846029 0.166493
v -0.234901 0.854085 0.156955
v -0.170672 1.157144 0.114039
v -0.160503 1.206519 0.107243
v -0.153348 1.255779 0.102463
v -0.148706 1.304945 0.099361
v -0.146074 1.354034 0.097602
v -0.144949 1.403066 0.096851
v -0.144829 1.452060 0.096771
v -0.145211 1.501035 0.097026
v -0.281881 1.501295 0.188346
v -0.276166 1.525945 0.184527
v -0.270323 1.550121 0.180623
v -0.264224 1.573350 0.176548
v -0.257743 1.595160 0.172218
v -0.250750 1.615075 0.167545
v -0.243118 1.632624 0.162445
v -0.234720 1.647332 0.156834
v -0.227223 1.655081 0.151825
v -0.215804 1.662533 0.144195
v -0.201117 1.669738 0.134381
v -0.183815 1.676745 0.122820
v -0.164553 1.683604 0.109950
v -0.143983 1.690364 0.096206
v -0.122760 1.697075 0.082025
v -0.122760 1.732948 0.082025
v -0.139114 1.745477 0.092952
v -0.155401 1.758484 0.103835
v -0.171557 1.772448 0.114630
v -0.187515 1.787849 0.125292
v -0.203209 1.805163 0.135779
v -0.218573 1.824870 0.146045
v -0.233542 1.847448 0.156047
v -0.250677 1.883937 0.167496
v -0.262970 1.926864 0.175710
v -0.270819 1.973232 0.180954
v -0.274619 2.020044 0.183494
v -0.274767 2.064299 0.183593
v -0.271661 2.103000 0.181517
v -0.265696 2.133149 0.177531
v -0.259740 2.149994 0.173552
v -0.250071 2.172233 0.167091
v -0.237154 2.197956 0.158461
v -0.221453 2.225252 0.147969
v -0.203433 2.252209 0.135928
v -0.183558 2.276918 0.122649
v -0.162295 2.297467 0.108441
v -0.142085 2.313621 0.094937
v -0.121911 2.328421 0.081457
v -0.101154 2.341502 0.067588
v -0.079202 2.352503 0.052920
v -0.055436 2.361058 0.037040
v -0.029240 2.366805 0.019536
v -0.364917 0.011959 0.364917
v -0.364917 0.051713 0.364917
v -0.382148 0.051713 0.382147
v -0.382148 0.104244 0.382147
v -0.390382 0.106668 0.390381
v -0.398636 0.109248 0.398636
v -0.406932 0.112139 0.406932
v -0.415289 0.115498 0.415289
v -0.423728 0.119479 0.423728
v -0.432269 0.124238 0.432269
v -0.440934 0.129931 0.440933
v -0.444989 0.144440 0.444989
v -0.443238 0.158437 0.443237
v -0.436646 0.172007 0.436646
v -0.426183 0.185237 0.426183
v -0.412816 0.198209 0.412815
v -0.397513 0.211012 0.397513
v -0.381243 0.223729 0.381242
v -0.390490 0.236351 0.390489
v -0.399619 0.249457 0.399619
v -0.408515 0.263529 0.408515
v -0.417058 0.279052 0.417059
v -0.425134 0.296508 0.425134
v -0.432623 0.316380 0.432624
v -0.439410 0.339153 0.439410
v -0.442051 0.368308 0.442051
v -0.435815 0.397976 0.435815
v -0.422181 0.428073 0.422180
v -0.402629 0.458512 0.402629
v -0.378638 0.489207 0.378638
v -0.351688 0.520074 0.351688
v -0.323259 0.551026 0.323258
v -0.310987 0.567812 0.310986
v -0.301745 0.587688 0.301745
v -0.295027 0.610139 0.295027
v -0.290330 0.634651 0.290329
v -0.287147 0.660708 0.287146
v -0.284973 0.687795 0.284973
v -0.283305 0.715397 0.283305
v -0.232455 0.715394 0.232455
v -0.232399 0.756489 0.232399
v -0.236447 0.761501 0.236447
v -0.240360 0.766527 0.240360
v -0.244008 0.771580 0.244008
v -0.247253 0.776675 0.247253
v -0.249965 0.781826 0.249965
v -0.252008 0.787047 0.252008
v -0.253250 0.792351 0.253250
v -0.252921 0.802410 0.252920
v -0.249217 0.811897 0.249217
v -0.242701 0.820907 0.242700
v -0.233936 0.829535 0.233935
v -0.223483 0.837877 0.223483
v -0.211906 0.846029 0.211905
v -0.199766 0.854085 0.199766
v -0.145145 1.157144 0.145144
v -0.136496 1.206519 0.136495
v -0.130412 1.255779 0.130411
v -0.126464 1.304945 0.126463
v -0.124225 1.354034 0.124225
v -0.123269 1.403066 0.123268
v -0.123167 1.452060 0.123166
v -0.123492 1.501035 0.123491
v -0.239720 1.501295 0.239719
v -0.234860 1.525945 0.234859
v -0.229890 1.550121 0.229890
v -0.224704 1.573350 0.224703
v -0.219192 1.595160 0.219191
v -0.213245 1.615075 0.213245
v -0.206755 1.632624 0.206754
v -0.199613 1.647332 0.199612
v -0.193237 1.655081 0.193236
v -0.183526 1.662533 0.183525
v -0.171036 1.669738 0.171035
v -0.156322 1.676745 0.156321
v -0.139941 1.683604 0.139940
v -0.122447 1.690364 0.122447
v -0.104399 1.697075 0.104398
v -0.104399 1.732948 0.104398
v -0.118306 1.745477 0.118305
v -0.132158 1.758484 0.132157
v -0.145897 1.772448 0.145896
v -0.159468 1.787849 0.159467
v -0.172815 1.805163 0.172814
v -0.185881 1.824870 0.185881
v -0.198611 1.847448 0.198610
v -0.213183 1.883937 0.213182
v -0.223638 1.926864 0.223637
v -0.230312 1.973232 0.230311
v -0.233544 2.020044 0.233543
v -0.233670 2.064299 0.233669
v -0.231028 2.103000 0.231028
v -0.225956 2.133149 0.225955
v -0.220891 2.149994 0.220890
v -0.212668 2.172233 0.212667
v -0.201683 2.197956 0.201682
v -0.188330 2.225252 0.188329
v -0.173006 2.252209 0.173005
v -0.156104 2.276918 0.156103
v -0.138020 2.297467 0.138019
v -0.120833 2.313621 0.120833
v -0.103676 2.328421 0.103675
v -0.086025 2.341502 0.086024
v -0.067355 2.352503 0.067354
v -0.047144 2.361058 0.047143
v -0.024867 2.366805 0.024866
v -0.286713 0.011959 0.429097
v -0.286713 0.051713 0.429097
v -0.300251 0.051713 0.449358
v -0.300251 0.104244 0.449358
v -0.306720 0.106668 0.459040
v -0.313207 0.109248 0.468747
v -0.319724 0.112139 0.478501
v -0.326290 0.115498 0.488328
v -0.332921 0.119479 0.498252
v -0.339632 0.124238 0.508295
v -0.346439 0.129931 0.518483
v -0.349626 0.144440 0.523252
v -0.348249 0.158437 0.521192
v -0.343070 0.172007 0.513442
v -0.334850 0.185237 0.501138
v -0.324347 0.198210 0.485420
v -0.312324 0.211012 0.467426
v -0.299540 0.223729 0.448294
v -0.306805 0.236351 0.459167
v -0.313979 0.249457 0.469903
v -0.320968 0.263529 0.480362
v -0.327681 0.279052 0.490409
v -0.334025 0.296508 0.499904
v -0.339910 0.316380 0.508711
v -0.345242 0.339153 0.516692
v -0.347317 0.368308 0.519797
v -0.342417 0.397976 0.512464
v -0.331705 0.428073 0.496432
v -0.316343 0.458512 0.473441
v -0.297494 0.489207 0.445230
v -0.276319 0.520074 0.413541
v -0.253982 0.551026 0.380111
v -0.244341 0.567812 0.365681
v -0.237079 0.587688 0.354814
v -0.231802 0.610139 0.346915
v -0.228110 0.634651 0.341391
v -0.225609 0.660708 0.337648
v -0.223902 0.687795 0.335092
v -0.222591 0.715397 0.333131
v -0.182639 0.715394 0.273339
v -0.182595 0.756489 0.273272
v -0.185775 0.761501 0.278032
v -0.188850 0.766527 0.282634
v -0.191715 0.771580 0.286922
v -0.194265 0.776675 0.290739
v -0.196396 0.781826 0.293927
v -0.198002 0.787047 0.296330
v -0.198977 0.792351 0.297790
v -0.198719 0.802410 0.297403
v -0.195808 0.811897 0.293047
v -0.190689 0.820907 0.285386
v -0.183802 0.829535 0.275078
v -0.175589 0.837877 0.262788
v -0.166493 0.846029 0.249174
v -0.156956 0.854085 0.234900
v -0.114039 1.157144 0.170671
v -0.107244 1.206519 0.160502
v -0.102464 1.255779 0.153347
v -0.099362 1.304945 0.148705
v -0.097603 1.354034 0.146073
v -0.096851 1.403066 0.144948
v -0.096771 1.452060 0.144828
v -0.097027 1.501035 0.145210
v -0.188347 1.501295 0.281880
v -0.184528 1.525945 0.276165
v -0.180624 1.550121 0.270322
v -0.176549 1.573350 0.264224
v -0.172218 1.595160 0.257742
v -0.167546 1.615075 0.250749
v -0.162446 1.632624 0.243117
v -0.156835 1.647332 0.234719
v -0.151825 1.655081 0.227222
v -0.144196 1.662533 0.215803
v -0.134382 1.669738 0.201116
v -0.122821 1.676745 0.183814
v -0.109951 1.683604 0.164552
v -0.096206 1.690364 0.143982
v -0.082026 1.697075 0.122759
v -0.082026 1.732948 0.122759
v -0.092953 1.745477 0.139113
v -0.103836 1.758484 0.155400
v -0.114631 1.772448 0.171556
v -0.125293 1.787849 0.187514
v -0.135780 1.805163 0.203208
v -0.146046 1.824870 0.218573
v -0.156047 1.847448 0.233541
v -0.167497 1.883937 0.250676
v -0.175711 1.926864 0.262969
v -0.180955 1.973232 0.270818
v -0.183494 2.020044 0.274618
v -0.183594 2.064299 0.274766
v -0.181518 2.103000 0.271660
v -0.177532 2.133149 0.265695
v -0.173553 2.149994 0.259739
v -0.167092 2.172233 0.250070
v -0.158461 2.197956 0.237153
v -0.147970 2.225252 0.221452
v -0.135929 2.252209 0.203432
v -0.122650 2.276918 0.183558
v -0.108442 2.297467 0.162294
v -0.094938 2.313621 0.142084
v -0.081458 2.328421 0.121910
v -0.067589 2.341502 0.101153
v -0.052921 2.352503 0.079200
v -0.037041 2.361058 0.055435
v -0.019538 2.366805 0.029239
v -0.197491 0.011959 0.476787
v -0.197491 0.051713 0.476787
v -0.206816 0.051713 0.499300
v -0.206816 0.104244 0.499300
v -0.211273 0.106668 0.510059
v -0.215740 0.109248 0.520843
v -0.220230 0.112139 0.531682
v -0.224752 0.115498 0.542601
v -0.229320 0.119479 0.553627
v -0.233942 0.124238 0.564787
v -0.238631 0.129931 0.576108
v -0.240826 0.144440 0.581406
v -0.239878 0.158437 0.579117
v -0.236311 0.172007 0.570505
v -0.230648 0.185237 0.556835
v -0.223414 0.198210 0.539370
v -0.215132 0.211012 0.519376
v -0.206327 0.223729 0.498118
v -0.211331 0.236351 0.510199
v -0.216272 0.249457 0.522128
v -0.221086 0.263529 0.533750
v -0.225710 0.279052 0.544913
v -0.230081 0.296508 0.555464
v -0.234134 0.316380 0.565250
v -0.237807 0.339153 0.574117
v -0.239236 0.368308 0.577567
v -0.235861 0.397976 0.569419
v -0.228482 0.428073 0.551605
v -0.217901 0.458512 0.526059
v -0.204917 0.489207 0.494714
v -0.190332 0.520074 0.459502
v -0.174946 0.551026 0.422357
v -0.168305 0.567812 0.406324
v -0.163303 0.587688 0.394248
v -0.159667 0.610139 0.385471
v -0.157125 0.634651 0.379333
v -0.155403 0.660708 0.375175
v -0.154226 0.687795 0.372335
v -0.153323 0.715397 0.370155
v -0.125804 0.715394 0.303717
v -0.125773 0.756489 0.303644
v -0.127964 0.761501 0.308932
v -0.130082 0.766527 0.314046
v -0.132056 0.771580 0.318811
v -0.133812 0.776675 0.323052
v -0.135280 0.781826 0.326594
v -0.136385 0.787047 0.329265
v -0.137058 0.792351 0.330887
v -0.136879 0.802410 0.330457
v -0.134875 0.811897 0.325618
v -0.131349 0.820907 0.317104
v -0.126605 0.829535 0.305651
v -0.120948 0.837877 0.291995
v -0.114682 0.846029 0.276868
v -0.108112 0.854085 0.261007
v -0.078551 1.157144 0.189640
v -0.073871 1.206519 0.178340
v -0.070578 1.255779 0.170390
v -0.068442 1.304945 0.165232
v -0.067230 1.354034 0.162307
v -0.066712 1.403066 0.161058
v -0.066657 1.452060 0.160924
v -0.066833 1.501035 0.161349
v -0.129735 1.501295 0.313208
v -0.127105 1.525945 0.306858
v -0.124416 1.550121 0.300365
v -0.121609 1.573350 0.293590
v -0.118626 1.595160 0.286388
v -0.115407 1.615075 0.278618
v -0.111895 1.632624 0.270138
v -0.108030 1.647332 0.260806
v -0.104579 1.655081 0.252476
v -0.099323 1.662533 0.239788
v -0.092564 1.669738 0.223468
v -0.084601 1.676745 0.204244
v -0.075735 1.683604 0.182840
v -0.066268 1.690364 0.159985
v -0.056500 1.697075 0.136403
v -0.056500 1.732948 0.136403
v -0.064027 1.745477 0.154573
v -0.071523 1.758484 0.172672
v -0.078959 1.772448 0.190623
v -0.086303 1.787849 0.208354
v -0.093527 1.805163 0.225793
v -0.100598 1.824870 0.242864
v -0.107487 1.847448 0.259497
v -0.115374 1.883937 0.278536
v -0.121032 1.926864 0.292196
v -0.124644 1.973232 0.300917
v -0.126393 2.020044 0.305139
v -0.126461 2.064299 0.305304
v -0.125032 2.103000 0.301852
v -0.122286 2.133149 0.295225
v -0.119545 2.149994 0.288606
v -0.115095 2.172233 0.277863
v -0.109150 2.197956 0.263510
v -0.101923 2.225252 0.246065
v -0.093630 2.252209 0.226042
v -0.084482 2.276918 0.203959
v -0.074696 2.297467 0.180331
v -0.065395 2.313621 0.157876
v -0.056109 2.328421 0.135458
v -0.046556 2.341502 0.112396
v -0.036453 2.352503 0.088003
v -0.025514 2.361058 0.061595
v -0.013458 2.366805 0.032489
v -0.100680 0.011959 0.506154
v -0.100680 0.051713 0.506154
v -0.105434 0.051713 0.530054
v -0.105434 0.104244 0.530054
v -0.107706 0.106668 0.541475
v -0.109983 0.109248 0.552925
v -0.112272 0.112139 0.564431
v -0.114578 0.115498 0.576023
v -0.116906 0.119479 0.587727
v -0.119263 0.124238 0.599575
v -0.121653 0.129931 0.611593
v -0.122772 0.144440 0.617218
v -0.122289 0.158437 0.614788
v -0.120470 0.172007 0.605645
v -0.117583 0.185237 0.591132
v -0.113895 0.198210 0.572592
v -0.109674 0.211012 0.551367
v -0.105185 0.223729 0.528799
v -0.107736 0.236351 0.541624
v -0.110254 0.249457 0.554287
v -0.112708 0.263529 0.566625
v -0.115066 0.279052 0.578477
v -0.117294 0.296508 0.589677
v -0.119360 0.316380 0.600065
v -0.121233 0.339153 0.609479
v -0.121962 0.368308 0.613143
v -0.120241 0.397976 0.604492
v -0.116479 0.428073 0.585581
v -0.111085 0.458512 0.558462
v -0.104466 0.489207 0.525185
v -0.097030 0.520074 0.487805
v -0.089187 0.551026 0.448372
v -0.085801 0.567812 0.431351
v -0.083251 0.587688 0.418532
v -0.081398 0.610139 0.409215
v -0.080101 0.634651 0.402698
v -0.079223 0.660708 0.398283
v -0.078624 0.687795 0.395269
v -0.078163 0.715397 0.392955
v -0.064134 0.715394 0.322425
v -0.064119 0.756489 0.322346
v -0.065235 0.761501 0.327961
v -0.066315 0.766527 0.333390
v -0.067321 0.771580 0.338448
v -0.068217 0.776675 0.342950
v -0.068965 0.781826 0.346711
v -0.069529 0.787047 0.349545
v -0.069871 0.792351 0.351268
v -0.069781 0.802410 0.350811
v -0.068759 0.811897 0.345673
v -0.066961 0.820907 0.336635
v -0.064542 0.829535 0.324477
v -0.061659 0.837877 0.309980
v -0.058465 0.846029 0.293922
v -0.055115 0.854085 0.277084
v -0.040045 1.157144 0.201321
v -0.037659 1.206519 0.189325
v -0.035980 1.255779 0.180886
v -0.034891 1.304945 0.175409
v -0.034274 1.354034 0.172304
v -0.034010 1.403066 0.170978
v -0.033981 1.452060 0.170836
v -0.034071 1.501035 0.171287
v -0.066138 1.501295 0.332500
v -0.064798 1.525945 0.325759
v -0.063427 1.550121 0.318866
v -0.061996 1.573350 0.311673
v -0.060475 1.595160 0.304027
v -0.058834 1.615075 0.295779
v -0.057043 1.632624 0.286776
v -0.055073 1.647332 0.276870
v -0.053314 1.655081 0.268027
v -0.050634 1.662533 0.254557
v -0.047189 1.669738 0.237232
v -0.043129 1.676745 0.216824
v -0.038609 1.683604 0.194102
v -0.033783 1.690364 0.169839
v -0.028804 1.697075 0.144804
v -0.028804 1.732948 0.144804
v -0.032640 1.745477 0.164094
v -0.036462 1.758484 0.183307
v -0.040253 1.772448 0.202364
v -0.043997 1.787849 0.221187
v -0.047679 1.805163 0.239700
v -0.051284 1.824870 0.257824
v -0.054797 1.847448 0.275481
v -0.058817 1.883937 0.295693
v -0.061702 1.926864 0.310193
v -0.063543 1.973232 0.319452
v -0.064435 2.020044 0.323933
v -0.064470 2.064299 0.324109
v -0.063741 2.103000 0.320445
v -0.062341 2.133149 0.313409
v -0.060944 2.149994 0.306383
v -0.058675 2.172233 0.294978
v -0.055644 2.197956 0.279741
v -0.051960 2.225252 0.261221
v -0.047732 2.252209 0.239964
v -0.043069 2.276918 0.216521
v -0.038079 2.297467 0.191439
v -0.033338 2.313621 0.167600
v -0.028604 2.328421 0.143802
v -0.023734 2.341502 0.119319
v -0.018583 2.352503 0.093424
v -0.013007 2.361058 0.065390
v -0.006861 2.366805 0.034490
v 0.000000 0.011959 0.516069
v 0.000000 0.051713 0.516069
v 0.000000 0.051713 0.540438
v 0.000000 0.104244 0.540438
v 0.000000 0.106668 0.552083
v 0.000000 0.109248 0.563757
v 0.000000 0.112139 0.575489
v 0.000000 0.115498 0.587307
v 0.000000 0.119479 0.599242
v 0.000000 0.124238 0.611321
v 0.000000 0.129931 0.623574
v 0.000000 0.144440 0.629310
v 0.000000 0.158437 0.626832
v 0.000000 0.172007 0.617510
v 0.000000 0.185237 0.602713
v 0.000000 0.198210 0.583810
v 0.000000 0.211012 0.562169
v 0.000000 0.223729 0.539158
v 0.000000 0.236351 0.552235
v 0.000000 0.249457 0.565146
v 0.000000 0.263529 0.577727
v 0.000000 0.279052 0.589809
v 0.000000 0.296508 0.601229
v 0.000000 0.316380 0.611822
v 0.000000 0.339153 0.621419
v 0.000000 0.368308 0.625155
v 0.000000 0.397976 0.616336
v 0.000000 0.428073 0.597053
v 0.000000 0.458512 0.569403
v 0.000000 0.489207 0.535474
v 0.000000 0.520074 0.497362
v 0.000000 0.551026 0.457156
v 0.000000 0.567812 0.439801
v 0.000000 0.587688 0.426731
v 0.000000 0.610139 0.417231
v 0.000000 0.634651 0.410587
v 0.000000 0.660708 0.406086
v 0.000000 0.687795 0.403013
v 0.000000 0.715397 0.400654
v 0.000000 0.715394 0.328741
v 0.000000 0.756489 0.328662
v 0.000000 0.761501 0.334385
v 0.000000 0.766527 0.339921
v 0.000000 0.771580 0.345078
v 0.000000 0.776675 0.349668
v 0.000000 0.781826 0.353503
v 0.000000 0.787047 0.356393
v 0.000000 0.792351 0.358149
v 0.000000 0.802410 0.357684
v 0.000000 0.811897 0.352445
v 0.000000 0.820907 0.343230
v 0.000000 0.829535 0.330834
v 0.000000 0.837877 0.316052
v 0.000000 0.846029 0.299679
v 0.000000 0.854085 0.282512
v 0.000000 1.157144 0.205265
v 0.000000 1.206519 0.193034
v 0.000000 1.255779 0.184429
v 0.000000 1.304945 0.178846
v 0.000000 1.354034 0.175680
v 0.000000 1.403066 0.174327
v 0.000000 1.452060 0.174183
v 0.000000 1.501035 0.174643
v 0.000000 1.501295 0.339015
v 0.000000 1.525945 0.332141
v 0.000000 1.550121 0.325113
v 0.000000 1.573350 0.317779
v 0.000000 1.595160 0.309984
v 0.000000 1.615075 0.301574
v 0.000000 1.632624 0.292396
v 0.000000 1.647332 0.282295
v 0.000000 1.655081 0.273278
v 0.000000 1.662533 0.259545
v 0.000000 1.669738 0.241880
v 0.000000 1.676745 0.221072
v 0.000000 1.683604 0.197905
v 0.000000 1.690364 0.173166
v 0.000000 1.697075 0.147641
v 0.000000 1.732948 0.147641
v 0.000000 1.745477 0.167309
v 0.000000 1.758484 0.186898
v 0.000000 1.772448 0.206329
v 0.000000 1.787849 0.225521
v 0.000000 1.805163 0.244396
v 0.000000 1.824870 0.262874
v 0.000000 1.847448 0.280877
v 0.000000 1.883937 0.301485
v 0.000000 1.926864 0.316270
v 0.000000 1.973232 0.325710
v 0.000000 2.020044 0.330280
v 0.000000 2.064299 0.330459
v 0.000000 2.103000 0.326723
v 0.000000 2.133149 0.319549
v 0.000000 2.149994 0.312386
v 0.000000 2.172233 0.300757
v 0.000000 2.197956 0.285222
v 0.000000 2.225252 0.266338
v 0.000000 2.252209 0.244666
v 0.000000 2.276918 0.220763
v 0.000000 2.297467 0.195189
v 0.000000 2.313621 0.170883
v 0.000000 2.328421 0.146619
v 0.000000 2.341502 0.121657
v 0.000000 2.352503 0.095254
v 0.000000 2.361058 0.066670
v 0.000000 2.366805 0.035166
v 0.100681 0.011959 0.506153
v 0.100681 0.051713 0.506153
v 0.105435 0.051713 0.530054
v 0.105435 0.104244 0.530054
v 0.107707 0.106668 0.541475
v 0.109984 0.109248 0.552924
v 0.112273 0.112139 0.564431
v 0.114579 0.115498 0.576022
v 0.116907 0.119479 0.587727
v 0.119263 0.124238 0.599574
v 0.121654 0.129931 0.611593
v 0.122773 0.144440 0.617217
v 0.122290 0.158437 0.614788
v 0.120471 0.172007 0.605645
v 0.117584 0.185237 0.591132
v 0.113896 0.198210 0.572592
v 0.109674 0.211012 0.551366
v 0.105185 0.223729 0.528798
v 0.107737 0.236351 0.541624
v 0.110255 0.249457 0.554287
v 0.112709 0.263529 0.566625
v 0.115067 0.279052 0.578477
v 0.117294 0.296508 0.589677
v 0.119361 0.316380 0.600065
v 0.121233 0.339153 0.609479
v 0.121962 0.368308 0.613142
v 0.120242 0.397976 0.604492
v 0.116480 0.428073 0.585581
v 0.111085 0.458512 0.558462
v 0.104466 0.489207 0.525185
v 0.097031 0.520074 0.487805
v 0.089187 0.551026 0.448372
v 0.085801 0.567812 0.431351
v 0.083252 0.587688 0.418532
v 0.081398 0.610139 0.409215
v 0.080102 0.634651 0.402698
v 0.079224 0.660708 0.398283
v 0.078624 0.687795 0.395269
v 0.078164 0.715397 0.392955
v 0.064135 0.715394 0.322425
v 0.064119 0.756489 0.322346
v 0.065236 0.761501 0.327961
v 0.066316 0.766527 0.333389
v 0.067322 0.771580 0.338448
v 0.068218 0.776675 0.342950
v 0.068966 0.781826 0.346710
v 0.069529 0.787047 0.349545
v 0.069872 0.792351 0.351268
v 0.069781 0.802410 0.350811
v 0.068759 0.811897 0.345673
v 0.066962 0.820907 0.336635
v 0.064543 0.829535 0.324477
v 0.061659 0.837877 0.309980
v 0.058465 0.846029 0.293921
v 0.055116 0.854085 0.277084
v 0.040046 1.157144 0.201320
v 0.037659 1.206519 0.189325
v 0.035981 1.255779 0.180886
v 0.034891 1.304945 0.175409
v 0.034274 1.354034 0.172304
v 0.034010 1.403066 0.170978
v 0.033982 1.452060 0.170836
v 0.034071 1.501035 0.171287
v 0.066139 1.501295 0.332500
v 0.064798 1.525945 0.325759
v 0.063427 1.550121 0.318866
v 0.061996 1.573350 0.311673
v 0.060475 1.595160 0.304027
v 0.058834 1.615075 0.295779
v 0.057044 1.632624 0.286776
v 0.055073 1.647332 0.276870
v 0.053314 1.655081 0.268026
v 0.050635 1.662533 0.254557
v 0.047189 1.669738 0.237232
v 0.043129 1.676745 0.216824
v 0.038609 1.683604 0.194102
v 0.033783 1.690364 0.169839
v 0.028804 1.697075 0.144804
v 0.028804 1.732948 0.144804
v 0.032641 1.745477 0.164094
v 0.036462 1.758484 0.183307
v 0.040253 1.772448 0.202364
v 0.043997 1.787849 0.221187
v 0.047680 1.805163 0.239700
v 0.051284 1.824870 0.257824
v 0.054797 1.847448 0.275481
v 0.058817 1.883937 0.295693
v 0.061702 1.926864 0.310193
v 0.063543 1.973232 0.319452
v 0.064435 2.020044 0.323933
v 0.064470 2.064299 0.324109
v 0.063741 2.103000 0.320444
v 0.062341 2.133149 0.313409
v 0.060944 2.149994 0.306383
v 0.058675 2.172233 0.294978
v 0.055644 2.197956 0.279741
v 0.051960 2.225252 0.261221
v 0.047733 2.252209 0.239964
v 0.043069 2.276918 0.216521
v 0.038079 2.297467 0.191439
v 0.033338 2.313621 0.167600
v 0.028605 2.328421 0.143802
v 0.023734 2.341502 0.119319
v 0.018583 2.352503 0.093424
v 0.013007 2.361058 0.065390
v 0.006861 2.366805 0.034490
v 0.197492 0.011959 0.476786
v 0.197492 0.051713 0.476786
v 0.206817 0.051713 0.499300
v 0.206817 0.104244 0.499300
v 0.211274 0.106668 0.510058
v 0.215741 0.109248 0.520843
v 0.220231 0.112139 0.531682
v 0.224753 0.115498 0.542601
v 0.229321 0.119479 0.553627
v 0.233943 0.124238 0.564787
v 0.238632 0.129931 0.576108
v 0.240827 0.144440 0.581406
v 0.239879 0.158437 0.579117
v 0.236312 0.172007 0.570505
v 0.230649 0.185237 0.556834
v 0.223415 0.198210 0.539370
v 0.215133 0.211012 0.519376
v 0.206328 0.223729 0.498117
v 0.211332 0.236351 0.510199
v 0.216273 0.249457 0.522127
v 0.221087 0.263529 0.533750
v 0.225711 0.279052 0.544913
v 0.230081 0.296508 0.555464
v 0.234135 0.316380 0.565250
v 0.237808 0.339153 0.574116
v 0.239237 0.368308 0.577567
v 0.235862 0.397976 0.569419
v 0.228483 0.428073 0.551605
v 0.217901 0.458512 0.526059
v 0.204918 0.489207 0.494714
v 0.190333 0.520074 0.459502
v 0.174947 0.551026 0.422357
v 0.168306 0.567812 0.406323
v 0.163304 0.587688 0.394248
v 0.159668 0.610139 0.385471
v 0.157125 0.634651 0.379333
v 0.155403 0.660708 0.375175
v 0.154227 0.687795 0.372334
v 0.153324 0.715397 0.370155
v 0.125805 0.715394 0.303717
v 0.125774 0.756489 0.303643
v 0.127965 0.761501 0.308932
v 0.130083 0.766527 0.314046
v 0.132056 0.771580 0.318810
v 0.133813 0.776675 0.323051
v 0.135280 0.781826 0.326594
v 0.136386 0.787047 0.329265
v 0.137059 0.792351 0.330887
v 0.136880 0.802410 0.330456
v 0.134876 0.811897 0.325617
v 0.131349 0.820907 0.317103
v 0.126605 0.829535 0.305650
v 0.120949 0.837877 0.291994
v 0.114683 0.846029 0.276868
v 0.108113 0.854085 0.261006
v 0.078552 1.157144 0.189640
v 0.073871 1.206519 0.178340
v 0.070579 1.255779 0.170390
v 0.068442 1.304945 0.165232
v 0.067231 1.354034 0.162307
v 0.066713 1.403066 0.161057
v 0.066657 1.452060 0.160924
v 0.066834 1.501035 0.161349
v 0.129736 1.501295 0.313208
v 0.127105 1.525945 0.306858
v 0.124416 1.550121 0.300365
v 0.121610 1.573350 0.293589
v 0.118626 1.595160 0.286388
v 0.115408 1.615075 0.278618
v 0.111895 1.632624 0.270138
v 0.108030 1.647332 0.260806
v 0.104579 1.655081 0.252476
v 0.099324 1.662533 0.239787
v 0.092564 1.669738 0.223468
v 0.084601 1.676745 0.204244
v 0.075736 1.683604 0.182840
v 0.066269 1.690364 0.159985
v 0.056500 1.697075 0.136403
v 0.056500 1.732948 0.136403
v 0.064027 1.745477 0.154573
v 0.071524 1.758484 0.172671
v 0.078959 1.772448 0.190623
v 0.086304 1.787849 0.208354
v 0.093527 1.805163 0.225793
v 0.100599 1.824870 0.242864
v 0.107488 1.847448 0.259497
v 0.115374 1.883937 0.278536
v 0.121032 1.926864 0.292196
v 0.124644 1.973232 0.300917
v 0.126394 2.020044 0.305139
v 0.126462 2.064299 0.305304
v 0.125032 2.103000 0.301852
v 0.122287 2.133149 0.295225
v 0.119545 2.149994 0.288606
v 0.115095 2.172233 0.277863
v 0.109150 2.197956 0.263510
v 0.101923 2.225252 0.246065
v 0.093630 2.252209 0.226042
v 0.084483 2.276918 0.203959
v 0.074696 2.297467 0.180331
v 0.065395 2.313621 0.157876
v 0.056110 2.328421 0.135458
v 0.046556 2.341502 0.112396
v 0.036453 2.352503 0.088003
v 0.025514 2.361058 0.061595
v 0.013458 2.366805 0.032489
v 0.286714 0.011959 0.429096
v 0.286714 0.051713 0.429096
v 0.300252 0.051713 0.449358
v 0.300252 0.104244 0.449358
v 0.306721 0.106668 0.459039
v 0.313208 0.109248 0.468746
v 0.319725 0.112139 0.478500
v 0.326291 0.115498 0.488328
v 0.332922 0.119479 0.498251
v 0.339633 0.124238 0.508294
v 0.346440 0.129931 0.518483
v 0.349626 0.144440 0.523252
v 0.348250 0.158437 0.521192
v 0.343071 0.172007 0.513441
v 0.334851 0.185237 0.501138
v 0.324348 0.198210 0.485420
v 0.312325 0.211012 0.467426
v 0.299541 0.223729 0.448293
v 0.306806 0.236351 0.459167
v 0.313979 0.249457 0.469902
v 0.320969 0.263529 0.480362
v 0.327681 0.279052 0.490408
v 0.334026 0.296508 0.499904
v 0.339911 0.316380 0.508711
v 0.345243 0.339153 0.516691
v 0.347318 0.368308 0.519797
v 0.342418 0.397976 0.512463
v 0.331706 0.428073 0.496431
v 0.316344 0.458512 0.473441
v 0.297494 0.489207 0.445230
v 0.276320 0.520074 0.413540
v 0.253983 0.551026 0.380110
v 0.244341 0.567812 0.365681
v 0.237080 0.587688 0.354814
v 0.231802 0.610139 0.346914
v 0.228111 0.634651 0.341391
v 0.225610 0.660708 0.337648
v 0.223903 0.687795 0.335092
v 0.222592 0.715397 0.333130
v 0.182640 0.715394 0.273338
v 0.182595 0.756489 0.273272
v 0.185775 0.761501 0.278031
v 0.188851 0.766527 0.282634
v 0.191716 0.771580 0.286921
v 0.194266 0.776675 0.290738
v 0.196396 0.781826 0.293926
v 0.198002 0.787047 0.296330
v 0.198978 0.792351 0.297789
v 0.198719 0.802410 0.297403
v 0.195809 0.811897 0.293047
v 0.190689 0.820907 0.285386
v 0.183802 0.829535 0.275078
v 0.175590 0.837877 0.262787
v 0.166494 0.846029 0.249174
v 0.156956 0.854085 0.234900
v 0.114040 1.157144 0.170671
v 0.107244 1.206519 0.160502
v 0.102464 1.255779 0.153347
v 0.099362 1.304945 0.148705
v 0.097603 1.354034 0.146073
v 0.096852 1.403066 0.144948
v 0.096771 1.452060 0.144828
v 0.097027 1.501035 0.145210
v 0.188347 1.501295 0.281879
v 0.184528 1.525945 0.276164
v 0.180624 1.550121 0.270321
v 0.176550 1.573350 0.264224
v 0.172219 1.595160 0.257742
v 0.167546 1.615075 0.250749
v 0.162447 1.632624 0.243117
v 0.156836 1.647332 0.234719
v 0.151826 1.655081 0.227222
v 0.144196 1.662533 0.215803
v 0.134382 1.669738 0.201116
v 0.122821 1.676745 0.183814
v 0.109951 1.683604 0.164552
v 0.096206 1.690364 0.143982
v 0.082026 1.697075 0.122759
v 0.082026 1.732948 0.122759
v 0.092953 1.745477 0.139112
v 0.103836 1.758484 0.155400
v 0.114631 1.772448 0.171556
v 0.125293 1.787849 0.187514
v 0.135780 1.805163 0.203208
v 0.146046 1.824870 0.218573
v 0.156048 1.847448 0.233541
v 0.167497 1.883937 0.250676
v 0.175711 1.926864 0.262969
v 0.180956 1.973232 0.270818
v 0.183495 2.020044 0.274618
v 0.183594 2.064299 0.274766
v 0.181518 2.103000 0.271660
v 0.177532 2.133149 0.265695
v 0.173553 2.149994 0.259739
v 0.167092 2.172233 0.250070
v 0.158461 2.197956 0.237153
v 0.147970 2.225252 0.221452
v 0.135930 2.252209 0.203432
v 0.122650 2.276918 0.183558
v 0.108442 2.297467 0.162294
v 0.094938 2.313621 0.142084
v 0.081458 2.328421 0.121910
v 0.067589 2.341502 0.101153
v 0.052921 2.352503 0.079200
v 0.037041 2.361058 0.055434
v 0.019538 2.366805 0.029239
v 0.364918 0.011959 0.364916
v 0.364918 0.051713 0.364916
v 0.382148 0.051713 0.382147
v 0.382148 0.104244 0.382147
v 0.390383 0.106668 0.390381
v 0.398637 0.109248 0.398635
v 0.406933 0.112139 0.406931
v 0.415290 0.115498 0.415288
v 0.423729 0.119479 0.423727
v 0.432270 0.124238 0.432268
v 0.440935 0.129931 0.440933
v 0.444990 0.144440 0.444989
v 0.443238 0.158437 0.443236
v 0.436647 0.172007 0.436645
v 0.426184 0.185237 0.426182
v 0.412817 0.198209 0.412815
v 0.397514 0.211012 0.397513
v 0.381243 0.223729 0.381242
v 0.390490 0.236351 0.390488
v 0.399620 0.249457 0.399618
v 0.408515 0.263529 0.408514
v 0.417059 0.279052 0.417057
v 0.425134 0.296508 0.425133
v 0.432624 0.316380 0.432622
v 0.439411 0.339153 0.439409
v 0.442052 0.368308 0.442051
v 0.435816 0.397976 0.435814
v 0.422182 0.428073 0.422179
v 0.402629 0.458512 0.402628
v 0.378638 0.489207 0.378637
v 0.351689 0.520074 0.351687
v 0.323259 0.551026 0.323258
v 0.310987 0.567812 0.310986
v 0.301745 0.587688 0.301744
v 0.295028 0.610139 0.295027
v 0.290330 0.634651 0.290328
v 0.287147 0.660708 0.287146
v 0.284974 0.687795 0.284972
v 0.283306 0.715397 0.283304
v 0.232456 0.715394 0.232454
v 0.232400 0.756489 0.232398
v 0.236448 0.761501 0.236446
v 0.240361 0.766527 0.240360
v 0.244008 0.771580 0.244007
v 0.247254 0.776675 0.247252
v 0.249966 0.781826 0.249964
v 0.252009 0.787047 0.252007
v 0.253251 0.792351 0.253250
v 0.252921 0.802410 0.252919
v 0.249217 0.811897 0.249216
v 0.242702 0.820907 0.242700
v 0.233936 0.829535 0.233934
v 0.223484 0.837877 0.223483
v 0.211906 0.846029 0.211905
v 0.199767 0.854085 0.199766
v 0.145145 1.157144 0.145144
v 0.136496 1.206519 0.136495
v 0.130412 1.255779 0.130411
v 0.126464 1.304945 0.126463
v 0.124226 1.354034 0.124224
v 0.123269 1.403066 0.123267
v 0.123167 1.452060 0.123166
v 0.123492 1.501035 0.123491
v 0.239720 1.501295 0.239719
v 0.234860 1.525945 0.234859
v 0.229891 1.550121 0.229889
v 0.224705 1.573350 0.224703
v 0.219193 1.595160 0.219191
v 0.213246 1.615075 0.213244
v 0.206755 1.632624 0.206754
v 0.199614 1.647332 0.199612
v 0.193237 1.655081 0.193236
v 0.183526 1.662533 0.183525
v 0.171036 1.669738 0.171035
v 0.156322 1.676745 0.156321
v 0.139941 1.683604 0.139940
v 0.122448 1.690364 0.122446
v 0.104399 1.697075 0.104398
v 0.104399 1.732948 0.104398
v 0.118306 1.745477 0.118305
v 0.132158 1.758484 0.132157
v 0.145897 1.772448 0.145896
v 0.159468 1.787849 0.159467
v 0.172815 1.805163 0.172814
v 0.185881 1.824870 0.185880
v 0.198611 1.847448 0.198610
v 0.213183 1.883937 0.213182
v 0.223638 1.926864 0.223637
v 0.230312 1.973232 0.230311
v 0.233544 2.020044 0.233543
v 0.233670 2.064299 0.233669
v 0.231029 2.103000 0.231028
v 0.225956 2.133149 0.225954
v 0.220891 2.149994 0.220890
v 0.212668 2.172233 0.212667
v 0.201683 2.197956 0.201682
v 0.188331 2.225252 0.188329
v 0.173006 2.252209 0.173004
v 0.156104 2.276918 0.156102
v 0.138021 2.297467 0.138019
v 0.120833 2.313621 0.120833
v 0.103676 2.328421 0.103675
v 0.086025 2.341502 0.086024
v 0.067355 2.352503 0.067354
v 0.047144 2.361058 0.047143
v 0.024867 2.366805 0.024865
v 0.429097 0.011959 0.286713
v 0.429097 0.051713 0.286713
v 0.449359 0.051713 0.300251
v 0.449359 0.104244 0.300251
v 0.459041 0.106668 0.306720
v 0.468747 0.109248 0.313206
v 0.478502 0.112139 0.319723
v 0.488329 0.115498 0.326290
v 0.498252 0.119479 0.332920
v 0.508296 0.124238 0.339631
v 0.518484 0.129931 0.346439
v 0.523253 0.144440 0.349625
v 0.521193 0.158437 0.348248
v 0.513442 0.172007 0.343070
v 0.501139 0.185237 0.334849
v 0.485421 0.198209 0.324347
v 0.467427 0.211012 0.312324
v 0.448295 0.223729 0.299540
v 0.459168 0.236351 0.306805
v 0.469903 0.249457 0.313979
v 0.480363 0.263529 0.320967
v 0.490410 0.279052 0.327680
v 0.499905 0.296508 0.334025
v 0.508712 0.316380 0.339909
v 0.516692 0.339153 0.345241
v 0.519798 0.368308 0.347317
v 0.512465 0.397976 0.342417
v 0.496433 0.428073 0.331705
v 0.473442 0.458512 0.316342
v 0.445231 0.489207 0.297493
v 0.413542 0.520074 0.276318
v 0.380112 0.551026 0.253981
v 0.365682 0.567812 0.244340
v 0.354815 0.587688 0.237078
v 0.346916 0.610139 0.231801
v 0.341392 0.634651 0.228109
v 0.337649 0.660708 0.225609
v 0.335093 0.687795 0.223901
v 0.333132 0.715397 0.222591
v 0.273339 0.715394 0.182638
v 0.273273 0.756489 0.182594
v 0.278032 0.761501 0.185774
v 0.282634 0.766527 0.188849
v 0.286923 0.771580 0.191714
v 0.290739 0.776675 0.194265
v 0.293928 0.781826 0.196395
v 0.296331 0.787047 0.198001
v 0.297791 0.792351 0.198977
v 0.297404 0.802410 0.198718
v 0.293048 0.811897 0.195808
v 0.285387 0.820907 0.190688
v 0.275080 0.829535 0.183801
v 0.262789 0.837877 0.175589
v 0.249175 0.846029 0.166492
v 0.234901 0.854085 0.156955
v 0.170672 1.157144 0.114038
v 0.160503 1.206519 0.107243
v 0.153348 1.255779 0.102463
v 0.148706 1.304945 0.099361
v 0.146074 1.354034 0.097602
v 0.144949 1.403066 0.096850
v 0.144829 1.452060 0.096771
v 0.145211 1.501035 0.097026
v 0.281881 1.501295 0.188346
v 0.276166 1.525945 0.184527
v 0.270323 1.550121 0.180623
v 0.264225 1.573350 0.176548
v 0.257743 1.595160 0.172217
v 0.250750 1.615075 0.167545
v 0.243118 1.632624 0.162445
v 0.234720 1.647332 0.156834
v 0.227223 1.655081 0.151824
v 0.215804 1.662533 0.144195
v 0.201117 1.669738 0.134381
v 0.183815 1.676745 0.122820
v 0.164553 1.683604 0.109950
v 0.143983 1.690364 0.096206
v 0.122760 1.697075 0.082025
v 0.122760 1.732948 0.082025
v 0.139114 1.745477 0.092952
v 0.155401 1.758484 0.103835
v 0.171557 1.772448 0.114630
v 0.187515 1.787849 0.125292
v 0.203209 1.805163 0.135779
v 0.218574 1.824870 0.146045
v 0.233542 1.847448 0.156047
v 0.250677 1.883937 0.167496
v 0.262970 1.926864 0.175710
v 0.270819 1.973232 0.180954
v 0.274619 2.020044 0.183493
v 0.274767 2.064299 0.183593
v 0.271661 2.103000 0.181517
v 0.265696 2.133149 0.177531
v 0.259740 2.149994 0.173552
v 0.250071 2.172233 0.167091
v 0.237154 2.197956 0.158461
v 0.221453 2.225252 0.147969
v 0.203433 2.252209 0.135928
v 0.183558 2.276918 0.122649
v 0.162295 2.297467 0.108441
v 0.142085 2.313621 0.094937
v 0.121911 2.328421 0.081457
v 0.101154 2.341502 0.067588
v 0.079202 2.352503 0.052920
v 0.055436 2.361058 0.037040
v 0.029240 2.366805 0.019536
v 0.476787 0.011959 0.197491
v 0.476787 0.051713 0.197491
v 0.499300 0.051713 0.206815
v 0.499300 0.104244 0.206815
v 0.510059 0.106668 0.211272
v 0.520844 0.109248 0.215740
v 0.531683 0.112139 0.220229
v 0.542602 0.115498 0.224751
v 0.553628 0.119479 0.229319
v 0.564788 0.124238 0.233942
v 0.576108 0.129931 0.238630
v 0.581407 0.144440 0.240826
v 0.579118 0.158437 0.239878
v 0.570506 0.172007 0.236310
v 0.556835 0.185237 0.230647
v 0.539371 0.198209 0.223413
v 0.519377 0.211012 0.215131
v 0.498118 0.223729 0.206326
v 0.510200 0.236351 0.211330
v 0.522128 0.249457 0.216272
v 0.533751 0.263529 0.221086
v 0.544914 0.279052 0.225710
v 0.555465 0.296508 0.230080
v 0.565250 0.316380 0.234133
v 0.574117 0.339153 0.237806
v 0.577568 0.368308 0.239236
v 0.569420 0.397976 0.235860
v 0.551607 0.428073 0.228481
v 0.526060 0.458512 0.217900
v 0.494715 0.489207 0.204916
v 0.459503 0.520074 0.190331
v 0.422358 0.551026 0.174945
v 0.406324 0.567812 0.168304
v 0.394249 0.587688 0.163302
v 0.385472 0.610139 0.159666
v 0.379334 0.634651 0.157125
v 0.375175 0.660708 0.155402
v 0.372336 0.687795 0.154225
v 0.370156 0.715397 0.153322
v 0.303718 0.715394 0.125803
v 0.303645 0.756489 0.125773
v 0.308933 0.761501 0.127963
v 0.314047 0.766527 0.130081
v 0.318812 0.771580 0.132055
v 0.323053 0.776675 0.133811
v 0.326595 0.781826 0.135279
v 0.329265 0.787047 0.136385
v 0.330888 0.792351 0.137057
v 0.330457 0.802410 0.136879
v 0.325618 0.811897 0.134874
v 0.317105 0.820907 0.131348
v 0.305652 0.829535 0.126604
v 0.291995 0.837877 0.120947
v 0.276869 0.846029 0.114682
v 0.261008 0.854085 0.108112
v 0.189641 1.157144 0.078550
v 0.178341 1.206519 0.073870
v 0.170391 1.255779 0.070578
v 0.165233 1.304945 0.068441
v 0.162308 1.354034 0.067229
v 0.161059 1.403066 0.066712
v 0.160925 1.452060 0.066656
v 0.161350 1.501035 0.066832
v 0.313209 1.501295 0.129734
v 0.306859 1.525945 0.127104
v 0.300367 1.550121 0.124415
v 0.293591 1.573350 0.121608
v 0.286389 1.595160 0.118625
v 0.278619 1.615075 0.115406
v 0.270139 1.632624 0.111894
v 0.260807 1.647332 0.108029
v 0.252477 1.655081 0.104578
v 0.239789 1.662533 0.099323
v 0.223469 1.669738 0.092563
v 0.204245 1.676745 0.084600
v 0.182842 1.683604 0.075734
v 0.159986 1.690364 0.066267
v 0.136404 1.697075 0.056499
v 0.136404 1.732948 0.056499
v 0.154575 1.745477 0.064026
v 0.172673 1.758484 0.071522
v 0.190624 1.772448 0.078958
v 0.208355 1.787849 0.086302
v 0.225794 1.805163 0.093526
v 0.242865 1.824870 0.100597
v 0.259498 1.847448 0.107486
v 0.278537 1.883937 0.115373
v 0.292197 1.926864 0.121031
v 0.300918 1.973232 0.124643
v 0.305140 2.020044 0.126392
v 0.305305 2.064299 0.126461
v 0.301853 2.103000 0.125031
v 0.295225 2.133149 0.122285
v 0.288608 2.149994 0.119544
v 0.277864 2.172233 0.115094
v 0.263511 2.197956 0.109149
v 0.246066 2.225252 0.101923
v 0.226043 2.252209 0.093629
v 0.203960 2.276918 0.084482
v 0.180332 2.297467 0.074695
v 0.157877 2.313621 0.065393
v 0.135460 2.328421 0.056108
v 0.112397 2.341502 0.046555
v 0.088004 2.352503 0.036452
v 0.061597 2.361058 0.025513
v 0.032490 2.366805 0.013457
v 0.506155 0.011959 0.100679
v 0.506155 0.051713 0.100679
v 0.530055 0.051713 0.105433
v 0.530055 0.104244 0.105433
v 0.541476 0.106668 0.107705
v 0.552925 0.109248 0.109982
v 0.564432 0.112139 0.112271
v 0.576023 0.115498 0.114577
v 0.587728 0.119479 0.116905
v 0.599576 0.124238 0.119262
v 0.611593 0.129931 0.121652
v 0.617219 0.144440 0.122771
v 0.614789 0.158437 0.122288
v 0.605646 0.172007 0.120469
v 0.591133 0.185237 0.117583
v 0.572593 0.198209 0.113894
v 0.551367 0.211012 0.109673
v 0.528800 0.223729 0.105184
v 0.541625 0.236351 0.107735
v 0.554288 0.249457 0.110253
v 0.566627 0.263529 0.112708
v 0.578477 0.279052 0.115065
v 0.589678 0.296508 0.117293
v 0.600067 0.316380 0.119359
v 0.609480 0.339153 0.121232
v 0.613143 0.368308 0.121961
v 0.604493 0.397976 0.120240
v 0.585582 0.428073 0.116478
v 0.558462 0.458512 0.111084
v 0.525186 0.489207 0.104465
v 0.487805 0.520074 0.097029
v 0.448373 0.551026 0.089186
v 0.431351 0.567812 0.085800
v 0.418532 0.587688 0.083250
v 0.409215 0.610139 0.081397
v 0.402699 0.634651 0.080100
v 0.398284 0.660708 0.079222
v 0.395270 0.687795 0.078623
v 0.392956 0.715397 0.078162
v 0.322426 0.715394 0.064133
v 0.322347 0.756489 0.064118
v 0.327962 0.761501 0.065234
v 0.333390 0.766527 0.066314
v 0.338449 0.771580 0.067320
v 0.342951 0.776675 0.068216
v 0.346711 0.781826 0.068964
v 0.349546 0.787047 0.069528
v 0.351269 0.792351 0.069870
v 0.350812 0.802410 0.069780
v 0.345674 0.811897 0.068758
v 0.336636 0.820907 0.066960
v 0.324478 0.829535 0.064542
v 0.309981 0.837877 0.061658
v 0.293923 0.846029 0.058464
v 0.277085 0.854085 0.055114
v 0.201322 1.157144 0.040044
v 0.189326 1.206519 0.037658
v 0.180886 1.255779 0.035979
v 0.175410 1.304945 0.034890
v 0.172305 1.354034 0.034273
v 0.170979 1.403066 0.034009
v 0.170837 1.452060 0.033980
v 0.171288 1.501035 0.034071
v 0.332501 1.501295 0.066137
v 0.325760 1.525945 0.064796
v 0.318868 1.550121 0.063426
v 0.311674 1.573350 0.061995
v 0.304029 1.595160 0.060474
v 0.295780 1.615075 0.058833
v 0.286778 1.632624 0.057043
v 0.276871 1.647332 0.055072
v 0.268028 1.655081 0.053313
v 0.254558 1.662533 0.050634
v 0.237233 1.669738 0.047188
v 0.216825 1.676745 0.043128
v 0.194103 1.683604 0.038609
v 0.169840 1.690364 0.033782
v 0.144805 1.697075 0.028802
v 0.144805 1.732948 0.028802
v 0.164095 1.745477 0.032639
v 0.183308 1.758484 0.036461
v 0.202365 1.772448 0.040252
v 0.221189 1.787849 0.043996
v 0.239701 1.805163 0.047678
v 0.257825 1.824870 0.051284
v 0.275482 1.847448 0.054796
v 0.295694 1.883937 0.058816
v 0.310195 1.926864 0.061700
v 0.319453 1.973232 0.063542
v 0.323935 2.020044 0.064434
v 0.324110 2.064299 0.064468
v 0.320446 2.103000 0.063740
v 0.313410 2.133149 0.062340
v 0.306384 2.149994 0.060943
v 0.294979 2.172233 0.058674
v 0.279742 2.197956 0.055643
v 0.261222 2.225252 0.051959
v 0.239966 2.252209 0.047731
v 0.216522 2.276918 0.043068
v 0.191440 2.297467 0.038079
v 0.167601 2.313621 0.033336
v 0.143803 2.328421 0.028603
v 0.119320 2.341502 0.023733
v 0.093425 2.352503 0.018582
v 0.065391 2.361058 0.013006
v 0.034491 2.366805 0.006860
vn 0.000000 -1.000000 0.000000
vn 0.809317 -0.556210 -0.188777
vn 0.830595 -0.556210 -0.027259
vn 0.980785 0.000000 -0.195091
vn 1.000000 0.000000 -0.000001
vn 0.000000 -1.000000 0.000000
vn 0.000000 -1.000000 0.000000
vn 0.980785 0.000000 -0.195091
vn 1.000000 0.000000 -0.000001
vn 0.206135 -0.977664 -0.041003
vn 0.210174 -0.977664 0.000000
vn 0.223890 -0.973596 -0.044535
vn 0.228276 -0.973596 0.000000
vn 0.252435 -0.966310 -0.050213
vn 0.257381 -0.966310 0.000000
vn 0.290546 -0.955114 -0.057793
vn 0.296238 -0.955114 0.000000
vn 0.336498 -0.939302 -0.066934
vn 0.343091 -0.939302 0.000000
vn 0.388110 -0.918374 -0.077200
vn 0.395713 -0.918374 0.000000
vn 0.413268 -0.906891 -0.082204
vn 0.421364 -0.906891 0.000000
vn 0.975987 -0.098798 -0.194136
vn 0.995107 -0.098798 -0.000001
vn 0.909496 0.374285 -0.180910
vn 0.927314 0.374285 -0.000001
vn 0.739487 0.656904 -0.147094
vn 0.753974 0.656904 -0.000001
vn 0.607987 0.784682 -0.120937
vn 0.619898 0.784682 -0.000001
vn 0.528928 0.842120 -0.105211
vn 0.539290 0.842120 0.000000
vn 0.487623 0.867650 -0.096994
vn 0.497176 0.867650 0.000000
vn 0.474420 0.875226 -0.094368
vn 0.483715 0.875226 0.000000
vn 0.690354 -0.710320 -0.137320
vn 0.703879 -0.710320 -0.000001
vn 0.715849 -0.683582 -0.142392
vn 0.729874 -0.683582 -0.000001
vn 0.753866 -0.639687 -0.149954
vn 0.768635 -0.639687 -0.000001
vn 0.798861 -0.580147 -0.158904
vn 0.814512 -0.580147 -0.000001
vn 0.844688 -0.508204 -0.168019
vn 0.861237 -0.508204 -0.000001
vn 0.886082 -0.428711 -0.176253
vn 0.903442 -0.428711 -0.000001
vn 0.947576 -0.258019 -0.188485
vn 0.966140 -0.258019 -0.000001
vn 0.977668 0.079659 -0.194471
vn 0.996822 0.079659 -0.000001
vn 0.893223 0.413019 -0.177674
vn 0.910722 0.413019 -0.000001
vn 0.780519 0.605546 -0.155255
vn 0.795811 0.605546 -0.000001
vn 0.694311 0.706299 -0.138108
vn 0.707913 0.706299 -0.000001
vn 0.638838 0.758774 -0.127073
vn 0.651354 0.758774 -0.000001
vn 0.608293 0.784436 -0.120997
vn 0.620210 0.784436 -0.000001
vn 0.639118 0.758529 -0.127129
vn 0.651639 0.758529 -0.000001
vn 0.752489 0.641370 -0.149680
vn 0.767231 0.641370 -0.000001
vn 0.863679 0.473861 -0.171797
vn 0.880600 0.473861 -0.000001
vn 0.926627 0.327704 -0.184318
vn 0.944781 0.327704 -0.000001
vn 0.957464 0.216774 -0.190452
vn 0.976222 0.216774 -0.000001
vn 0.970874 0.141801 -0.193120
vn 0.989895 0.141801 -0.000001
vn 0.975962 0.099047 -0.194132
vn 0.995083 0.099047 -0.000001
vn 0.977222 0.085165 -0.194382
vn 0.996367 0.085165 -0.000001
vn -0.000035 1.000000 0.000007
vn -0.000035 1.000000 0.000000
vn 0.980783 0.001932 -0.195091
vn 0.999998 0.001932 -0.000001
vn 0.653016 -0.746122 -0.129894
vn 0.665810 -0.746122 -0.000001
vn 0.673599 -0.726851 -0.133988
vn 0.686796 -0.726851 -0.000001
vn 0.708808 -0.691168 -0.140991
vn 0.722694 -0.691168 -0.000001
vn 0.759667 -0.632513 -0.151108
vn 0.774550 -0.632513 -0.000001
vn 0.825458 -0.540055 -0.164194
vn 0.841630 -0.540055 -0.000001
vn 0.899354 -0.398948 -0.178893
vn 0.916974 -0.398948 -0.000001
vn 0.971834 -0.134795 -0.193311
vn 0.990874 -0.134795 -0.000001
vn 0.944827 0.268294 -0.187938
vn 0.963337 0.268294 -0.000001
vn 0.783675 0.601294 -0.155883
vn 0.799028 0.601294 -0.000001
vn 0.628146 0.767998 -0.124947
vn 0.640453 0.767998 -0.000001
vn 0.523818 0.845434 -0.104194
vn 0.534080 0.845434 -0.000001
vn 0.460972 0.882665 -0.091693
vn 0.470004 0.882664 -0.000001
vn 0.427486 0.900014 -0.085032
vn 0.435861 0.900014 -0.000001
vn 0.416641 0.905286 -0.082875
vn 0.424803 0.905286 -0.000001
vn 0.951198 0.243769 -0.189206
vn 0.969833 0.243769 -0.000002
vn 0.959579 0.206825 -0.190873
vn 0.978378 0.206825 -0.000002
vn 0.970736 0.142780 -0.193093
vn 0.989754 0.142780 -0.000001
vn 0.976914 0.088756 -0.194321
vn 0.996053 0.088756 -0.000002
vn 0.979746 0.046031 -0.194884
vn 0.998940 0.046031 -0.000001
vn 0.980671 0.015277 -0.195068
vn 0.999883 0.015277 -0.000001
vn 0.980780 -0.003225 -0.195090
vn 0.999995 -0.003225 -0.000001
vn 0.980742 -0.009393 -0.195083
vn 0.999956 -0.009393 -0.000002
vn 0.001553 -0.999999 -0.000309
vn 0.001583 -0.999999 0.000000
vn 0.943315 0.273767 -0.187638
vn 0.961796 0.273767 -0.000001
vn 0.938662 0.289918 -0.186712
vn 0.957052 0.289918 -0.000001
vn 0.929696 0.318538 -0.184928
vn 0.947910 0.318538 -0.000001
vn 0.914131 0.362356 -0.181832
vn 0.932040 0.362356 -0.000001
vn 0.887514 0.425621 -0.176538
vn 0.904902 0.425621 -0.000001
vn 0.841269 0.514066 -0.167339
vn 0.857751 0.514066 -0.000001
vn 0.733476 0.663872 -0.145898
vn 0.747846 0.663872 -0.000001
vn 0.561035 0.820235 -0.111597
vn 0.572027 0.820235 0.000000
vn 0.422477 0.902470 -0.084036
vn 0.430753 0.902470 0.000000
vn 0.343564 0.936640 -0.068339
vn 0.350294 0.936640 0.000000
vn 0.296802 0.953112 -0.059038
vn 0.302616 0.953112 0.000000
vn 0.269095 0.961625 -0.053526
vn 0.274366 0.961625 0.000000
vn 0.254232 0.965820 -0.050570
vn 0.259213 0.965820 0.000000
vn 0.249378 0.967135 -0.049605
vn 0.254264 0.967135 0.000000
vn 0.980785 0.000000 -0.195091
vn 1.000000 0.000000 -0.000001
vn 0.535169 -0.838011 -0.106452
vn 0.545654 -0.838011 -0.000001
vn 0.558325 -0.822155 -0.111058
vn 0.569264 -0.822155 -0.000001
vn 0.594337 -0.795479 -0.118221
vn 0.605981 -0.795479 -0.000001
vn 0.639913 -0.757832 -0.127287
vn 0.652450 -0.757832 -0.000001
vn 0.690878 -0.709790 -0.137424
vn 0.704413 -0.709790 -0.000001
vn 0.742803 -0.653003 -0.147753
vn 0.757355 -0.653003 -0.000001
vn 0.814503 -0.557078 -0.162015
vn 0.830460 -0.557079 -0.000001
vn 0.895306 -0.408304 -0.178088
vn 0.912846 -0.408304 -0.000001
vn 0.946499 -0.262097 -0.188270
vn 0.965042 -0.262097 -0.000001
vn 0.969976 -0.148053 -0.192941
vn 0.988979 -0.148053 -0.000001
vn 0.979533 -0.050512 -0.194841
vn 0.998723 -0.050512 -0.000001
vn 0.979749 0.045944 -0.194885
vn 0.998944 0.045944 -0.000001
vn 0.967589 0.163488 -0.192466
vn 0.986545 0.163488 -0.000001
vn 0.932159 0.310966 -0.185418
vn 0.950421 0.310966 0.000000
vn 0.887003 0.426727 -0.176436
vn 0.904380 0.426727 0.000000
vn 0.855200 0.489587 -0.170110
vn 0.871954 0.489588 0.000000
vn 0.824018 0.542336 -0.163907
vn 0.840162 0.542336 0.000000
vn 0.786782 0.597061 -0.156501
vn 0.802196 0.597061 0.000000
vn 0.736654 0.660205 -0.146530
vn 0.751086 0.660205 0.000000
vn 0.662997 0.736915 -0.131878
vn 0.675985 0.736915 0.000000
vn 0.580989 0.805665 -0.115566
vn 0.592371 0.805665 0.000000
vn 0.527748 0.842889 -0.104976
vn 0.538087 0.842889 0.000000
vn 0.484744 0.869325 -0.096421
vn 0.494240 0.869325 0.000000
vn 0.418825 0.904237 -0.083310
vn 0.427031 0.904237 0.000000
vn 0.332476 0.940790 -0.066134
vn 0.338990 0.940790 0.000000
vn 0.232159 0.971581 -0.046179
vn 0.236707 0.971581 0.000000
vn 0.127224 0.991551 -0.025306
vn 0.129716 0.991551 0.000000
vn 0.000000 1.000000 0.000000
vn 0.000494 -1.000000 -0.000205
vn 0.923879 0.000000 -0.382684
vn 0.000000 -1.000000 0.000000
vn 0.923879 0.000000 -0.382684
vn 0.194175 -0.977664 -0.080430
vn 0.210900 -0.973596 -0.087358
vn 0.237789 -0.966310 -0.098496
vn 0.273688 -0.955114 -0.113366
vn 0.316975 -0.939302 -0.131295
vn 0.365591 -0.918374 -0.151433
vn 0.389289 -0.906892 -0.161249
vn 0.919360 -0.098798 -0.380811
vn 0.856726 0.374285 -0.354868
vn 0.696582 0.656904 -0.288534
vn 0.572711 0.784682 -0.237225
vn 0.498239 0.842120 -0.206378
vn 0.459331 0.867650 -0.190261
vn 0.446894 0.875226 -0.185110
vn 0.650299 -0.710320 -0.269363
vn 0.674315 -0.683582 -0.279311
vn 0.710127 -0.639687 -0.294144
vn 0.752511 -0.580147 -0.311701
vn 0.795679 -0.508204 -0.329581
vn 0.834671 -0.428712 -0.345732
vn 0.892597 -0.258019 -0.369726
vn 0.920943 0.079659 -0.381468
vn 0.841398 0.413019 -0.348519
vn 0.735233 0.605546 -0.304544
vn 0.654027 0.706299 -0.270907
vn 0.601773 0.758774 -0.249263
vn 0.573000 0.784435 -0.237344
vn 0.602036 0.758529 -0.249372
vn 0.708829 0.641370 -0.293607
vn 0.813568 0.473861 -0.336991
vn 0.872863 0.327704 -0.361552
vn 0.901911 0.216774 -0.373584
vn 0.914544 0.141801 -0.378817
vn 0.919336 0.099047 -0.380802
vn 0.920523 0.085165 -0.381294
vn -0.000033 1.000000 0.000014
vn 0.923878 0.001932 -0.382683
vn 0.615128 -0.746122 -0.254795
vn 0.634516 -0.726851 -0.262826
vn 0.667682 -0.691168 -0.276563
vn 0.715590 -0.632513 -0.296408
vn 0.777564 -0.540055 -0.322078
vn 0.847173 -0.398948 -0.350911
vn 0.915448 -0.134795 -0.379191
vn 0.890007 0.268294 -0.368654
vn 0.738205 0.601294 -0.305775
vn 0.591701 0.767998 -0.245091
vn 0.493426 0.845434 -0.204384
vn 0.434227 0.882664 -0.179863
vn 0.402683 0.900014 -0.166797
vn 0.392467 0.905286 -0.162565
vn 0.896009 0.243769 -0.371140
vn 0.903903 0.206825 -0.374409
vn 0.914414 0.142780 -0.378763
vn 0.920233 0.088756 -0.381174
vn 0.922900 0.046031 -0.382278
vn 0.923772 0.015277 -0.382639
vn 0.923875 -0.003225 -0.382682
vn 0.923839 -0.009393 -0.382667
vn 0.001462 -0.999999 -0.000606
vn 0.888584 0.273767 -0.368064
vn 0.884200 0.289918 -0.366248
vn 0.875755 0.318538 -0.362750
vn 0.861093 0.362356 -0.356676
vn 0.836020 0.425620 -0.346291
vn 0.792458 0.514066 -0.328247
vn 0.690920 0.663872 -0.286188
vn 0.528484 0.820235 -0.218905
vn 0.397964 0.902470 -0.164842
vn 0.323630 0.936640 -0.134052
vn 0.279581 0.953112 -0.115806
vn 0.253482 0.961625 -0.104995
vn 0.239482 0.965820 -0.099197
vn 0.234909 0.967135 -0.097303
vn 0.923880 0.000000 -0.382683
vn 0.504118 -0.838011 -0.208813
vn 0.525931 -0.822155 -0.217848
vn 0.559853 -0.795479 -0.231899
vn 0.602785 -0.757832 -0.249682
vn 0.650793 -0.709790 -0.269567
vn 0.699705 -0.653003 -0.289827
vn 0.767245 -0.557079 -0.317803
vn 0.843360 -0.408304 -0.349331
vn 0.891582 -0.262097 -0.369305
vn 0.913698 -0.148053 -0.378466
vn 0.922700 -0.050512 -0.382195
vn 0.922904 0.045944 -0.382279
vn 0.911449 0.163488 -0.377534
vn 0.878075 0.310966 -0.363710
vn 0.835539 0.426727 -0.346091
vn 0.805581 0.489587 -0.333682
vn 0.776208 0.542336 -0.321516
vn 0.741133 0.597061 -0.306987
vn 0.693913 0.660205 -0.287428
vn 0.624529 0.736915 -0.258688
vn 0.547280 0.805665 -0.226690
vn 0.497128 0.842889 -0.205917
vn 0.456619 0.869325 -0.189137
vn 0.394525 0.904237 -0.163417
vn 0.313186 0.940790 -0.129726
vn 0.218689 0.971581 -0.090584
vn 0.119842 0.991551 -0.049640
vn 0.000445 -1.000000 -0.000297
vn 0.831469 0.000000 -0.555571
vn 0.000000 -1.000000 0.000000
vn 0.831469 0.000000 -0.555571
vn 0.174753 -0.977664 -0.116766
vn 0.189804 -0.973597 -0.126823
vn 0.214004 -0.966310 -0.142994
vn 0.246313 -0.955114 -0.164581
vn 0.285269 -0.939302 -0.190611
vn 0.329024 -0.918374 -0.219847
vn 0.350352 -0.906891 -0.234098
vn 0.827401 -0.098798 -0.552853
vn 0.771033 0.374286 -0.515188
vn 0.626906 0.656904 -0.418886
vn 0.515426 0.784682 -0.344398
vn 0.448403 0.842120 -0.299614
vn 0.413387 0.867650 -0.276216
vn 0.402194 0.875226 -0.268738
vn 0.585254 -0.710320 -0.391055
vn 0.606867 -0.683582 -0.405497
vn 0.639097 -0.639687 -0.427031
vn 0.677242 -0.580147 -0.452519
vn 0.716092 -0.508204 -0.478478
vn 0.751184 -0.428711 -0.501926
vn 0.803316 -0.258019 -0.536759
vn 0.828827 0.079659 -0.553805
vn 0.757238 0.413019 -0.505971
vn 0.661692 0.605546 -0.442129
vn 0.588608 0.706299 -0.393296
vn 0.541581 0.758774 -0.361873
vn 0.515686 0.784435 -0.344571
vn 0.541818 0.758529 -0.362032
vn 0.637929 0.641370 -0.426251
vn 0.732192 0.473861 -0.489235
vn 0.785556 0.327704 -0.524893
vn 0.811698 0.216774 -0.542360
vn 0.823067 0.141801 -0.549957
vn 0.827381 0.099047 -0.552839
vn 0.828448 0.085165 -0.553553
vn -0.000029 1.000000 0.000020
vn 0.831468 0.001932 -0.555570
vn 0.553600 -0.746122 -0.369904
vn 0.571049 -0.726851 -0.381564
vn 0.600898 -0.691168 -0.401508
vn 0.644014 -0.632513 -0.430317
vn 0.699789 -0.540055 -0.467585
vn 0.762435 -0.398948 -0.509444
vn 0.823881 -0.134795 -0.550500
vn 0.800985 0.268294 -0.535202
vn 0.664367 0.601294 -0.443917
vn 0.532517 0.767998 -0.355817
vn 0.444071 0.845434 -0.296719
vn 0.390793 0.882665 -0.261120
vn 0.362405 0.900014 -0.242151
vn 0.353211 0.905286 -0.236008
vn 0.806386 0.243769 -0.538811
vn 0.813491 0.206825 -0.543559
vn 0.822950 0.142780 -0.549879
vn 0.828187 0.088756 -0.553379
vn 0.830588 0.046031 -0.554982
vn 0.831372 0.015276 -0.555506
vn 0.831465 -0.003225 -0.555568
vn 0.831432 -0.009393 -0.555547
vn 0.001316 -0.999999 -0.000880
vn 0.799704 0.273767 -0.534346
vn 0.795759 0.289918 -0.531710
vn 0.788158 0.318538 -0.526631
vn 0.774963 0.362356 -0.517814
vn 0.752398 0.425621 -0.502737
vn 0.713193 0.514066 -0.476541
vn 0.621811 0.663872 -0.415481
vn 0.475623 0.820235 -0.317801
vn 0.358158 0.902470 -0.239314
vn 0.291259 0.936640 -0.194613
vn 0.251616 0.953112 -0.168125
vn 0.228127 0.961625 -0.152430
vn 0.215528 0.965820 -0.144011
vn 0.211413 0.967135 -0.141262
vn 0.831469 0.000000 -0.555571
vn 0.453694 -0.838011 -0.303149
vn 0.473325 -0.822155 -0.316266
vn 0.503854 -0.795479 -0.336665
vn 0.542492 -0.757832 -0.362482
vn 0.585698 -0.709791 -0.391351
vn 0.629718 -0.653003 -0.420764
vn 0.690502 -0.557079 -0.461379
vn 0.759004 -0.408304 -0.507150
vn 0.802402 -0.262097 -0.536149
vn 0.822306 -0.148053 -0.549448
vn 0.830408 -0.050512 -0.554861
vn 0.830591 0.045944 -0.554984
vn 0.820282 0.163488 -0.548095
vn 0.790246 0.310966 -0.528026
vn 0.751965 0.426727 -0.502447
vn 0.725003 0.489587 -0.484432
vn 0.698569 0.542336 -0.466769
vn 0.667002 0.597061 -0.445676
vn 0.624505 0.660205 -0.417281
vn 0.562061 0.736915 -0.375557
vn 0.492539 0.805665 -0.329104
vn 0.447403 0.842889 -0.298945
vn 0.410946 0.869325 -0.274585
vn 0.355063 0.904237 -0.237245
vn 0.281859 0.940790 -0.188333
vn 0.196815 0.971581 -0.131508
vn 0.107855 0.991551 -0.072067
vn 0.000378 -1.000000 -0.000378
vn 0.707106 0.000000 -0.707107
vn 0.000000 -1.000000 0.000000
vn 0.707106 0.000000 -0.707107
vn 0.148615 -0.977664 -0.148615
vn 0.161416 -0.973596 -0.161416
vn 0.181996 -0.966310 -0.181996
vn 0.209471 -0.955115 -0.209471
vn 0.242600 -0.939303 -0.242600
vn 0.279812 -0.918374 -0.279812
vn 0.297949 -0.906891 -0.297950
vn 0.703647 -0.098798 -0.703648
vn 0.655709 0.374285 -0.655710
vn 0.533140 0.656904 -0.533141
vn 0.438334 0.784682 -0.438335
vn 0.381336 0.842120 -0.381337
vn 0.351556 0.867650 -0.351557
vn 0.342038 0.875226 -0.342038
vn 0.497718 -0.710320 -0.497718
vn 0.516099 -0.683582 -0.516099
vn 0.543507 -0.639688 -0.543507
vn 0.575946 -0.580148 -0.575947
vn 0.608986 -0.508205 -0.608986
vn 0.638829 -0.428711 -0.638830
vn 0.683163 -0.258020 -0.683164
vn 0.704859 0.079659 -0.704860
vn 0.643978 0.413019 -0.643979
vn 0.562723 0.605545 -0.562724
vn 0.500570 0.706299 -0.500571
vn 0.460576 0.758774 -0.460577
vn 0.438555 0.784435 -0.438556
vn 0.460778 0.758529 -0.460779
vn 0.542514 0.641370 -0.542515
vn 0.622677 0.473861 -0.622678
vn 0.668060 0.327704 -0.668061
vn 0.690292 0.216773 -0.690294
vn 0.699961 0.141801 -0.699962
vn 0.703629 0.099047 -0.703630
vn 0.704537 0.085165 -0.704538
vn -0.000025 1.000000 0.000025
vn 0.707105 0.001932 -0.707106
vn 0.470798 -0.746122 -0.470799
vn 0.485637 -0.726851 -0.485638
vn 0.511021 -0.691168 -0.511022
vn 0.547689 -0.632513 -0.547690
vn 0.595122 -0.540054 -0.595123
vn 0.648398 -0.398947 -0.648399
vn 0.700653 -0.134796 -0.700654
vn 0.681182 0.268293 -0.681183
vn 0.564997 0.601295 -0.564998
vn 0.452868 0.767998 -0.452869
vn 0.377651 0.845434 -0.377652
vn 0.332342 0.882665 -0.332343
vn 0.308200 0.900014 -0.308200
vn 0.300381 0.905286 -0.300382
vn 0.685775 0.243769 -0.685777
vn 0.691817 0.206825 -0.691819
vn 0.699861 0.142780 -0.699863
vn 0.704315 0.088756 -0.704317
vn 0.706356 0.046031 -0.706358
vn 0.707023 0.015276 -0.707025
vn 0.707102 -0.003225 -0.707104
vn 0.707075 -0.009393 -0.707077
vn 0.001119 -0.999999 -0.001119
vn 0.680092 0.273767 -0.680093
vn 0.676737 0.289918 -0.676738
vn 0.670273 0.318538 -0.670274
vn 0.659051 0.362356 -0.659052
vn 0.639862 0.425620 -0.639863
vn 0.606521 0.514066 -0.606522
vn 0.528807 0.663872 -0.528807
vn 0.404484 0.820235 -0.404484
vn 0.304588 0.902470 -0.304589
vn 0.247695 0.936640 -0.247696
vn 0.213982 0.953112 -0.213982
vn 0.194006 0.961625 -0.194007
vn 0.183291 0.965820 -0.183292
vn 0.179792 0.967135 -0.179792
vn 0.707106 0.000000 -0.707108
vn 0.385835 -0.838011 -0.385836
vn 0.402530 -0.822155 -0.402531
vn 0.428493 -0.795479 -0.428494
vn 0.461351 -0.757832 -0.461352
vn 0.498095 -0.709791 -0.498095
vn 0.535531 -0.653003 -0.535531
vn 0.587223 -0.557079 -0.587224
vn 0.645479 -0.408304 -0.645480
vn 0.682387 -0.262097 -0.682388
vn 0.699314 -0.148053 -0.699314
vn 0.706204 -0.050512 -0.706204
vn 0.706360 0.045944 -0.706360
vn 0.697593 0.163488 -0.697593
vn 0.672049 0.310966 -0.672049
vn 0.639493 0.426727 -0.639494
vn 0.616564 0.489588 -0.616565
vn 0.594084 0.542336 -0.594084
vn 0.567238 0.597061 -0.567239
vn 0.531098 0.660205 -0.531098
vn 0.477994 0.736915 -0.477994
vn 0.418870 0.805665 -0.418870
vn 0.380485 0.842889 -0.380485
vn 0.349481 0.869325 -0.349481
vn 0.301956 0.904237 -0.301956
vn 0.239702 0.940790 -0.239702
vn 0.167377 0.971581 -0.167378
vn 0.091723 0.991551 -0.091724
vn 0.000297 -1.000000 -0.000445
vn 0.555570 0.000000 -0.831470
vn 0.000000 -1.000000 0.000000
vn 0.555570 0.000000 -0.831470
vn 0.116765 -0.977665 -0.174751
vn 0.126822 -0.973597 -0.189803
vn 0.142993 -0.966310 -0.214005
vn 0.164581 -0.955114 -0.246313
vn 0.190611 -0.939302 -0.285269
vn 0.219847 -0.918374 -0.329024
vn 0.234098 -0.906891 -0.350352
vn 0.552852 -0.098799 -0.827402
vn 0.515187 0.374285 -0.771034
vn 0.418885 0.656904 -0.626907
vn 0.344397 0.784682 -0.515427
vn 0.299613 0.842120 -0.448403
vn 0.276216 0.867649 -0.413388
vn 0.268738 0.875225 -0.402196
vn 0.391053 -0.710321 -0.585254
vn 0.405495 -0.683583 -0.606868
vn 0.427031 -0.639687 -0.639097
vn 0.452518 -0.580147 -0.677242
vn 0.478477 -0.508204 -0.716092
vn 0.501925 -0.428711 -0.751185
vn 0.536758 -0.258019 -0.803316
vn 0.553804 0.079658 -0.828828
vn 0.505970 0.413019 -0.757238
vn 0.442128 0.605546 -0.661692
vn 0.393295 0.706299 -0.588609
vn 0.361873 0.758774 -0.541581
vn 0.344570 0.784436 -0.515686
vn 0.362031 0.758529 -0.541819
vn 0.426251 0.641370 -0.637930
vn 0.489234 0.473861 -0.732192
vn 0.524891 0.327704 -0.785557
vn 0.542359 0.216774 -0.811699
vn 0.549956 0.141801 -0.823068
vn 0.552838 0.099047 -0.827381
vn 0.553551 0.085165 -0.828449
vn -0.000020 1.000000 0.000029
vn 0.555569 0.001932 -0.831468
vn 0.369904 -0.746122 -0.553601
vn 0.381562 -0.726851 -0.571050
vn 0.401507 -0.691168 -0.600899
vn 0.430316 -0.632513 -0.644015
vn 0.467584 -0.540056 -0.699789
vn 0.509443 -0.398948 -0.762436
vn 0.550499 -0.134795 -0.823882
vn 0.535201 0.268294 -0.800986
vn 0.443915 0.601294 -0.664367
vn 0.355816 0.767998 -0.532517
vn 0.296719 0.845434 -0.444072
vn 0.261120 0.882664 -0.390794
vn 0.242151 0.900014 -0.362405
vn 0.236008 0.905286 -0.353211
vn 0.538810 0.243769 -0.806387
vn 0.543557 0.206825 -0.813492
vn 0.549877 0.142780 -0.822951
vn 0.553377 0.088756 -0.828189
vn 0.554981 0.046031 -0.830589
vn 0.555505 0.015277 -0.831373
vn 0.555567 -0.003225 -0.831466
vn 0.555545 -0.009393 -0.831433
vn 0.000879 -0.999999 -0.001316
vn 0.534345 0.273767 -0.799704
vn 0.531709 0.289918 -0.795759
vn 0.526630 0.318538 -0.788159
vn 0.517813 0.362356 -0.774963
vn 0.502736 0.425621 -0.752398
vn 0.476540 0.514066 -0.713194
vn 0.415481 0.663872 -0.621812
vn 0.317801 0.820235 -0.475623
vn 0.239314 0.902470 -0.358158
vn 0.194613 0.936640 -0.291259
vn 0.168124 0.953113 -0.251616
vn 0.152430 0.961625 -0.228128
vn 0.144011 0.965820 -0.215528
vn 0.141262 0.967135 -0.211412
vn 0.555569 0.000000 -0.831470
vn 0.303149 -0.838011 -0.453695
vn 0.316266 -0.822155 -0.473326
vn 0.336665 -0.795479 -0.503855
vn 0.362481 -0.757832 -0.542492
vn 0.391351 -0.709790 -0.585698
vn 0.420764 -0.653003 -0.629718
vn 0.461379 -0.557078 -0.690502
vn 0.507150 -0.408304 -0.759004
vn 0.536148 -0.262097 -0.802403
vn 0.549447 -0.148053 -0.822307
vn 0.554861 -0.050512 -0.830408
vn 0.554983 0.045943 -0.830592
vn 0.548095 0.163488 -0.820283
vn 0.528025 0.310967 -0.790246
vn 0.502447 0.426727 -0.751965
vn 0.484432 0.489588 -0.725003
vn 0.466769 0.542336 -0.698569
vn 0.445676 0.597061 -0.667002
vn 0.417281 0.660205 -0.624505
vn 0.375557 0.736915 -0.562061
vn 0.329104 0.805665 -0.492539
vn 0.298945 0.842889 -0.447403
vn 0.274585 0.869325 -0.410946
vn 0.237245 0.904237 -0.355063
vn 0.188333 0.940790 -0.281859
vn 0.131508 0.971581 -0.196815
vn 0.072067 0.991551 -0.107855
vn 0.000205 -1.000000 -0.000494
vn 0.382683 0.000000 -0.923880
vn -0.000001 -1.000000 0.000002
vn 0.382683 0.000000 -0.923880
vn 0.080430 -0.977664 -0.194176
vn 0.087357 -0.973597 -0.210899
vn 0.098495 -0.966310 -0.237789
vn 0.113366 -0.955114 -0.273689
vn 0.131295 -0.939302 -0.316975
vn 0.151433 -0.918374 -0.365591
vn 0.161249 -0.906892 -0.389290
vn 0.380811 -0.098799 -0.919360
vn 0.354867 0.374285 -0.856726
vn 0.288533 0.656904 -0.696581
vn 0.237225 0.784682 -0.572712
vn 0.206377 0.842120 -0.498239
vn 0.190261 0.867649 -0.459332
vn 0.185110 0.875225 -0.446896
vn 0.269362 -0.710321 -0.650299
vn 0.279310 -0.683582 -0.674316
vn 0.294144 -0.639687 -0.710126
vn 0.311700 -0.580147 -0.752511
vn 0.329581 -0.508204 -0.795679
vn 0.345731 -0.428712 -0.834671
vn 0.369725 -0.258019 -0.892597
vn 0.381467 0.079659 -0.920944
vn 0.348518 0.413019 -0.841398
vn 0.304543 0.605546 -0.735233
vn 0.270907 0.706299 -0.654027
vn 0.249262 0.758774 -0.601773
vn 0.237344 0.784436 -0.573000
vn 0.249371 0.758529 -0.602036
vn 0.293607 0.641370 -0.708830
vn 0.336991 0.473861 -0.813568
vn 0.361551 0.327704 -0.872864
vn 0.373584 0.216774 -0.901911
vn 0.378816 0.141801 -0.914544
vn 0.380801 0.099047 -0.919337
vn 0.381293 0.085165 -0.920523
vn -0.000014 1.000000 0.000033
vn 0.382682 0.001932 -0.923878
vn 0.254794 -0.746122 -0.615128
vn 0.262825 -0.726850 -0.634517
vn 0.276562 -0.691169 -0.667682
vn 0.296407 -0.632513 -0.715591
vn 0.322077 -0.540055 -0.777565
vn 0.350910 -0.398948 -0.847173
vn 0.379191 -0.134795 -0.915448
vn 0.368653 0.268294 -0.890008
vn 0.305774 0.601294 -0.738206
vn 0.245090 0.767998 -0.591701
vn 0.204383 0.845434 -0.493426
vn 0.179862 0.882664 -0.434227
vn 0.166797 0.900014 -0.402683
vn 0.162565 0.905286 -0.392466
vn 0.371139 0.243769 -0.896009
vn 0.374409 0.206825 -0.903904
vn 0.378762 0.142780 -0.914414
vn 0.381173 0.088756 -0.920233
vn 0.382277 0.046031 -0.922900
vn 0.382638 0.015277 -0.923772
vn 0.382681 -0.003225 -0.923875
vn 0.382666 -0.009393 -0.923839
vn 0.000606 -0.999999 -0.001463
vn 0.368063 0.273767 -0.888584
vn 0.366248 0.289918 -0.884200
vn 0.362749 0.318538 -0.875755
vn 0.356676 0.362356 -0.861093
vn 0.346291 0.425620 -0.836020
vn 0.328247 0.514066 -0.792458
vn 0.286188 0.663872 -0.690920
vn 0.218905 0.820235 -0.528484
vn 0.164842 0.902470 -0.397964
vn 0.134052 0.936640 -0.323630
vn 0.115806 0.953112 -0.279581
vn 0.104995 0.961625 -0.253482
vn 0.099197 0.965820 -0.239483
vn 0.097304 0.967134 -0.234911
vn 0.382683 0.000000 -0.923880
vn 0.208812 -0.838011 -0.504118
vn 0.217848 -0.822155 -0.525931
vn 0.231899 -0.795479 -0.559853
vn 0.249682 -0.757832 -0.602785
vn 0.269567 -0.709790 -0.650793
vn 0.289827 -0.653003 -0.699705
vn 0.317803 -0.557079 -0.767245
vn 0.349331 -0.408304 -0.843360
vn 0.369305 -0.262097 -0.891582
vn 0.378466 -0.148053 -0.913698
vn 0.382195 -0.050512 -0.922700
vn 0.382279 0.045944 -0.922904
vn 0.377535 0.163488 -0.911449
vn 0.363710 0.310967 -0.878074
vn 0.346092 0.426727 -0.835538
vn 0.333683 0.489587 -0.805581
vn 0.321516 0.542336 -0.776208
vn 0.306987 0.597061 -0.741133
vn 0.287428 0.660205 -0.693913
vn 0.258689 0.736915 -0.624529
vn 0.226691 0.805665 -0.547279
vn 0.205917 0.842889 -0.497128
vn 0.189138 0.869325 -0.456619
vn 0.163418 0.904237 -0.394525
vn 0.129726 0.940790 -0.313185
vn 0.090584 0.971581 -0.218689
vn 0.049641 0.991551 -0.119842
vn 0.000104 -1.000000 -0.000525
vn 0.195090 0.000000 -0.980785
vn 0.000000 -1.000000 0.000002
vn 0.195090 0.000000 -0.980785
vn 0.041003 -0.977664 -0.206136
vn 0.044534 -0.973596 -0.223890
vn 0.050212 -0.966310 -0.252436
vn 0.057793 -0.955114 -0.290546
vn 0.066934 -0.939302 -0.336499
vn 0.077200 -0.918374 -0.388110
vn 0.082204 -0.906892 -0.413266
vn 0.194135 -0.098798 -0.975987
vn 0.180909 0.374286 -0.909496
vn 0.147093 0.656904 -0.739487
vn 0.120936 0.784682 -0.607988
vn 0.105210 0.842120 -0.528928
vn 0.096994 0.867650 -0.487623
vn 0.094368 0.875226 -0.474419
vn 0.137320 -0.710320 -0.690354
vn 0.142391 -0.683583 -0.715849
vn 0.149953 -0.639687 -0.753866
vn 0.158903 -0.580147 -0.798862
vn 0.168019 -0.508204 -0.844688
vn 0.176252 -0.428711 -0.886082
vn 0.188484 -0.258019 -0.947576
vn 0.194470 0.079659 -0.977669
vn 0.177673 0.413018 -0.893224
vn 0.155255 0.605545 -0.780520
vn 0.138107 0.706299 -0.694311
vn 0.127073 0.758774 -0.638839
vn 0.120997 0.784435 -0.608293
vn 0.127128 0.758529 -0.639118
vn 0.149679 0.641370 -0.752490
vn 0.171796 0.473861 -0.863679
vn 0.184317 0.327703 -0.926627
vn 0.190451 0.216774 -0.957464
vn 0.193118 0.141801 -0.970875
vn 0.194130 0.099047 -0.975963
vn 0.194381 0.085165 -0.977222
vn -0.000007 1.000000 0.000035
vn 0.195089 0.001932 -0.980784
vn 0.129893 -0.746121 -0.653017
vn 0.133987 -0.726850 -0.673599
vn 0.140990 -0.691168 -0.708808
vn 0.151107 -0.632513 -0.759667
vn 0.164193 -0.540055 -0.825458
vn 0.178892 -0.398950 -0.899353
vn 0.193309 -0.134797 -0.971834
vn 0.187937 0.268294 -0.944827
vn 0.155882 0.601295 -0.783674
vn 0.124946 0.767998 -0.628147
vn 0.104193 0.845434 -0.523818
vn 0.091693 0.882664 -0.460973
vn 0.085032 0.900014 -0.427486
vn 0.082874 0.905286 -0.416641
vn 0.189204 0.243769 -0.951198
vn 0.190871 0.206825 -0.959579
vn 0.193091 0.142780 -0.970737
vn 0.194320 0.088756 -0.976915
vn 0.194882 0.046031 -0.979746
vn 0.195067 0.015277 -0.980671
vn 0.195088 -0.003225 -0.980780
vn 0.195081 -0.009393 -0.980742
vn 0.000309 -0.999999 -0.001553
vn 0.187637 0.273766 -0.943316
vn 0.186711 0.289918 -0.938662
vn 0.184928 0.318538 -0.929696
vn 0.181832 0.362356 -0.914131
vn 0.176537 0.425620 -0.887515
vn 0.167339 0.514066 -0.841269
vn 0.145897 0.663872 -0.733476
vn 0.111597 0.820235 -0.561036
vn 0.084036 0.902470 -0.422477
vn 0.068339 0.936640 -0.343563
vn 0.059037 0.953113 -0.296801
vn 0.053526 0.961625 -0.269095
vn 0.050570 0.965820 -0.254233
vn 0.049605 0.967134 -0.249380
vn 0.195090 0.000000 -0.980785
vn 0.106451 -0.838011 -0.535168
vn 0.111057 -0.822155 -0.558325
vn 0.118221 -0.795479 -0.594337
vn 0.127286 -0.757832 -0.639913
vn 0.137424 -0.709790 -0.690878
vn 0.147753 -0.653003 -0.742803
vn 0.162015 -0.557078 -0.814503
vn 0.178087 -0.408304 -0.895306
vn 0.188270 -0.262097 -0.946499
vn 0.192940 -0.148053 -0.969977
vn 0.194841 -0.050512 -0.979533
vn 0.194884 0.045943 -0.979750
vn 0.192465 0.163488 -0.967589
vn 0.185418 0.310966 -0.932159
vn 0.176436 0.426727 -0.887003
vn 0.170110 0.489588 -0.855200
vn 0.163907 0.542336 -0.824018
vn 0.156501 0.597061 -0.786782
vn 0.146529 0.660205 -0.736654
vn 0.131878 0.736915 -0.662997
vn 0.115566 0.805665 -0.580989
vn 0.104976 0.842889 -0.527748
vn 0.096422 0.869325 -0.484744
vn 0.083310 0.904237 -0.418825
vn 0.066134 0.940790 -0.332476
vn 0.046179 0.971581 -0.232159
vn 0.025307 0.991551 -0.127224
vn 0.000000 -1.000000 -0.000535
vn -0.000001 -0.000001 -1.000000
vn 0.000000 -1.000000 0.000002
vn -0.000001 0.000000 -1.000000
vn 0.000000 -0.977664 -0.210174
vn 0.000000 -0.973596 -0.228276
vn 0.000000 -0.966310 -0.257381
vn 0.000000 -0.955114 -0.296237
vn 0.000000 -0.939302 -0.343091
vn 0.000000 -0.918374 -0.395713
vn 0.000000 -0.906892 -0.421363
vn -0.000001 -0.098797 -0.995108
vn -0.000001 0.374286 -0.927313
vn -0.000001 0.656903 -0.753975
vn -0.000001 0.784682 -0.619899
vn -0.000000 0.842121 -0.539289
vn -0.000001 0.867650 -0.497176
vn -0.000001 0.875225 -0.483715
vn 0.000000 -0.710320 -0.703879
vn -0.000001 -0.683582 -0.729874
vn -0.000001 -0.639687 -0.768635
vn -0.000001 -0.580147 -0.814512
vn -0.000001 -0.508204 -0.861237
vn -0.000001 -0.428711 -0.903442
vn -0.000001 -0.258020 -0.966140
vn -0.000001 0.079659 -0.996822
vn -0.000001 0.413019 -0.910722
vn -0.000001 0.605546 -0.795811
vn -0.000001 0.706299 -0.707914
vn -0.000001 0.758774 -0.651354
vn -0.000001 0.784435 -0.620211
vn -0.000001 0.758529 -0.651639
vn -0.000001 0.641370 -0.767232
vn -0.000001 0.473861 -0.880600
vn -0.000001 0.327704 -0.944781
vn -0.000001 0.216774 -0.976222
vn -0.000001 0.141801 -0.989895
vn -0.000001 0.099047 -0.995083
vn -0.000001 0.085165 -0.996367
vn 0.000000 1.000000 0.000035
vn -0.000001 0.001932 -0.999998
vn -0.000001 -0.746122 -0.665810
vn -0.000001 -0.726851 -0.686796
vn -0.000001 -0.691169 -0.722694
vn -0.000001 -0.632513 -0.774550
vn -0.000001 -0.540055 -0.841630
vn -0.000001 -0.398949 -0.916973
vn -0.000001 -0.134795 -0.990874
vn -0.000001 0.268294 -0.963337
vn -0.000001 0.601294 -0.799028
vn -0.000001 0.767998 -0.640453
vn -0.000001 0.845434 -0.534080
vn -0.000001 0.882664 -0.470004
vn -0.000001 0.900014 -0.435861
vn -0.000001 0.905286 -0.424803
vn -0.000002 0.243769 -0.969833
vn -0.000002 0.206825 -0.978378
vn -0.000002 0.142780 -0.989754
vn -0.000002 0.088756 -0.996053
vn -0.000001 0.046031 -0.998940
vn -0.000001 0.015276 -0.999883
vn -0.000001 -0.003225 -0.999995
vn -0.000002 -0.009393 -0.999956
vn 0.000000 -0.999999 -0.001583
vn -0.000001 0.273767 -0.961796
vn -0.000001 0.289918 -0.957052
vn -0.000001 0.318538 -0.947910
vn -0.000001 0.362356 -0.932040
vn -0.000001 0.425621 -0.904902
vn -0.000001 0.514066 -0.857751
vn -0.000001 0.663872 -0.747846
vn -0.000001 0.820235 -0.572027
vn -0.000000 0.902470 -0.430753
vn -0.000000 0.936640 -0.350294
vn -0.000000 0.953112 -0.302616
vn -0.000000 0.961625 -0.274366
vn -0.000000 0.965820 -0.259214
vn -0.000000 0.967134 -0.254266
vn -0.000002 0.000000 -1.000000
vn -0.000001 -0.838011 -0.545653
vn -0.000001 -0.822156 -0.569263
vn -0.000001 -0.795479 -0.605981
vn -0.000001 -0.757832 -0.652450
vn -0.000001 -0.709790 -0.704413
vn -0.000001 -0.653003 -0.757355
vn -0.000001 -0.557079 -0.830460
vn 0.000000 -0.408304 -0.912846
vn -0.000001 -0.262097 -0.965041
vn -0.000001 -0.148053 -0.988979
vn -0.000001 -0.050513 -0.998723
vn -0.000001 0.045943 -0.998944
vn -0.000001 0.163488 -0.986545
vn -0.000000 0.310967 -0.950421
vn -0.000001 0.426727 -0.904380
vn -0.000001 0.489587 -0.871954
vn -0.000000 0.542336 -0.840162
vn -0.000000 0.597061 -0.802196
vn -0.000000 0.660204 -0.751086
vn -0.000000 0.736915 -0.675985
vn -0.000000 0.805665 -0.592371
vn -0.000000 0.842889 -0.538087
vn -0.000000 0.869325 -0.494240
vn -0.000000 0.904237 -0.427031
vn -0.000000 0.940790 -0.338990
vn -0.000000 0.971581 -0.236707
vn -0.000000 0.991551 -0.129716
vn -0.000104 -1.000000 -0.000525
vn -0.195091 0.000000 -0.980785
vn 0.000000 -1.000000 0.000002
vn -0.195091 0.000000 -0.980785
vn -0.041003 -0.977664 -0.206136
vn -0.044535 -0.973596 -0.223890
vn -0.050213 -0.966310 -0.252435
vn -0.057793 -0.955114 -0.290546
vn -0.066934 -0.939302 -0.336499
vn -0.077200 -0.918374 -0.388110
vn -0.082204 -0.906891 -0.413268
vn -0.194136 -0.098798 -0.975987
vn -0.180910 0.374284 -0.909496
vn -0.147094 0.656903 -0.739487
vn -0.120937 0.784682 -0.607987
vn -0.105211 0.842120 -0.528928
vn -0.096994 0.867650 -0.487623
vn -0.094368 0.875226 -0.474420
vn -0.137320 -0.710320 -0.690354
vn -0.142392 -0.683582 -0.715850
vn -0.149954 -0.639687 -0.753866
vn -0.158904 -0.580146 -0.798862
vn -0.168019 -0.508204 -0.844688
vn -0.176253 -0.428711 -0.886082
vn -0.188485 -0.258019 -0.947576
vn -0.194471 0.079659 -0.977668
vn -0.177674 0.413019 -0.893223
vn -0.155255 0.605546 -0.780519
vn -0.138107 0.706299 -0.694311
vn -0.127073 0.758774 -0.638838
vn -0.120997 0.784435 -0.608293
vn -0.127129 0.758529 -0.639118
vn -0.149680 0.641370 -0.752489
vn -0.171797 0.473861 -0.863679
vn -0.184318 0.327703 -0.926627
vn -0.190452 0.216774 -0.957464
vn -0.193120 0.141801 -0.970874
vn -0.194132 0.099047 -0.975962
vn -0.194382 0.085166 -0.977222
vn 0.000007 1.000000 0.000035
vn -0.195091 0.001932 -0.980783
vn -0.129893 -0.746123 -0.653015
vn -0.133988 -0.726851 -0.673598
vn -0.140991 -0.691168 -0.708808
vn -0.151108 -0.632513 -0.759667
vn -0.164194 -0.540055 -0.825458
vn -0.178893 -0.398948 -0.899354
vn -0.193311 -0.134795 -0.971834
vn -0.187939 0.268293 -0.944827
vn -0.155883 0.601294 -0.783675
vn -0.124947 0.767998 -0.628146
vn -0.104194 0.845434 -0.523818
vn -0.091694 0.882664 -0.460973
vn -0.085033 0.900014 -0.427486
vn -0.082875 0.905286 -0.416640
vn -0.189206 0.243769 -0.951198
vn -0.190873 0.206825 -0.959579
vn -0.193093 0.142780 -0.970736
vn -0.194321 0.088756 -0.976914
vn -0.194884 0.046031 -0.979746
vn -0.195069 0.015277 -0.980671
vn -0.195090 -0.003225 -0.980780
vn -0.195083 -0.009393 -0.980742
vn -0.000309 -0.999999 -0.001553
vn -0.187638 0.273767 -0.943315
vn -0.186712 0.289918 -0.938662
vn -0.184928 0.318538 -0.929696
vn -0.181832 0.362356 -0.914131
vn -0.176538 0.425621 -0.887514
vn -0.167339 0.514066 -0.841269
vn -0.145898 0.663872 -0.733476
vn -0.111597 0.820235 -0.561035
vn -0.084036 0.902470 -0.422477
vn -0.068339 0.936640 -0.343563
vn -0.059038 0.953112 -0.296802
vn -0.053526 0.961625 -0.269094
vn -0.050570 0.965820 -0.254233
vn -0.049605 0.967134 -0.249380
vn -0.195091 0.000000 -0.980785
vn -0.106452 -0.838011 -0.535168
vn -0.111058 -0.822156 -0.558325
vn -0.118221 -0.795479 -0.594337
vn -0.127287 -0.757832 -0.639913
vn -0.137424 -0.709791 -0.690878
vn -0.147753 -0.653003 -0.742803
vn -0.162015 -0.557079 -0.814503
vn -0.178088 -0.408304 -0.895306
vn -0.188270 -0.262097 -0.946499
vn -0.192941 -0.148054 -0.969976
vn -0.194841 -0.050512 -0.979533
vn -0.194885 0.045944 -0.979749
vn -0.192466 0.163488 -0.967589
vn -0.185418 0.310966 -0.932159
vn -0.176436 0.426727 -0.887003
vn -0.170110 0.489587 -0.855200
vn -0.163908 0.542336 -0.824018
vn -0.156501 0.597061 -0.786782
vn -0.146530 0.660204 -0.736654
vn -0.131878 0.736915 -0.662996
vn -0.115566 0.805665 -0.580989
vn -0.104976 0.842889 -0.527748
vn -0.096422 0.869325 -0.484744
vn -0.083310 0.904237 -0.418825
vn -0.066134 0.940790 -0.332476
vn -0.046179 0.971581 -0.232159
vn -0.025307 0.991551 -0.127224
vn -0.000205 -1.000000 -0.000494
vn -0.382684 0.000000 -0.923879
vn 0.000001 -1.000000 0.000002
vn -0.382684 0.000000 -0.923879
vn -0.080430 -0.977664 -0.194175
vn -0.087357 -0.973597 -0.210899
vn -0.098496 -0.966310 -0.237789
vn -0.113366 -0.955114 -0.273689
vn -0.131295 -0.939302 -0.316975
vn -0.151433 -0.918374 -0.365591
vn -0.161249 -0.906891 -0.389290
vn -0.380811 -0.098799 -0.919359
vn -0.354868 0.374286 -0.856726
vn -0.288534 0.656904 -0.696581
vn -0.237225 0.784682 -0.572711
vn -0.206377 0.842120 -0.498239
vn -0.190261 0.867649 -0.459331
vn -0.185110 0.875225 -0.446895
vn -0.269363 -0.710321 -0.650298
vn -0.279311 -0.683582 -0.674316
vn -0.294145 -0.639687 -0.710127
vn -0.311701 -0.580146 -0.752511
vn -0.329581 -0.508205 -0.795678
vn -0.345732 -0.428711 -0.834671
vn -0.369726 -0.258019 -0.892597
vn -0.381468 0.079659 -0.920943
vn -0.348519 0.413019 -0.841398
vn -0.304544 0.605546 -0.735233
vn -0.270907 0.706299 -0.654027
vn -0.249263 0.758774 -0.601773
vn -0.237345 0.784435 -0.573000
vn -0.249372 0.758529 -0.602036
vn -0.293607 0.641370 -0.708829
vn -0.336991 0.473861 -0.813568
vn -0.361552 0.327703 -0.872863
vn -0.373585 0.216774 -0.901911
vn -0.378817 0.141801 -0.914544
vn -0.380802 0.099047 -0.919336
vn -0.381294 0.085165 -0.920523
vn 0.000014 1.000000 0.000033
vn -0.382683 0.001932 -0.923878
vn -0.254795 -0.746122 -0.615128
vn -0.262826 -0.726851 -0.634516
vn -0.276563 -0.691168 -0.667682
vn -0.296408 -0.632513 -0.715590
vn -0.322078 -0.540054 -0.777565
vn -0.350911 -0.398947 -0.847173
vn -0.379191 -0.134795 -0.915448
vn -0.368654 0.268293 -0.890007
vn -0.305775 0.601294 -0.738206
vn -0.245091 0.767997 -0.591701
vn -0.204384 0.845434 -0.493426
vn -0.179863 0.882664 -0.434227
vn -0.166797 0.900014 -0.402683
vn -0.162565 0.905286 -0.392467
vn -0.371139 0.243769 -0.896009
vn -0.374409 0.206825 -0.903903
vn -0.378763 0.142780 -0.914414
vn -0.381174 0.088756 -0.920233
vn -0.382278 0.046031 -0.922900
vn -0.382639 0.015277 -0.923772
vn -0.382682 -0.003225 -0.923875
vn -0.382667 -0.009393 -0.923839
vn -0.000606 -0.999999 -0.001463
vn -0.368064 0.273767 -0.888584
vn -0.366248 0.289918 -0.884200
vn -0.362750 0.318538 -0.875755
vn -0.356676 0.362356 -0.861093
vn -0.346291 0.425620 -0.836020
vn -0.328247 0.514066 -0.792458
vn -0.286188 0.663872 -0.690920
vn -0.218905 0.820235 -0.528484
vn -0.164842 0.902470 -0.397964
vn -0.134052 0.936640 -0.323630
vn -0.115806 0.953112 -0.279581
vn -0.104996 0.961625 -0.253482
vn -0.099197 0.965820 -0.239482
vn -0.097304 0.967134 -0.234911
vn -0.382683 0.000000 -0.923880
vn -0.208812 -0.838011 -0.504118
vn -0.217848 -0.822155 -0.525931
vn -0.231899 -0.795479 -0.559853
vn -0.249682 -0.757832 -0.602785
vn -0.269567 -0.709791 -0.650793
vn -0.289827 -0.653003 -0.699705
vn -0.317803 -0.557079 -0.767245
vn -0.349331 -0.408304 -0.843360
vn -0.369305 -0.262097 -0.891582
vn -0.378466 -0.148054 -0.913698
vn -0.382195 -0.050512 -0.922700
vn -0.382279 0.045944 -0.922904
vn -0.377534 0.163488 -0.911449
vn -0.363710 0.310966 -0.878075
vn -0.346091 0.426727 -0.835539
vn -0.333682 0.489587 -0.805581
vn -0.321516 0.542336 -0.776208
vn -0.306987 0.597061 -0.741133
vn -0.287428 0.660205 -0.693913
vn -0.258688 0.736915 -0.624529
vn -0.226691 0.805665 -0.547280
vn -0.205917 0.842889 -0.497128
vn -0.189137 0.869325 -0.456619
vn -0.163417 0.904237 -0.394525
vn -0.129726 0.940790 -0.313186
vn -0.090584 0.971581 -0.218689
vn -0.049640 0.991551 -0.119842
vn -0.000297 -1.000000 -0.000445
vn -0.555571 0.000000 -0.831469
vn 0.000000 -1.000000 0.000000
vn -0.555571 0.000000 -0.831469
vn -0.116766 -0.977664 -0.174751
vn -0.126823 -0.973597 -0.189803
vn -0.142994 -0.966310 -0.214004
vn -0.164581 -0.955114 -0.246313
vn -0.190611 -0.939302 -0.285269
vn -0.219847 -0.918374 -0.329023
vn -0.234097 -0.906892 -0.350351
vn -0.552853 -0.098799 -0.827401
vn -0.515189 0.374284 -0.771033
vn -0.418886 0.656905 -0.626906
vn -0.344397 0.784682 -0.515426
vn -0.299614 0.842120 -0.448403
vn -0.276217 0.867649 -0.413387
vn -0.268739 0.875225 -0.402195
vn -0.391054 -0.710321 -0.585253
vn -0.405497 -0.683583 -0.606867
vn -0.427032 -0.639687 -0.639096
vn -0.452519 -0.580147 -0.677242
vn -0.478478 -0.508204 -0.716092
vn -0.501926 -0.428711 -0.751184
vn -0.536759 -0.258019 -0.803315
vn -0.553805 0.079659 -0.828827
vn -0.505971 0.413019 -0.757238
vn -0.442129 0.605546 -0.661692
vn -0.393296 0.706299 -0.588608
vn -0.361873 0.758774 -0.541581
vn -0.344571 0.784435 -0.515686
vn -0.362032 0.758529 -0.541818
vn -0.426252 0.641370 -0.637930
vn -0.489236 0.473861 -0.732191
vn -0.524893 0.327704 -0.785556
vn -0.542361 0.216773 -0.811698
vn -0.549957 0.141801 -0.823067
vn -0.552839 0.099047 -0.827381
vn -0.553553 0.085165 -0.828448
vn 0.000020 1.000000 0.000029
vn -0.555570 0.001932 -0.831468
vn -0.369904 -0.746122 -0.553600
vn -0.381564 -0.726851 -0.571049
vn -0.401508 -0.691168 -0.600898
vn -0.430318 -0.632513 -0.644014
vn -0.467585 -0.540055 -0.699789
vn -0.509444 -0.398947 -0.762436
vn -0.550501 -0.134795 -0.823881
vn -0.535203 0.268292 -0.800985
vn -0.443916 0.601295 -0.664367
vn -0.355817 0.767998 -0.532517
vn -0.296719 0.845434 -0.444071
vn -0.261120 0.882665 -0.390793
vn -0.242152 0.900014 -0.362405
vn -0.236009 0.905286 -0.353211
vn -0.538812 0.243769 -0.806386
vn -0.543559 0.206825 -0.813491
vn -0.549879 0.142780 -0.822950
vn -0.553379 0.088756 -0.828187
vn -0.554983 0.046031 -0.830587
vn -0.555506 0.015277 -0.831372
vn -0.555569 -0.003225 -0.831464
vn -0.555547 -0.009393 -0.831432
vn -0.000879 -0.999999 -0.001316
vn -0.534346 0.273767 -0.799704
vn -0.531710 0.289918 -0.795759
vn -0.526631 0.318538 -0.788158
vn -0.517814 0.362356 -0.774963
vn -0.502737 0.425621 -0.752398
vn -0.476541 0.514066 -0.713193
vn -0.415482 0.663872 -0.621811
vn -0.317801 0.820235 -0.475623
vn -0.239314 0.902470 -0.358158
vn -0.194613 0.936640 -0.291259
vn -0.168125 0.953112 -0.251616
vn -0.152430 0.961625 -0.228127
vn -0.144011 0.965820 -0.215528
vn -0.141262 0.967135 -0.211413
vn -0.555571 0.000000 -0.831469
vn -0.303149 -0.838011 -0.453694
vn -0.316267 -0.822155 -0.473325
vn -0.336665 -0.795479 -0.503854
vn -0.362482 -0.757832 -0.542492
vn -0.391351 -0.709790 -0.585698
vn -0.420764 -0.653003 -0.629718
vn -0.461379 -0.557078 -0.690502
vn -0.507151 -0.408304 -0.759003
vn -0.536149 -0.262097 -0.802402
vn -0.549448 -0.148054 -0.822306
vn -0.554861 -0.050512 -0.830408
vn -0.554984 0.045944 -0.830591
vn -0.548095 0.163489 -0.820282
vn -0.528026 0.310967 -0.790246
vn -0.502447 0.426727 -0.751965
vn -0.484432 0.489587 -0.725003
vn -0.466769 0.542336 -0.698569
vn -0.445676 0.597061 -0.667001
vn -0.417281 0.660205 -0.624505
vn -0.375558 0.736915 -0.562061
vn -0.329104 0.805665 -0.492539
vn -0.298946 0.842889 -0.447403
vn -0.274585 0.869325 -0.410946
vn -0.237245 0.904237 -0.355063
vn -0.188333 0.940790 -0.281859
vn -0.131508 0.971581 -0.196815
vn -0.072067 0.991551 -0.107855
vn -0.000378 -1.000000 -0.000378
vn -0.707107 0.000000 -0.707106
vn 0.000000 -1.000000 0.000000
vn -0.707107 0.000000 -0.707106
vn -0.148616 -0.977664 -0.148615
vn -0.161416 -0.973596 -0.161415
vn -0.181996 -0.966310 -0.181995
vn -0.209471 -0.955115 -0.209470
vn -0.242601 -0.939303 -0.242600
vn -0.279812 -0.918374 -0.279812
vn -0.297950 -0.906891 -0.297950
vn -0.703648 -0.098799 -0.703647
vn -0.655710 0.374285 -0.655709
vn -0.533141 0.656904 -0.533140
vn -0.438335 0.784682 -0.438335
vn -0.381337 0.842119 -0.381336
vn -0.351557 0.867649 -0.351557
vn -0.342038 0.875226 -0.342038
vn -0.497718 -0.710320 -0.497717
vn -0.516099 -0.683582 -0.516098
vn -0.543508 -0.639687 -0.543507
vn -0.575947 -0.580148 -0.575946
vn -0.608986 -0.508205 -0.608985
vn -0.638830 -0.428712 -0.638829
vn -0.683164 -0.258019 -0.683164
vn -0.704860 0.079659 -0.704859
vn -0.643979 0.413018 -0.643978
vn -0.562724 0.605545 -0.562723
vn -0.500570 0.706299 -0.500570
vn -0.460577 0.758774 -0.460576
vn -0.438555 0.784435 -0.438555
vn -0.460779 0.758529 -0.460778
vn -0.542515 0.641371 -0.542514
vn -0.622679 0.473861 -0.622678
vn -0.668061 0.327703 -0.668060
vn -0.690294 0.216773 -0.690293
vn -0.699962 0.141801 -0.699961
vn -0.703630 0.099047 -0.703629
vn -0.704538 0.085165 -0.704537
vn 0.000025 1.000000 0.000025
vn -0.707106 0.001932 -0.707105
vn -0.470799 -0.746122 -0.470798
vn -0.485638 -0.726851 -0.485637
vn -0.511023 -0.691168 -0.511022
vn -0.547691 -0.632512 -0.547690
vn -0.595122 -0.540057 -0.595121
vn -0.648398 -0.398949 -0.648397
vn -0.700654 -0.134793 -0.700653
vn -0.681183 0.268293 -0.681182
vn -0.564999 0.601293 -0.564998
vn -0.452869 0.767998 -0.452868
vn -0.377652 0.845434 -0.377651
vn -0.332343 0.882665 -0.332342
vn -0.308200 0.900014 -0.308200
vn -0.300382 0.905286 -0.300381
vn -0.685776 0.243769 -0.685775
vn -0.691818 0.206825 -0.691817
vn -0.699863 0.142780 -0.699861
vn -0.704317 0.088756 -0.704315
vn -0.706358 0.046030 -0.706356
vn -0.707025 0.015277 -0.707024
vn -0.707104 -0.003225 -0.707103
vn -0.707076 -0.009393 -0.707075
vn -0.001119 -0.999999 -0.001119
vn -0.680093 0.273766 -0.680092
vn -0.676738 0.289918 -0.676737
vn -0.670274 0.318538 -0.670273
vn -0.659052 0.362356 -0.659051
vn -0.639862 0.425621 -0.639862
vn -0.606522 0.514065 -0.606521
vn -0.528808 0.663871 -0.528807
vn -0.404484 0.820235 -0.404484
vn -0.304589 0.902470 -0.304589
vn -0.247695 0.936640 -0.247695
vn -0.213982 0.953112 -0.213982
vn -0.194007 0.961625 -0.194006
vn -0.183291 0.965820 -0.183291
vn -0.179792 0.967135 -0.179792
vn -0.707107 0.000000 -0.707106
vn -0.385836 -0.838011 -0.385835
vn -0.402531 -0.822155 -0.402530
vn -0.428493 -0.795479 -0.428493
vn -0.461352 -0.757832 -0.461351
vn -0.498095 -0.709791 -0.498095
vn -0.535531 -0.653003 -0.535531
vn -0.587224 -0.557079 -0.587223
vn -0.645480 -0.408304 -0.645480
vn -0.682387 -0.262097 -0.682387
vn -0.699314 -0.148054 -0.699314
vn -0.706204 -0.050512 -0.706204
vn -0.706360 0.045944 -0.706360
vn -0.697593 0.163488 -0.697593
vn -0.672049 0.310967 -0.672049
vn -0.639493 0.426727 -0.639494
vn -0.616565 0.489587 -0.616565
vn -0.594084 0.542336 -0.594084
vn -0.567238 0.597061 -0.567238
vn -0.531098 0.660205 -0.531098
vn -0.477994 0.736915 -0.477994
vn -0.418870 0.805665 -0.418870
vn -0.380485 0.842889 -0.380485
vn -0.349481 0.869325 -0.349481
vn -0.301956 0.904237 -0.301956
vn -0.239702 0.940790 -0.239702
vn -0.167377 0.971581 -0.167377
vn -0.091723 0.991551 -0.091723
vn -0.000445 -1.000000 -0.000297
vn -0.831470 0.000000 -0.555570
vn 0.000000 -1.000000 0.000000
vn -0.831470 0.000000 -0.555570
vn -0.174753 -0.977664 -0.116766
vn -0.189805 -0.973596 -0.126823
vn -0.214005 -0.966310 -0.142993
vn -0.246313 -0.955114 -0.164581
vn -0.285269 -0.939302 -0.190611
vn -0.329024 -0.918374 -0.219847
vn -0.350352 -0.906891 -0.234098
vn -0.827402 -0.098799 -0.552852
vn -0.771033 0.374285 -0.515188
vn -0.626907 0.656904 -0.418886
vn -0.515426 0.784682 -0.344397
vn -0.448403 0.842120 -0.299613
vn -0.413387 0.867650 -0.276216
vn -0.402194 0.875226 -0.268737
vn -0.585254 -0.710320 -0.391054
vn -0.606868 -0.683582 -0.405496
vn -0.639097 -0.639687 -0.427030
vn -0.677242 -0.580147 -0.452518
vn -0.716093 -0.508204 -0.478477
vn -0.751185 -0.428711 -0.501925
vn -0.803316 -0.258020 -0.536758
vn -0.828828 0.079658 -0.553804
vn -0.757238 0.413019 -0.505970
vn -0.661692 0.605546 -0.442128
vn -0.588609 0.706299 -0.393295
vn -0.541581 0.758774 -0.361873
vn -0.515686 0.784435 -0.344570
vn -0.541819 0.758529 -0.362031
vn -0.637930 0.641371 -0.426250
vn -0.732192 0.473861 -0.489235
vn -0.785557 0.327703 -0.524892
vn -0.811699 0.216773 -0.542359
vn -0.823068 0.141801 -0.549956
vn -0.827381 0.099047 -0.552838
vn -0.828449 0.085166 -0.553551
vn 0.000029 1.000000 0.000020
vn -0.831469 0.001932 -0.555568
vn -0.553601 -0.746121 -0.369904
vn -0.571049 -0.726851 -0.381562
vn -0.600898 -0.691169 -0.401506
vn -0.644016 -0.632512 -0.430317
vn -0.699790 -0.540055 -0.467584
vn -0.762435 -0.398950 -0.509442
vn -0.823882 -0.134794 -0.550499
vn -0.800986 0.268294 -0.535201
vn -0.664368 0.601294 -0.443916
vn -0.532517 0.767998 -0.355816
vn -0.444072 0.845434 -0.296719
vn -0.390794 0.882664 -0.261120
vn -0.362405 0.900014 -0.242151
vn -0.353211 0.905286 -0.236008
vn -0.806387 0.243769 -0.538810
vn -0.813492 0.206825 -0.543557
vn -0.822951 0.142781 -0.549878
vn -0.828188 0.088756 -0.553377
vn -0.830589 0.046031 -0.554981
vn -0.831373 0.015276 -0.555505
vn -0.831466 -0.003225 -0.555567
vn -0.831433 -0.009393 -0.555545
vn -0.001316 -0.999999 -0.000879
vn -0.799704 0.273767 -0.534345
vn -0.795759 0.289918 -0.531709
vn -0.788159 0.318538 -0.526630
vn -0.774963 0.362356 -0.517813
vn -0.752398 0.425621 -0.502736
vn -0.713194 0.514066 -0.476541
vn -0.621812 0.663871 -0.415481
vn -0.475623 0.820235 -0.317801
vn -0.358158 0.902470 -0.239313
vn -0.291259 0.936640 -0.194613
vn -0.251616 0.953113 -0.168124
vn -0.228127 0.961625 -0.152430
vn -0.215528 0.965820 -0.144011
vn -0.211413 0.967135 -0.141261
vn -0.831470 0.000000 -0.555569
vn -0.453695 -0.838011 -0.303149
vn -0.473326 -0.822155 -0.316266
vn -0.503855 -0.795479 -0.336665
vn -0.542492 -0.757832 -0.362482
vn -0.585698 -0.709791 -0.391351
vn -0.629718 -0.653003 -0.420764
vn -0.690502 -0.557079 -0.461378
vn -0.759004 -0.408304 -0.507150
vn -0.802403 -0.262097 -0.536148
vn -0.822306 -0.148054 -0.549447
vn -0.830408 -0.050513 -0.554861
vn -0.830591 0.045944 -0.554984
vn -0.820282 0.163489 -0.548095
vn -0.790246 0.310966 -0.528026
vn -0.751965 0.426727 -0.502447
vn -0.725003 0.489588 -0.484432
vn -0.698569 0.542336 -0.466769
vn -0.667002 0.597061 -0.445676
vn -0.624505 0.660205 -0.417281
vn -0.562061 0.736915 -0.375558
vn -0.492539 0.805665 -0.329104
vn -0.447403 0.842889 -0.298945
vn -0.410946 0.869325 -0.274585
vn -0.355063 0.904237 -0.237245
vn -0.281860 0.940790 -0.188332
vn -0.196815 0.971581 -0.131508
vn -0.107855 0.991551 -0.072067
vn -0.000494 -1.000000 -0.000205
vn -0.923880 0.000000 -0.382683
vn 0.000000 -1.000000 0.000000
vn -0.923880 0.000000 -0.382683
vn -0.194175 -0.977664 -0.080430
vn -0.210900 -0.973596 -0.087357
vn -0.237789 -0.966310 -0.098495
vn -0.273688 -0.955114 -0.113365
vn -0.316974 -0.939302 -0.131295
vn -0.365591 -0.918374 -0.151433
vn -0.389290 -0.906891 -0.161249
vn -0.919360 -0.098798 -0.380811
vn -0.856726 0.374285 -0.354867
vn -0.696582 0.656904 -0.288533
vn -0.572712 0.784682 -0.237224
vn -0.498239 0.842120 -0.206377
vn -0.459331 0.867650 -0.190261
vn -0.446894 0.875226 -0.185109
vn -0.650299 -0.710320 -0.269363
vn -0.674315 -0.683582 -0.279310
vn -0.710127 -0.639687 -0.294144
vn -0.752511 -0.580147 -0.311700
vn -0.795679 -0.508204 -0.329581
vn -0.834671 -0.428711 -0.345732
vn -0.892597 -0.258019 -0.369725
vn -0.920944 0.079659 -0.381467
vn -0.841398 0.413018 -0.348518
vn -0.735233 0.605546 -0.304543
vn -0.654027 0.706299 -0.270906
vn -0.601773 0.758774 -0.249262
vn -0.573000 0.784435 -0.237344
vn -0.602036 0.758529 -0.249371
vn -0.708830 0.641370 -0.293606
vn -0.813568 0.473861 -0.336990
vn -0.872864 0.327704 -0.361551
vn -0.901911 0.216774 -0.373584
vn -0.914544 0.141801 -0.378816
vn -0.919337 0.099047 -0.380801
vn -0.920523 0.085166 -0.381293
vn 0.000033 1.000000 0.000014
vn -0.923878 0.001932 -0.382682
vn -0.615127 -0.746122 -0.254794
vn -0.634517 -0.726850 -0.262825
vn -0.667683 -0.691168 -0.276563
vn -0.715592 -0.632512 -0.296407
vn -0.777565 -0.540055 -0.322077
vn -0.847172 -0.398952 -0.350909
vn -0.915448 -0.134797 -0.379190
vn -0.890007 0.268294 -0.368653
vn -0.738205 0.601295 -0.305774
vn -0.591702 0.767997 -0.245090
vn -0.493425 0.845434 -0.204383
vn -0.434227 0.882665 -0.179862
vn -0.402683 0.900014 -0.166796
vn -0.392467 0.905286 -0.162565
vn -0.896010 0.243769 -0.371138
vn -0.903904 0.206825 -0.374408
vn -0.914414 0.142781 -0.378762
vn -0.920233 0.088756 -0.381173
vn -0.922900 0.046031 -0.382278
vn -0.923772 0.015277 -0.382638
vn -0.923875 -0.003225 -0.382681
vn -0.923839 -0.009393 -0.382666
vn -0.001462 -0.999999 -0.000606
vn -0.888584 0.273766 -0.368063
vn -0.884200 0.289918 -0.366248
vn -0.875755 0.318538 -0.362749
vn -0.861093 0.362356 -0.356676
vn -0.836020 0.425621 -0.346291
vn -0.792458 0.514066 -0.328247
vn -0.690920 0.663872 -0.286189
vn -0.528484 0.820235 -0.218905
vn -0.397965 0.902469 -0.164842
vn -0.323630 0.936640 -0.134052
vn -0.279581 0.953112 -0.115806
vn -0.253481 0.961625 -0.104995
vn -0.239482 0.965820 -0.099197
vn -0.234909 0.967135 -0.097303
vn -0.923879 0.000000 -0.382684
vn -0.504118 -0.838011 -0.208812
vn -0.525931 -0.822155 -0.217847
vn -0.559853 -0.795479 -0.231899
vn -0.602785 -0.757832 -0.249682
vn -0.650793 -0.709790 -0.269567
vn -0.699705 -0.653003 -0.289827
vn -0.767245 -0.557079 -0.317803
vn -0.843360 -0.408304 -0.349331
vn -0.891582 -0.262097 -0.369306
vn -0.913698 -0.148054 -0.378466
vn -0.922700 -0.050513 -0.382195
vn -0.922904 0.045944 -0.382279
vn -0.911449 0.163488 -0.377535
vn -0.878074 0.310967 -0.363711
vn -0.835538 0.426728 -0.346091
vn -0.805581 0.489587 -0.333682
vn -0.776208 0.542336 -0.321516
vn -0.741132 0.597061 -0.306987
vn -0.693913 0.660205 -0.287428
vn -0.624529 0.736915 -0.258689
vn -0.547280 0.805665 -0.226691
vn -0.497128 0.842889 -0.205917
vn -0.456618 0.869325 -0.189138
vn -0.394525 0.904237 -0.163418
vn -0.313185 0.940790 -0.129726
vn -0.218689 0.971581 -0.090584
vn -0.119842 0.991551 -0.049640
vn -0.000525 -1.000000 -0.000104
vn -0.980785 0.000000 -0.195090
vn 0.000000 -1.000000 0.000000
vn -0.980785 0.000000 -0.195090
vn -0.206136 -0.977664 -0.041003
vn -0.223890 -0.973596 -0.044534
vn -0.252435 -0.966310 -0.050212
vn -0.290546 -0.955114 -0.057793
vn -0.336498 -0.939302 -0.066933
vn -0.388111 -0.918374 -0.077200
vn -0.413269 -0.906891 -0.082204
vn -0.975987 -0.098800 -0.194135
vn -0.909496 0.374284 -0.180909
vn -0.739487 0.656904 -0.147093
vn -0.607987 0.784683 -0.120936
vn -0.528928 0.842120 -0.105210
vn -0.487623 0.867650 -0.096994
vn -0.474420 0.875226 -0.094368
vn -0.690354 -0.710320 -0.137319
vn -0.715850 -0.683582 -0.142391
vn -0.753866 -0.639688 -0.149953
vn -0.798862 -0.580147 -0.158903
vn -0.844689 -0.508203 -0.168019
vn -0.886082 -0.428711 -0.176252
vn -0.947576 -0.258020 -0.188484
vn -0.977669 0.079659 -0.194470
vn -0.893224 0.413018 -0.177673
vn -0.780519 0.605546 -0.155254
vn -0.694311 0.706300 -0.138107
vn -0.638839 0.758774 -0.127072
vn -0.608293 0.784435 -0.120997
vn -0.639118 0.758529 -0.127128
vn -0.752489 0.641371 -0.149679
vn -0.863679 0.473861 -0.171796
vn -0.926627 0.327703 -0.184317
vn -0.957464 0.216774 -0.190451
vn -0.970875 0.141801 -0.193118
vn -0.975963 0.099046 -0.194130
vn -0.977222 0.085165 -0.194381
vn 0.000035 1.000000 0.000007
vn -0.980784 0.001933 -0.195089
vn -0.653015 -0.746123 -0.129892
vn -0.673598 -0.726852 -0.133986
vn -0.708809 -0.691167 -0.140990
vn -0.759668 -0.632512 -0.151107
vn -0.825457 -0.540057 -0.164193
vn -0.899355 -0.398947 -0.178892
vn -0.971834 -0.134794 -0.193309
vn -0.944828 0.268292 -0.187937
vn -0.783675 0.601294 -0.155882
vn -0.628146 0.767998 -0.124946
vn -0.523817 0.845434 -0.104193
vn -0.460973 0.882664 -0.091693
vn -0.427486 0.900014 -0.085032
vn -0.416640 0.905286 -0.082874
vn -0.951198 0.243769 -0.189204
vn -0.959579 0.206825 -0.190870
vn -0.970737 0.142780 -0.193090
vn -0.976915 0.088756 -0.194320
vn -0.979746 0.046031 -0.194883
vn -0.980671 0.015277 -0.195067
vn -0.980780 -0.003225 -0.195089
vn -0.980742 -0.009393 -0.195081
vn -0.001553 -0.999999 -0.000309
vn -0.943315 0.273767 -0.187637
vn -0.938662 0.289918 -0.186711
vn -0.929696 0.318538 -0.184927
vn -0.914131 0.362356 -0.181832
vn -0.887514 0.425622 -0.176537
vn -0.841269 0.514066 -0.167338
vn -0.733477 0.663871 -0.145897
vn -0.561035 0.820235 -0.111597
vn -0.422476 0.902470 -0.084036
vn -0.343563 0.936640 -0.068339
vn -0.296802 0.953112 -0.059037
vn -0.269095 0.961625 -0.053526
vn -0.254233 0.965820 -0.050570
vn -0.249378 0.967135 -0.049604
vn -0.980785 0.000000 -0.195090
vn -0.535169 -0.838011 -0.106452
vn -0.558326 -0.822155 -0.111058
vn -0.594337 -0.795479 -0.118220
vn -0.639913 -0.757832 -0.127286
vn -0.690878 -0.709790 -0.137424
vn -0.742803 -0.653003 -0.147752
vn -0.814503 -0.557079 -0.162015
vn -0.895306 -0.408304 -0.178087
vn -0.946499 -0.262097 -0.188270
vn -0.969977 -0.148053 -0.192940
vn -0.979533 -0.050513 -0.194841
vn -0.979750 0.045944 -0.194884
vn -0.967589 0.163489 -0.192465
vn -0.932159 0.310967 -0.185418
vn -0.887003 0.426728 -0.176436
vn -0.855200 0.489588 -0.170110
vn -0.824019 0.542336 -0.163907
vn -0.786782 0.597061 -0.156501
vn -0.736654 0.660204 -0.146529
vn -0.662996 0.736915 -0.131878
vn -0.580989 0.805665 -0.115566
vn -0.527748 0.842889 -0.104975
vn -0.484744 0.869325 -0.096421
vn -0.418825 0.904237 -0.083309
vn -0.332476 0.940790 -0.066134
vn -0.232159 0.971581 -0.046179
vn -0.127224 0.991551 -0.025306
vn -0.000535 -1.000000 0.000000
vn -1.000000 0.000000 0.000001
vn 0.000000 -1.000000 0.000000
vn -1.000000 0.000000 0.000001
vn -0.210174 -0.977664 0.000000
vn -0.228276 -0.973597 0.000000
vn -0.257381 -0.966310 0.000000
vn -0.296238 -0.955114 0.000000
vn -0.343091 -0.939302 0.000000
vn -0.395713 -0.918374 0.000000
vn -0.421364 -0.906891 0.000000
vn -0.995107 -0.098800 0.000001
vn -0.927314 0.374284 0.000001
vn -0.753974 0.656904 0.000001
vn -0.619898 0.784683 0.000001
vn -0.539290 0.842120 0.000001
vn -0.497176 0.867650 0.000001
vn -0.483714 0.875226 0.000001
vn -0.703879 -0.710320 0.000001
vn -0.729874 -0.683582 0.000001
vn -0.768635 -0.639687 0.000001
vn -0.814512 -0.580147 0.000001
vn -0.861237 -0.508204 0.000001
vn -0.903442 -0.428711 0.000001
vn -0.966140 -0.258020 0.000001
vn -0.996822 0.079659 0.000001
vn -0.910722 0.413019 0.000001
vn -0.795811 0.605545 0.000001
vn -0.707913 0.706299 0.000001
vn -0.651354 0.758774 0.000001
vn -0.620211 0.784435 0.000001
vn -0.651640 0.758529 0.000001
vn -0.767232 0.641370 0.000001
vn -0.880599 0.473862 0.000001
vn -0.944780 0.327704 0.000001
vn -0.976222 0.216773 0.000001
vn -0.989895 0.141801 0.000001
vn -0.995083 0.099047 0.000001
vn -0.996367 0.085165 0.000001
vn 0.000035 1.000000 0.000000
vn -0.999998 0.001932 0.000001
vn -0.665809 -0.746123 0.000001
vn -0.686795 -0.726851 0.000001
vn -0.722695 -0.691167 0.000001
vn -0.774550 -0.632513 0.000001
vn -0.841629 -0.540056 0.000001
vn -0.916974 -0.398947 0.000001
vn -0.990874 -0.134792 0.000001
vn -0.963337 0.268294 0.000001
vn -0.799029 0.601293 0.000001
vn -0.640453 0.767997 0.000001
vn -0.534079 0.845434 0.000001
vn -0.470003 0.882665 0.000001
vn -0.435861 0.900014 0.000001
vn -0.424803 0.905286 0.000001
vn -0.969833 0.243769 0.000002
vn -0.978378 0.206825 0.000001
vn -0.989754 0.142780 0.000002
vn -0.996053 0.088756 0.000002
vn -0.998940 0.046031 0.000002
vn -0.999883 0.015277 0.000002
vn -0.999995 -0.003225 0.000002
vn -0.999956 -0.009393 0.000002
vn -0.001583 -0.999999 0.000000
vn -0.961796 0.273767 0.000001
vn -0.957051 0.289919 0.000001
vn -0.947910 0.318538 0.000001
vn -0.932040 0.362355 0.000001
vn -0.904902 0.425621 0.000001
vn -0.857750 0.514066 0.000001
vn -0.747847 0.663872 0.000001
vn -0.572027 0.820235 0.000001
vn -0.430753 0.902470 0.000001
vn -0.350295 0.936640 0.000001
vn -0.302616 0.953113 0.000000
vn -0.274367 0.961625 0.000000
vn -0.259213 0.965820 0.000000
vn -0.254264 0.967135 0.000001
vn -1.000000 0.000000 0.000002
vn -0.545654 -0.838011 0.000001
vn -0.569264 -0.822155 0.000001
vn -0.605981 -0.795479 0.000001
vn -0.652450 -0.757832 0.000001
vn -0.704413 -0.709790 0.000001
vn -0.757355 -0.653003 0.000001
vn -0.830460 -0.557079 0.000001
vn -0.912846 -0.408304 0.000001
vn -0.965042 -0.262097 0.000001
vn -0.988979 -0.148053 0.000001
vn -0.998723 -0.050512 0.000001
vn -0.998944 0.045943 0.000001
vn -0.986545 0.163489 0.000001
vn -0.950421 0.310967 0.000001
vn -0.904380 0.426728 0.000001
vn -0.871954 0.489588 0.000001
vn -0.840162 0.542335 0.000001
vn -0.802196 0.597061 0.000000
vn -0.751086 0.660205 0.000000
vn -0.675986 0.736915 0.000001
vn -0.592371 0.805665 0.000001
vn -0.538087 0.842889 0.000000
vn -0.494240 0.869325 0.000000
vn -0.427031 0.904237 0.000001
vn -0.338990 0.940790 0.000000
vn -0.236707 0.971581 0.000000
vn -0.129716 0.991551 0.000000
vn -0.000525 -1.000000 0.000104
vn -0.980785 0.000000 0.195091
vn 0.000000 -1.000000 0.000000
vn -0.980785 0.000000 0.195091
vn -0.206135 -0.977664 0.041003
vn -0.223890 -0.973596 0.044535
vn -0.252435 -0.966310 0.050213
vn -0.290546 -0.955114 0.057793
vn -0.336498 -0.939302 0.066934
vn -0.388110 -0.918374 0.077200
vn -0.413269 -0.906891 0.082205
vn -0.975987 -0.098798 0.194136
vn -0.909496 0.374285 0.180911
vn -0.739487 0.656903 0.147094
vn -0.607987 0.784682 0.120937
vn -0.528928 0.842120 0.105211
vn -0.487623 0.867650 0.096995
vn -0.474420 0.875226 0.094368
vn -0.690354 -0.710320 0.137320
vn -0.715850 -0.683582 0.142392
vn -0.753867 -0.639687 0.149954
vn -0.798862 -0.580146 0.158904
vn -0.844688 -0.508204 0.168020
vn -0.886082 -0.428711 0.176253
vn -0.947575 -0.258020 0.188485
vn -0.977668 0.079659 0.194471
vn -0.893223 0.413019 0.177674
vn -0.780519 0.605546 0.155255
vn -0.694311 0.706299 0.138108
vn -0.638838 0.758774 0.127073
vn -0.608293 0.784435 0.120997
vn -0.639118 0.758529 0.127129
vn -0.752490 0.641370 0.149680
vn -0.863679 0.473861 0.171797
vn -0.926627 0.327704 0.184318
vn -0.957464 0.216774 0.190452
vn -0.970874 0.141801 0.193120
vn -0.975962 0.099047 0.194132
vn -0.977222 0.085167 0.194382
vn 0.000035 1.000000 -0.000007
vn -0.980783 0.001932 0.195091
vn -0.653017 -0.746121 0.129894
vn -0.673599 -0.726850 0.133988
vn -0.708807 -0.691169 0.140991
vn -0.759666 -0.632514 0.151108
vn -0.825459 -0.540053 0.164194
vn -0.899354 -0.398948 0.178893
vn -0.971834 -0.134798 0.193311
vn -0.944827 0.268294 0.187938
vn -0.783673 0.601296 0.155883
vn -0.628147 0.767997 0.124947
vn -0.523818 0.845434 0.104195
vn -0.460972 0.882665 0.091693
vn -0.427486 0.900014 0.085033
vn -0.416641 0.905285 0.082876
vn -0.951198 0.243769 0.189206
vn -0.959579 0.206825 0.190872
vn -0.970736 0.142781 0.193092
vn -0.976914 0.088756 0.194321
vn -0.979745 0.046031 0.194885
vn -0.980671 0.015276 0.195068
vn -0.980780 -0.003225 0.195090
vn -0.980742 -0.009393 0.195082
vn -0.001553 -0.999999 0.000309
vn -0.943315 0.273767 0.187638
vn -0.938662 0.289919 0.186712
vn -0.929696 0.318538 0.184928
vn -0.914131 0.362355 0.181833
vn -0.887514 0.425621 0.176538
vn -0.841269 0.514066 0.167339
vn -0.733476 0.663872 0.145898
vn -0.561034 0.820236 0.111597
vn -0.422477 0.902470 0.084036
vn -0.343563 0.936640 0.068339
vn -0.296801 0.953113 0.059038
vn -0.269095 0.961625 0.053526
vn -0.254232 0.965820 0.050570
vn -0.249378 0.967135 0.049605
vn -0.980785 0.000000 0.195091
vn -0.535169 -0.838011 0.106452
vn -0.558326 -0.822155 0.111058
vn -0.594337 -0.795479 0.118221
vn -0.639913 -0.757832 0.127287
vn -0.690878 -0.709790 0.137424
vn -0.742803 -0.653003 0.147753
vn -0.814503 -0.557079 0.162015
vn -0.895306 -0.408304 0.178088
vn -0.946499 -0.262097 0.188270
vn -0.969976 -0.148053 0.192941
vn -0.979533 -0.050512 0.194841
vn -0.979750 0.045944 0.194884
vn -0.967589 0.163489 0.192466
vn -0.932159 0.310967 0.185418
vn -0.887003 0.426727 0.176436
vn -0.855200 0.489588 0.170110
vn -0.824018 0.542336 0.163907
vn -0.786782 0.597060 0.156501
vn -0.736654 0.660205 0.146529
vn -0.662996 0.736915 0.131878
vn -0.580989 0.805665 0.115566
vn -0.527748 0.842889 0.104976
vn -0.484744 0.869325 0.096421
vn -0.418825 0.904237 0.083309
vn -0.332476 0.940790 0.066133
vn -0.232159 0.971581 0.046179
vn -0.127224 0.991551 0.025306
vn -0.000494 -1.000000 0.000205
vn -0.923879 0.000000 0.382684
vn 0.000000 -1.000000 0.000000
vn -0.923879 0.000000 0.382684
vn -0.194176 -0.977664 0.080430
vn -0.210899 -0.973597 0.087358
vn -0.237789 -0.966310 0.098495
vn -0.273689 -0.955114 0.113366
vn -0.316975 -0.939302 0.131295
vn -0.365591 -0.918374 0.151433
vn -0.389289 -0.906892 0.161249
vn -0.919359 -0.098799 0.380812
vn -0.856726 0.374285 0.354868
vn -0.696581 0.656904 0.288534
vn -0.572711 0.784682 0.237225
vn -0.498239 0.842120 0.206378
vn -0.459331 0.867649 0.190262
vn -0.446894 0.875226 0.185110
vn -0.650299 -0.710320 0.269363
vn -0.674316 -0.683582 0.279311
vn -0.710126 -0.639687 0.294144
vn -0.752511 -0.580147 0.311701
vn -0.795679 -0.508204 0.329581
vn -0.834671 -0.428712 0.345732
vn -0.892597 -0.258019 0.369726
vn -0.920943 0.079659 0.381468
vn -0.841398 0.413019 0.348519
vn -0.735233 0.605546 0.304544
vn -0.654027 0.706299 0.270907
vn -0.601772 0.758774 0.249263
vn -0.573000 0.784435 0.237345
vn -0.602036 0.758529 0.249372
vn -0.708829 0.641370 0.293607
vn -0.813568 0.473861 0.336991
vn -0.872863 0.327704 0.361552
vn -0.901911 0.216774 0.373585
vn -0.914544 0.141801 0.378817
vn -0.919336 0.099047 0.380802
vn -0.920523 0.085164 0.381294
vn 0.000033 1.000000 -0.000013
vn -0.923878 0.001932 0.382683
vn -0.615129 -0.746121 0.254795
vn -0.634515 -0.726852 0.262825
vn -0.667683 -0.691167 0.276564
vn -0.715591 -0.632513 0.296408
vn -0.777562 -0.540058 0.322078
vn -0.847173 -0.398947 0.350911
vn -0.915448 -0.134792 0.379191
vn -0.890007 0.268293 0.368654
vn -0.738205 0.601294 0.305775
vn -0.591700 0.767998 0.245091
vn -0.493426 0.845434 0.204384
vn -0.434226 0.882665 0.179863
vn -0.402683 0.900014 0.166797
vn -0.392467 0.905286 0.162566
vn -0.896009 0.243769 0.371140
vn -0.903903 0.206825 0.374410
vn -0.914413 0.142781 0.378764
vn -0.920233 0.088757 0.381174
vn -0.922900 0.046031 0.382279
vn -0.923772 0.015276 0.382639
vn -0.923875 -0.003225 0.382682
vn -0.923838 -0.009393 0.382667
vn -0.001462 -0.999999 0.000606
vn -0.888584 0.273767 0.368064
vn -0.884200 0.289918 0.366248
vn -0.875755 0.318538 0.362750
vn -0.861092 0.362356 0.356676
vn -0.836020 0.425620 0.346291
vn -0.792458 0.514066 0.328247
vn -0.690920 0.663872 0.286189
vn -0.528484 0.820235 0.218905
vn -0.397964 0.902470 0.164842
vn -0.323630 0.936640 0.134052
vn -0.279581 0.953112 0.115806
vn -0.253482 0.961625 0.104996
vn -0.239482 0.965820 0.099197
vn -0.234909 0.967135 0.097303
vn -0.923879 0.000000 0.382684
vn -0.504118 -0.838011 0.208813
vn -0.525931 -0.822155 0.217848
vn -0.559854 -0.795479 0.231899
vn -0.602785 -0.757832 0.249682
vn -0.650792 -0.709791 0.269567
vn -0.699705 -0.653003 0.289827
vn -0.767245 -0.557079 0.317803
vn -0.843360 -0.408304 0.349331
vn -0.891582 -0.262097 0.369306
vn -0.913698 -0.148054 0.378466
vn -0.922700 -0.050512 0.382195
vn -0.922904 0.045944 0.382279
vn -0.911449 0.163489 0.377535
vn -0.878075 0.310966 0.363710
vn -0.835539 0.426727 0.346092
vn -0.805581 0.489588 0.333682
vn -0.776208 0.542336 0.321516
vn -0.741132 0.597061 0.306987
vn -0.693913 0.660205 0.287428
vn -0.624529 0.736915 0.258688
vn -0.547280 0.805665 0.226691
vn -0.497128 0.842889 0.205917
vn -0.456619 0.869325 0.189138
vn -0.394525 0.904237 0.163417
vn -0.313186 0.940790 0.129726
vn -0.218689 0.971581 0.090584
vn -0.119842 0.991551 0.049640
vn -0.000445 -1.000000 0.000297
vn -0.831469 0.000000 0.555571
vn 0.000000 -1.000000 0.000000
vn -0.831469 0.000000 0.555571
vn -0.174753 -0.977664 0.116766
vn -0.189804 -0.973597 0.126823
vn -0.214004 -0.966310 0.142993
vn -0.246313 -0.955114 0.164581
vn -0.285269 -0.939302 0.190611
vn -0.329024 -0.918374 0.219847
vn -0.350352 -0.906891 0.234098
vn -0.827401 -0.098799 0.552853
vn -0.771033 0.374286 0.515188
vn -0.626906 0.656904 0.418886
vn -0.515427 0.784682 0.344397
vn -0.448403 0.842120 0.299614
vn -0.413387 0.867649 0.276217
vn -0.402194 0.875226 0.268738
vn -0.585253 -0.710320 0.391054
vn -0.606868 -0.683582 0.405497
vn -0.639096 -0.639687 0.427031
vn -0.677242 -0.580147 0.452519
vn -0.716092 -0.508204 0.478478
vn -0.751184 -0.428711 0.501926
vn -0.803316 -0.258019 0.536759
vn -0.828827 0.079660 0.553805
vn -0.757238 0.413019 0.505971
vn -0.661692 0.605545 0.442129
vn -0.588608 0.706299 0.393296
vn -0.541581 0.758774 0.361873
vn -0.515686 0.784435 0.344571
vn -0.541818 0.758529 0.362032
vn -0.637929 0.641370 0.426251
vn -0.732192 0.473861 0.489236
vn -0.785556 0.327703 0.524893
vn -0.811698 0.216774 0.542360
vn -0.823067 0.141802 0.549957
vn -0.827381 0.099047 0.552839
vn -0.828448 0.085166 0.553552
vn 0.000029 1.000000 -0.000020
vn -0.831468 0.001932 0.555570
vn -0.553600 -0.746122 0.369904
vn -0.571050 -0.726849 0.381564
vn -0.600898 -0.691168 0.401508
vn -0.644013 -0.632514 0.430317
vn -0.699790 -0.540054 0.467585
vn -0.762435 -0.398947 0.509444
vn -0.823880 -0.134797 0.550501
vn -0.800985 0.268294 0.535202
vn -0.664367 0.601295 0.443917
vn -0.532517 0.767997 0.355817
vn -0.444071 0.845434 0.296719
vn -0.390794 0.882664 0.261121
vn -0.362405 0.900014 0.242152
vn -0.353211 0.905286 0.236008
vn -0.806386 0.243769 0.538811
vn -0.813491 0.206825 0.543559
vn -0.822950 0.142781 0.549879
vn -0.828187 0.088756 0.553379
vn -0.830588 0.046031 0.554982
vn -0.831372 0.015276 0.555506
vn -0.831465 -0.003225 0.555568
vn -0.831433 -0.009392 0.555546
vn -0.001316 -0.999999 0.000879
vn -0.799704 0.273767 0.534346
vn -0.795759 0.289918 0.531710
vn -0.788158 0.318538 0.526631
vn -0.774962 0.362356 0.517814
vn -0.752398 0.425621 0.502737
vn -0.713194 0.514065 0.476542
vn -0.621811 0.663872 0.415481
vn -0.475622 0.820235 0.317801
vn -0.358158 0.902470 0.239314
vn -0.291259 0.936640 0.194613
vn -0.251616 0.953112 0.168125
vn -0.228127 0.961625 0.152430
vn -0.215528 0.965820 0.144011
vn -0.211413 0.967135 0.141262
vn -0.831469 0.000000 0.555571
vn -0.453695 -0.838011 0.303149
vn -0.473325 -0.822155 0.316266
vn -0.503854 -0.795479 0.336665
vn -0.542492 -0.757832 0.362482
vn -0.585698 -0.709791 0.391351
vn -0.629717 -0.653003 0.420764
vn -0.690502 -0.557078 0.461379
vn -0.759003 -0.408304 0.507151
vn -0.802402 -0.262097 0.536149
vn -0.822306 -0.148054 0.549448
vn -0.830408 -0.050512 0.554861
vn -0.830591 0.045944 0.554984
vn -0.820282 0.163488 0.548095
vn -0.790246 0.310967 0.528026
vn -0.751965 0.426728 0.502447
vn -0.725003 0.489587 0.484432
vn -0.698569 0.542336 0.466769
vn -0.667001 0.597061 0.445676
vn -0.624505 0.660205 0.417281
vn -0.562061 0.736915 0.375557
vn -0.492539 0.805665 0.329104
vn -0.447403 0.842889 0.298945
vn -0.410946 0.869325 0.274585
vn -0.355063 0.904237 0.237246
vn -0.281859 0.940790 0.188333
vn -0.196815 0.971581 0.131508
vn -0.107855 0.991551 0.072067
vn -0.000378 -1.000000 0.000378
vn -0.707106 0.000001 0.707107
vn 0.000000 -1.000000 0.000000
vn -0.707106 0.000000 0.707108
vn -0.148615 -0.977664 0.148616
vn -0.161415 -0.973596 0.161416
vn -0.181995 -0.966310 0.181996
vn -0.209473 -0.955113 0.209474
vn -0.242603 -0.939302 0.242603
vn -0.279812 -0.918374 0.279812
vn -0.297949 -0.906891 0.297950
vn -0.703647 -0.098798 0.703648
vn -0.655709 0.374285 0.655710
vn -0.533140 0.656904 0.533141
vn -0.438334 0.784683 0.438334
vn -0.381335 0.842121 0.381335
vn -0.351556 0.867650 0.351557
vn -0.342038 0.875226 0.342038
vn -0.497717 -0.710320 0.497718
vn -0.516098 -0.683582 0.516099
vn -0.543507 -0.639687 0.543508
vn -0.575947 -0.580146 0.575948
vn -0.608986 -0.508204 0.608987
vn -0.638829 -0.428711 0.638830
vn -0.683164 -0.258019 0.683165
vn -0.704859 0.079659 0.704860
vn -0.643977 0.413020 0.643978
vn -0.562723 0.605546 0.562723
vn -0.500570 0.706299 0.500571
vn -0.460577 0.758774 0.460577
vn -0.438555 0.784436 0.438555
vn -0.460778 0.758529 0.460779
vn -0.542514 0.641370 0.542515
vn -0.622677 0.473861 0.622678
vn -0.668060 0.327704 0.668062
vn -0.690292 0.216774 0.690294
vn -0.699961 0.141801 0.699962
vn -0.703629 0.099047 0.703631
vn -0.704537 0.085166 0.704538
vn 0.000025 1.000000 -0.000025
vn -0.707105 0.001932 0.707106
vn -0.470798 -0.746122 0.470799
vn -0.485637 -0.726851 0.485638
vn -0.511022 -0.691168 0.511023
vn -0.547688 -0.632514 0.547690
vn -0.595122 -0.540055 0.595123
vn -0.648399 -0.398946 0.648399
vn -0.700653 -0.134795 0.700654
vn -0.681182 0.268292 0.681183
vn -0.564997 0.601294 0.564998
vn -0.452868 0.767998 0.452869
vn -0.377651 0.845434 0.377652
vn -0.332342 0.882665 0.332343
vn -0.308200 0.900014 0.308201
vn -0.300380 0.905286 0.300381
vn -0.685775 0.243770 0.685776
vn -0.691816 0.206825 0.691819
vn -0.699861 0.142780 0.699863
vn -0.704315 0.088756 0.704317
vn -0.706356 0.046031 0.706358
vn -0.707023 0.015277 0.707025
vn -0.707102 -0.003225 0.707104
vn -0.707075 -0.009393 0.707077
vn -0.001119 -0.999999 0.001119
vn -0.680092 0.273767 0.680093
vn -0.676737 0.289919 0.676738
vn -0.670273 0.318538 0.670274
vn -0.659051 0.362356 0.659052
vn -0.639862 0.425620 0.639863
vn -0.606521 0.514066 0.606522
vn -0.528807 0.663872 0.528808
vn -0.404483 0.820235 0.404484
vn -0.304588 0.902470 0.304589
vn -0.247695 0.936640 0.247696
vn -0.213982 0.953112 0.213982
vn -0.194006 0.961625 0.194007
vn -0.183291 0.965820 0.183292
vn -0.179792 0.967135 0.179792
vn -0.707106 0.000000 0.707108
vn -0.385835 -0.838011 0.385836
vn -0.402530 -0.822155 0.402531
vn -0.428493 -0.795479 0.428493
vn -0.461351 -0.757832 0.461352
vn -0.498095 -0.709790 0.498095
vn -0.535531 -0.653003 0.535531
vn -0.587223 -0.557078 0.587224
vn -0.645479 -0.408304 0.645480
vn -0.682387 -0.262097 0.682388
vn -0.699314 -0.148053 0.699314
vn -0.706204 -0.050512 0.706204
vn -0.706360 0.045944 0.706360
vn -0.697592 0.163489 0.697593
vn -0.672049 0.310966 0.672050
vn -0.639493 0.426727 0.639494
vn -0.616564 0.489587 0.616565
vn -0.594084 0.542336 0.594084
vn -0.567238 0.597061 0.567238
vn -0.531098 0.660204 0.531098
vn -0.477994 0.736915 0.477994
vn -0.418869 0.805665 0.418870
vn -0.380485 0.842889 0.380485
vn -0.349480 0.869325 0.349481
vn -0.301956 0.904237 0.301956
vn -0.239702 0.940790 0.239702
vn -0.167377 0.971581 0.167378
vn -0.091723 0.991551 0.091724
vn -0.000297 -1.000000 0.000445
vn -0.555569 0.000001 0.831470
vn 0.000000 -1.000000 0.000000
vn -0.555570 0.000000 0.831470
vn -0.116767 -0.977664 0.174755
vn -0.126824 -0.973596 0.189806
vn -0.142993 -0.966310 0.214005
vn -0.164581 -0.955114 0.246313
vn -0.190611 -0.939302 0.285270
vn -0.219846 -0.918374 0.329024
vn -0.234097 -0.906892 0.350351
vn -0.552851 -0.098798 0.827402
vn -0.515187 0.374285 0.771034
vn -0.418885 0.656904 0.626907
vn -0.344397 0.784682 0.515427
vn -0.299613 0.842120 0.448404
vn -0.276215 0.867650 0.413386
vn -0.268736 0.875227 0.402193
vn -0.391054 -0.710319 0.585255
vn -0.405496 -0.683581 0.606869
vn -0.427030 -0.639687 0.639098
vn -0.452518 -0.580147 0.677242
vn -0.478477 -0.508204 0.716092
vn -0.501924 -0.428712 0.751184
vn -0.536758 -0.258020 0.803316
vn -0.553804 0.079660 0.828828
vn -0.505970 0.413019 0.757238
vn -0.442128 0.605546 0.661693
vn -0.393295 0.706299 0.588609
vn -0.361872 0.758774 0.541581
vn -0.344570 0.784435 0.515687
vn -0.362031 0.758529 0.541818
vn -0.426250 0.641371 0.637930
vn -0.489234 0.473861 0.732192
vn -0.524891 0.327704 0.785557
vn -0.542359 0.216774 0.811699
vn -0.549955 0.141802 0.823068
vn -0.552837 0.099047 0.827382
vn -0.553551 0.085165 0.828449
vn 0.000020 1.000000 -0.000029
vn -0.555568 0.001932 0.831469
vn -0.369903 -0.746122 0.553600
vn -0.381563 -0.726850 0.571050
vn -0.401506 -0.691168 0.600898
vn -0.430317 -0.632512 0.644015
vn -0.467584 -0.540054 0.699791
vn -0.509441 -0.398951 0.762435
vn -0.550499 -0.134797 0.823881
vn -0.535201 0.268295 0.800986
vn -0.443915 0.601295 0.664368
vn -0.355816 0.767998 0.532517
vn -0.296718 0.845434 0.444071
vn -0.261120 0.882664 0.390794
vn -0.242151 0.900014 0.362405
vn -0.236008 0.905286 0.353211
vn -0.538809 0.243769 0.806388
vn -0.543557 0.206825 0.813492
vn -0.549877 0.142780 0.822951
vn -0.553376 0.088756 0.828189
vn -0.554980 0.046031 0.830589
vn -0.555504 0.015277 0.831374
vn -0.555566 -0.003225 0.831466
vn -0.555544 -0.009393 0.831434
vn -0.000879 -0.999999 0.001316
vn -0.534345 0.273767 0.799705
vn -0.531709 0.289919 0.795759
vn -0.526630 0.318539 0.788159
vn -0.517813 0.362356 0.774963
vn -0.502736 0.425621 0.752399
vn -0.476540 0.514066 0.713194
vn -0.415480 0.663872 0.621812
vn -0.317800 0.820235 0.475623
vn -0.239313 0.902470 0.358159
vn -0.194613 0.936640 0.291259
vn -0.168124 0.953113 0.251616
vn -0.152430 0.961625 0.228128
vn -0.144010 0.965820 0.215528
vn -0.141260 0.967135 0.211414
vn -0.555569 0.000000 0.831470
vn -0.303148 -0.838011 0.453695
vn -0.316265 -0.822155 0.473326
vn -0.336664 -0.795479 0.503855
vn -0.362481 -0.757832 0.542492
vn -0.391350 -0.709790 0.585698
vn -0.420764 -0.653003 0.629718
vn -0.461378 -0.557078 0.690503
vn -0.507150 -0.408304 0.759004
vn -0.536148 -0.262097 0.802403
vn -0.549447 -0.148053 0.822307
vn -0.554860 -0.050512 0.830409
vn -0.554983 0.045944 0.830592
vn -0.548095 0.163489 0.820283
vn -0.528025 0.310966 0.790246
vn -0.502447 0.426727 0.751965
vn -0.484431 0.489587 0.725004
vn -0.466769 0.542336 0.698569
vn -0.445676 0.597061 0.667002
vn -0.417281 0.660205 0.624505
vn -0.375557 0.736915 0.562062
vn -0.329104 0.805665 0.492539
vn -0.298945 0.842889 0.447403
vn -0.274585 0.869325 0.410946
vn -0.237245 0.904237 0.355063
vn -0.188332 0.940790 0.281860
vn -0.131507 0.971581 0.196815
vn -0.072066 0.991551 0.107856
vn -0.000205 -1.000000 0.000494
vn -0.382683 0.000001 0.923880
vn -0.000001 -1.000000 0.000002
vn -0.382683 0.000000 0.923880
vn -0.080430 -0.977664 0.194175
vn -0.087357 -0.973596 0.210900
vn -0.098495 -0.966310 0.237789
vn -0.113365 -0.955114 0.273688
vn -0.131295 -0.939302 0.316974
vn -0.151433 -0.918374 0.365592
vn -0.161249 -0.906891 0.389291
vn -0.380811 -0.098799 0.919360
vn -0.354867 0.374284 0.856727
vn -0.288533 0.656904 0.696582
vn -0.237224 0.784682 0.572711
vn -0.206377 0.842120 0.498239
vn -0.190261 0.867650 0.459330
vn -0.185109 0.875227 0.446892
vn -0.269362 -0.710320 0.650300
vn -0.279310 -0.683582 0.674316
vn -0.294144 -0.639686 0.710127
vn -0.311700 -0.580147 0.752511
vn -0.329580 -0.508205 0.795679
vn -0.345732 -0.428711 0.834671
vn -0.369725 -0.258019 0.892597
vn -0.381467 0.079659 0.920944
vn -0.348518 0.413020 0.841398
vn -0.304543 0.605546 0.735233
vn -0.270906 0.706299 0.654027
vn -0.249262 0.758774 0.601773
vn -0.237344 0.784436 0.573000
vn -0.249371 0.758529 0.602036
vn -0.293606 0.641371 0.708829
vn -0.336990 0.473861 0.813568
vn -0.361551 0.327703 0.872864
vn -0.373583 0.216774 0.901912
vn -0.378816 0.141802 0.914544
vn -0.380801 0.099047 0.919337
vn -0.381293 0.085166 0.920523
vn 0.000014 1.000000 -0.000033
vn -0.382682 0.001932 0.923878
vn -0.254794 -0.746122 0.615128
vn -0.262825 -0.726850 0.634517
vn -0.276562 -0.691168 0.667682
vn -0.296407 -0.632514 0.715590
vn -0.322077 -0.540055 0.777565
vn -0.350910 -0.398948 0.847173
vn -0.379190 -0.134795 0.915448
vn -0.368652 0.268294 0.890008
vn -0.305774 0.601294 0.738205
vn -0.245090 0.767998 0.591701
vn -0.204383 0.845434 0.493426
vn -0.179862 0.882665 0.434227
vn -0.166796 0.900014 0.402683
vn -0.162565 0.905286 0.392467
vn -0.371138 0.243770 0.896009
vn -0.374408 0.206825 0.903904
vn -0.378762 0.142781 0.914414
vn -0.381173 0.088756 0.920233
vn -0.382277 0.046031 0.922900
vn -0.382638 0.015277 0.923772
vn -0.382681 -0.003225 0.923875
vn -0.382666 -0.009393 0.923839
vn -0.000606 -0.999999 0.001462
vn -0.368063 0.273767 0.888584
vn -0.366247 0.289918 0.884200
vn -0.362749 0.318539 0.875755
vn -0.356676 0.362356 0.861093
vn -0.346290 0.425621 0.836020
vn -0.328247 0.514066 0.792458
vn -0.286188 0.663872 0.690920
vn -0.218905 0.820235 0.528484
vn -0.164842 0.902470 0.397964
vn -0.134052 0.936640 0.323630
vn -0.115806 0.953112 0.279581
vn -0.104995 0.961625 0.253482
vn -0.099196 0.965820 0.239481
vn -0.097302 0.967135 0.234908
vn -0.382683 0.000000 0.923880
vn -0.208813 -0.838010 0.504119
vn -0.217848 -0.822155 0.525931
vn -0.231898 -0.795479 0.559853
vn -0.249681 -0.757832 0.602785
vn -0.269567 -0.709790 0.650793
vn -0.289827 -0.653003 0.699705
vn -0.317803 -0.557079 0.767245
vn -0.349331 -0.408304 0.843360
vn -0.369305 -0.262097 0.891582
vn -0.378466 -0.148053 0.913698
vn -0.382195 -0.050512 0.922700
vn -0.382279 0.045944 0.922904
vn -0.377534 0.163489 0.911449
vn -0.363710 0.310966 0.878075
vn -0.346091 0.426727 0.835539
vn -0.333682 0.489588 0.805581
vn -0.321516 0.542336 0.776208
vn -0.306987 0.597061 0.741133
vn -0.287428 0.660205 0.693913
vn -0.258688 0.736915 0.624529
vn -0.226691 0.805665 0.547280
vn -0.205917 0.842889 0.497128
vn -0.189138 0.869325 0.456619
vn -0.163418 0.904237 0.394525
vn -0.129726 0.940790 0.313185
vn -0.090584 0.971581 0.218689
vn -0.049641 0.991551 0.119842
vn -0.000104 -1.000000 0.000525
vn -0.195090 0.000001 0.980785
vn 0.000000 -1.000000 0.000002
vn -0.195090 0.000000 0.980785
vn -0.041003 -0.977664 0.206136
vn -0.044534 -0.973596 0.223890
vn -0.050212 -0.966310 0.252435
vn -0.057793 -0.955114 0.290546
vn -0.066933 -0.939302 0.336498
vn -0.077200 -0.918374 0.388110
vn -0.082204 -0.906891 0.413268
vn -0.194135 -0.098798 0.975987
vn -0.180909 0.374285 0.909496
vn -0.147093 0.656904 0.739487
vn -0.120936 0.784682 0.607987
vn -0.105210 0.842120 0.528928
vn -0.096994 0.867650 0.487623
vn -0.094368 0.875226 0.474420
vn -0.137319 -0.710320 0.690354
vn -0.142391 -0.683582 0.715850
vn -0.149953 -0.639687 0.753867
vn -0.158903 -0.580147 0.798862
vn -0.168019 -0.508204 0.844688
vn -0.176252 -0.428711 0.886083
vn -0.188484 -0.258019 0.947576
vn -0.194470 0.079659 0.977669
vn -0.177673 0.413019 0.893223
vn -0.155255 0.605546 0.780519
vn -0.138107 0.706300 0.694311
vn -0.127072 0.758774 0.638838
vn -0.120997 0.784435 0.608294
vn -0.127128 0.758529 0.639118
vn -0.149679 0.641371 0.752489
vn -0.171796 0.473862 0.863679
vn -0.184317 0.327703 0.926627
vn -0.190451 0.216774 0.957464
vn -0.193118 0.141802 0.970875
vn -0.194130 0.099047 0.975963
vn -0.194381 0.085165 0.977222
vn 0.000007 1.000000 -0.000035
vn -0.195089 0.001933 0.980784
vn -0.129893 -0.746121 0.653017
vn -0.133987 -0.726850 0.673599
vn -0.140990 -0.691168 0.708808
vn -0.151106 -0.632514 0.759666
vn -0.164193 -0.540055 0.825458
vn -0.178892 -0.398948 0.899354
vn -0.193309 -0.134796 0.971834
vn -0.187937 0.268294 0.944827
vn -0.155882 0.601294 0.783675
vn -0.124946 0.767998 0.628147
vn -0.104193 0.845434 0.523818
vn -0.091693 0.882665 0.460972
vn -0.085032 0.900014 0.427485
vn -0.082875 0.905286 0.416641
vn -0.189204 0.243770 0.951198
vn -0.190871 0.206825 0.959579
vn -0.193090 0.142780 0.970737
vn -0.194319 0.088756 0.976915
vn -0.194883 0.046031 0.979746
vn -0.195067 0.015277 0.980671
vn -0.195089 -0.003225 0.980780
vn -0.195081 -0.009393 0.980742
vn -0.000309 -0.999999 0.001553
vn -0.187637 0.273767 0.943315
vn -0.186711 0.289918 0.938662
vn -0.184927 0.318538 0.929696
vn -0.181832 0.362356 0.914131
vn -0.176537 0.425621 0.887514
vn -0.167338 0.514066 0.841269
vn -0.145897 0.663872 0.733477
vn -0.111597 0.820235 0.561036
vn -0.084036 0.902470 0.422477
vn -0.068339 0.936640 0.343564
vn -0.059037 0.953112 0.296802
vn -0.053526 0.961625 0.269095
vn -0.050570 0.965820 0.254232
vn -0.049604 0.967135 0.249377
vn -0.195089 0.000000 0.980786
vn -0.106452 -0.838010 0.535170
vn -0.111058 -0.822154 0.558326
vn -0.118221 -0.795479 0.594337
vn -0.127286 -0.757832 0.639913
vn -0.137424 -0.709791 0.690878
vn -0.147753 -0.653003 0.742803
vn -0.162014 -0.557078 0.814503
vn -0.178087 -0.408304 0.895306
vn -0.188270 -0.262097 0.946499
vn -0.192940 -0.148053 0.969977
vn -0.194841 -0.050512 0.979533
vn -0.194884 0.045944 0.979750
vn -0.192465 0.163489 0.967589
vn -0.185418 0.310967 0.932159
vn -0.176436 0.426727 0.887003
vn -0.170110 0.489587 0.855200
vn -0.163907 0.542336 0.824018
vn -0.156501 0.597061 0.786782
vn -0.146529 0.660205 0.736654
vn -0.131878 0.736915 0.662997
vn -0.115566 0.805665 0.580989
vn -0.104976 0.842889 0.527748
vn -0.096421 0.869325 0.484744
vn -0.083309 0.904237 0.418825
vn -0.066134 0.940790 0.332476
vn -0.046179 0.971581 0.232159
vn -0.025307 0.991551 0.127224
vn 0.000000 -1.000000 0.000535
vn 0.000001 0.000001 1.000000
vn 0.000000 -1.000000 0.000002
vn 0.000001 -0.000000 1.000000
vn 0.000000 -0.977664 0.210174
vn 0.000000 -0.973597 0.228276
vn 0.000000 -0.966310 0.257381
vn 0.000000 -0.955114 0.296239
vn 0.000000 -0.939303 0.343090
vn 0.000000 -0.918374 0.395714
vn 0.000000 -0.906891 0.421366
vn 0.000001 -0.098800 0.995107
vn 0.000001 0.374284 0.927314
vn 0.000000 0.656904 0.753974
vn 0.000000 0.784682 0.619898
vn 0.000000 0.842120 0.539290
vn 0.000000 0.867650 0.497176
vn 0.000000 0.875226 0.483714
vn 0.000001 -0.710320 0.703879
vn 0.000001 -0.683582 0.729874
vn 0.000001 -0.639687 0.768635
vn 0.000001 -0.580148 0.814511
vn 0.000001 -0.508204 0.861237
vn 0.000001 -0.428711 0.903442
vn 0.000001 -0.258020 0.966140
vn 0.000001 0.079659 0.996822
vn 0.000001 0.413019 0.910722
vn 0.000001 0.605546 0.795811
vn 0.000000 0.706299 0.707913
vn 0.000000 0.758774 0.651354
vn 0.000000 0.784436 0.620210
vn 0.000001 0.758529 0.651640
vn 0.000001 0.641370 0.767231
vn 0.000001 0.473861 0.880599
vn 0.000001 0.327704 0.944780
vn 0.000001 0.216774 0.976222
vn 0.000001 0.141802 0.989895
vn 0.000001 0.099047 0.995083
vn 0.000001 0.085164 0.996367
vn -0.000000 1.000000 -0.000035
vn 0.000001 0.001932 0.999998
vn 0.000001 -0.746122 0.665810
vn 0.000001 -0.726851 0.686795
vn 0.000001 -0.691168 0.722694
vn 0.000001 -0.632513 0.774550
vn 0.000001 -0.540054 0.841630
vn 0.000001 -0.398947 0.916974
vn 0.000001 -0.134795 0.990874
vn 0.000001 0.268294 0.963337
vn 0.000001 0.601294 0.799028
vn 0.000001 0.767998 0.640453
vn 0.000000 0.845434 0.534080
vn 0.000000 0.882665 0.470003
vn 0.000000 0.900014 0.435860
vn 0.000001 0.905285 0.424804
vn 0.000001 0.243769 0.969833
vn 0.000001 0.206825 0.978378
vn 0.000001 0.142781 0.989754
vn 0.000001 0.088756 0.996053
vn 0.000001 0.046031 0.998940
vn 0.000001 0.015277 0.999883
vn 0.000001 -0.003225 0.999995
vn 0.000001 -0.009393 0.999956
vn 0.000000 -0.999999 0.001583
vn 0.000001 0.273767 0.961796
vn 0.000000 0.289919 0.957051
vn 0.000001 0.318538 0.947910
vn 0.000001 0.362356 0.932040
vn 0.000000 0.425621 0.904902
vn 0.000000 0.514066 0.857750
vn 0.000001 0.663872 0.747846
vn 0.000000 0.820235 0.572027
vn 0.000000 0.902470 0.430753
vn 0.000000 0.936640 0.350294
vn 0.000000 0.953112 0.302616
vn 0.000000 0.961625 0.274366
vn 0.000000 0.965820 0.259212
vn 0.000000 0.967135 0.254262
vn 0.000001 0.000000 1.000000
vn 0.000001 -0.838010 0.545655
vn 0.000000 -0.822154 0.569265
vn 0.000000 -0.795479 0.605981
vn 0.000000 -0.757832 0.652449
vn 0.000000 -0.709791 0.704413
vn 0.000000 -0.653003 0.757356
vn 0.000000 -0.557078 0.830460
vn 0.000000 -0.408304 0.912846
vn 0.000000 -0.262097 0.965042
vn 0.000000 -0.148053 0.988979
vn 0.000000 -0.050512 0.998723
vn 0.000000 0.045944 0.998944
vn 0.000000 0.163489 0.986545
vn 0.000000 0.310966 0.950421
vn 0.000000 0.426727 0.904381
vn 0.000000 0.489588 0.871954
vn 0.000000 0.542336 0.840162
vn 0.000000 0.597061 0.802196
vn 0.000000 0.660205 0.751086
vn 0.000000 0.736915 0.675985
vn 0.000000 0.805665 0.592371
vn 0.000000 0.842889 0.538087
vn 0.000000 0.869325 0.494240
vn 0.000000 0.904237 0.427031
vn 0.000000 0.940790 0.338990
vn 0.000000 0.971581 0.236707
vn 0.000000 0.991551 0.129716
vn 0.000104 -1.000000 0.000525
vn 0.195091 0.000000 0.980785
vn 0.000000 -1.000000 0.000002
vn 0.195091 0.000000 0.980785
vn 0.041003 -0.977664 0.206135
vn 0.044535 -0.973597 0.223889
vn 0.050213 -0.966310 0.252436
vn 0.057794 -0.955114 0.290546
vn 0.066934 -0.939302 0.336498
vn 0.077200 -0.918374 0.388110
vn 0.082204 -0.906891 0.413268
vn 0.194136 -0.098798 0.975987
vn 0.180911 0.374284 0.909496
vn 0.147094 0.656904 0.739487
vn 0.120937 0.784682 0.607987
vn 0.105211 0.842120 0.528928
vn 0.096995 0.867650 0.487623
vn 0.094369 0.875226 0.474420
vn 0.137320 -0.710320 0.690354
vn 0.142392 -0.683582 0.715849
vn 0.149954 -0.639687 0.753867
vn 0.158904 -0.580147 0.798861
vn 0.168020 -0.508204 0.844688
vn 0.176253 -0.428711 0.886082
vn 0.188485 -0.258020 0.947575
vn 0.194471 0.079659 0.977668
vn 0.177674 0.413019 0.893223
vn 0.155255 0.605546 0.780519
vn 0.138108 0.706299 0.694311
vn 0.127073 0.758774 0.638838
vn 0.120998 0.784436 0.608293
vn 0.127129 0.758529 0.639118
vn 0.149680 0.641371 0.752489
vn 0.171797 0.473861 0.863679
vn 0.184318 0.327704 0.926627
vn 0.190452 0.216774 0.957464
vn 0.193120 0.141801 0.970874
vn 0.194132 0.099047 0.975962
vn 0.194382 0.085166 0.977222
vn -0.000007 1.000000 -0.000035
vn 0.195091 0.001932 0.980783
vn 0.129894 -0.746122 0.653016
vn 0.133988 -0.726850 0.673599
vn 0.140991 -0.691168 0.708808
vn 0.151108 -0.632513 0.759667
vn 0.164195 -0.540055 0.825458
vn 0.178894 -0.398948 0.899354
vn 0.193311 -0.134795 0.971834
vn 0.187939 0.268293 0.944827
vn 0.155883 0.601294 0.783675
vn 0.124947 0.767997 0.628147
vn 0.104194 0.845434 0.523818
vn 0.091694 0.882665 0.460972
vn 0.085032 0.900014 0.427485
vn 0.082875 0.905286 0.416641
vn 0.189206 0.243769 0.951198
vn 0.190873 0.206825 0.959578
vn 0.193093 0.142781 0.970736
vn 0.194321 0.088756 0.976914
vn 0.194885 0.046031 0.979745
vn 0.195069 0.015277 0.980671
vn 0.195090 -0.003225 0.980780
vn 0.195083 -0.009392 0.980742
vn 0.000309 -0.999999 0.001553
vn 0.187638 0.273767 0.943315
vn 0.186712 0.289918 0.938662
vn 0.184929 0.318539 0.929696
vn 0.181833 0.362356 0.914131
vn 0.176538 0.425620 0.887514
vn 0.167339 0.514066 0.841269
vn 0.145898 0.663872 0.733476
vn 0.111597 0.820235 0.561035
vn 0.084036 0.902470 0.422476
vn 0.068339 0.936640 0.343564
vn 0.059038 0.953112 0.296802
vn 0.053526 0.961625 0.269094
vn 0.050570 0.965820 0.254231
vn 0.049604 0.967135 0.249377
vn 0.195091 0.000000 0.980785
vn 0.106453 -0.838010 0.535170
vn 0.111058 -0.822154 0.558326
vn 0.118221 -0.795479 0.594337
vn 0.127287 -0.757832 0.639913
vn 0.137425 -0.709791 0.690877
vn 0.147753 -0.653003 0.742803
vn 0.162015 -0.557078 0.814503
vn 0.178088 -0.408304 0.895306
vn 0.188271 -0.262097 0.946498
vn 0.192941 -0.148053 0.969976
vn 0.194842 -0.050512 0.979533
vn 0.194884 0.045944 0.979750
vn 0.192466 0.163488 0.967589
vn 0.185418 0.310967 0.932159
vn 0.176436 0.426728 0.887003
vn 0.170110 0.489588 0.855200
vn 0.163908 0.542336 0.824018
vn 0.156501 0.597061 0.786782
vn 0.146530 0.660205 0.736654
vn 0.131878 0.736915 0.662997
vn 0.115566 0.805665 0.580989
vn 0.104976 0.842889 0.527748
vn 0.096422 0.869325 0.484744
vn 0.083310 0.904237 0.418825
vn 0.066134 0.940790 0.332476
vn 0.046179 0.971581 0.232159
vn 0.025306 0.991551 0.127224
vn 0.000205 -1.000000 0.000494
vn 0.382684 0.000001 0.923879
vn 0.000001 -1.000000 0.000002
vn 0.382684 -0.000000 0.923879
vn 0.080430 -0.977664 0.194175
vn 0.087358 -0.973597 0.210899
vn 0.098496 -0.966310 0.237789
vn 0.113366 -0.955114 0.273689
vn 0.131295 -0.939302 0.316974
vn 0.151433 -0.918374 0.365591
vn 0.161250 -0.906891 0.389291
vn 0.380812 -0.098797 0.919359
vn 0.354868 0.374286 0.856726
vn 0.288534 0.656903 0.696582
vn 0.237225 0.784683 0.572711
vn 0.206378 0.842120 0.498239
vn 0.190261 0.867650 0.459330
vn 0.185109 0.875227 0.446892
vn 0.269363 -0.710319 0.650300
vn 0.279311 -0.683582 0.674315
vn 0.294145 -0.639687 0.710127
vn 0.311701 -0.580147 0.752511
vn 0.329582 -0.508204 0.795679
vn 0.345733 -0.428711 0.834671
vn 0.369726 -0.258019 0.892597
vn 0.381468 0.079659 0.920943
vn 0.348519 0.413019 0.841398
vn 0.304544 0.605546 0.735233
vn 0.270907 0.706299 0.654026
vn 0.249263 0.758774 0.601772
vn 0.237345 0.784435 0.573000
vn 0.249372 0.758529 0.602036
vn 0.293607 0.641371 0.708829
vn 0.336992 0.473861 0.813568
vn 0.361552 0.327704 0.872863
vn 0.373585 0.216774 0.901911
vn 0.378817 0.141801 0.914544
vn 0.380802 0.099047 0.919336
vn 0.381294 0.085165 0.920523
vn -0.000014 1.000000 -0.000033
vn 0.382684 0.001932 0.923877
vn 0.254795 -0.746121 0.615128
vn 0.262826 -0.726850 0.634517
vn 0.276564 -0.691168 0.667682
vn 0.296408 -0.632513 0.715590
vn 0.322078 -0.540055 0.777564
vn 0.350911 -0.398948 0.847173
vn 0.379192 -0.134795 0.915447
vn 0.368654 0.268294 0.890007
vn 0.305775 0.601294 0.738205
vn 0.245091 0.767998 0.591701
vn 0.204384 0.845434 0.493425
vn 0.179863 0.882665 0.434226
vn 0.166797 0.900014 0.402682
vn 0.162565 0.905286 0.392467
vn 0.371140 0.243770 0.896009
vn 0.374410 0.206825 0.903903
vn 0.378763 0.142780 0.914414
vn 0.381174 0.088756 0.920233
vn 0.382279 0.046031 0.922900
vn 0.382640 0.015277 0.923771
vn 0.382682 -0.003225 0.923874
vn 0.382667 -0.009392 0.923838
vn 0.000606 -0.999999 0.001462
vn 0.368064 0.273767 0.888584
vn 0.366248 0.289918 0.884200
vn 0.362750 0.318538 0.875754
vn 0.356677 0.362356 0.861092
vn 0.346291 0.425621 0.836020
vn 0.328247 0.514066 0.792458
vn 0.286189 0.663872 0.690920
vn 0.218905 0.820235 0.528484
vn 0.164843 0.902470 0.397964
vn 0.134052 0.936640 0.323630
vn 0.115806 0.953112 0.279581
vn 0.104996 0.961625 0.253481
vn 0.099196 0.965820 0.239481
vn 0.097301 0.967135 0.234908
vn 0.382684 0.000000 0.923879
vn 0.208814 -0.838010 0.504119
vn 0.217848 -0.822155 0.525931
vn 0.231899 -0.795479 0.559853
vn 0.249682 -0.757832 0.602785
vn 0.269567 -0.709790 0.650793
vn 0.289828 -0.653003 0.699705
vn 0.317804 -0.557078 0.767245
vn 0.349331 -0.408304 0.843360
vn 0.369306 -0.262097 0.891582
vn 0.378466 -0.148053 0.913698
vn 0.382195 -0.050512 0.922700
vn 0.382280 0.045944 0.922904
vn 0.377535 0.163489 0.911449
vn 0.363710 0.310967 0.878074
vn 0.346092 0.426728 0.835538
vn 0.333683 0.489587 0.805581
vn 0.321516 0.542336 0.776208
vn 0.306987 0.597061 0.741132
vn 0.287428 0.660205 0.693913
vn 0.258689 0.736915 0.624529
vn 0.226691 0.805665 0.547280
vn 0.205917 0.842889 0.497128
vn 0.189138 0.869325 0.456619
vn 0.163417 0.904237 0.394525
vn 0.129726 0.940790 0.313186
vn 0.090584 0.971581 0.218689
vn 0.049641 0.991551 0.119842
vn 0.000297 -1.000000 0.000445
vn 0.555571 0.000000 0.831469
vn 0.000000 -1.000000 0.000000
vn 0.555571 0.000000 0.831469
vn 0.116767 -0.977664 0.174755
vn 0.126824 -0.973596 0.189806
vn 0.142993 -0.966310 0.214005
vn 0.164581 -0.955114 0.246313
vn 0.190611 -0.939302 0.285269
vn 0.219847 -0.918374 0.329024
vn 0.234098 -0.906891 0.350352
vn 0.552853 -0.098799 0.827401
vn 0.515189 0.374285 0.771033
vn 0.418886 0.656904 0.626907
vn 0.344397 0.784682 0.515426
vn 0.299614 0.842120 0.448403
vn 0.276216 0.867650 0.413386
vn 0.268737 0.875227 0.402193
vn 0.391055 -0.710319 0.585254
vn 0.405497 -0.683581 0.606869
vn 0.427032 -0.639687 0.639097
vn 0.452519 -0.580146 0.677242
vn 0.478478 -0.508205 0.716091
vn 0.501926 -0.428712 0.751184
vn 0.536759 -0.258019 0.803315
vn 0.553805 0.079659 0.828827
vn 0.505971 0.413019 0.757237
vn 0.442129 0.605546 0.661692
vn 0.393296 0.706299 0.588608
vn 0.361873 0.758774 0.541581
vn 0.344571 0.784435 0.515686
vn 0.362032 0.758529 0.541818
vn 0.426251 0.641371 0.637929
vn 0.489236 0.473861 0.732191
vn 0.524893 0.327704 0.785556
vn 0.542360 0.216774 0.811698
vn 0.549957 0.141801 0.823067
vn 0.552839 0.099047 0.827381
vn 0.553553 0.085165 0.828448
vn -0.000020 1.000000 -0.000029
vn 0.555570 0.001932 0.831468
vn 0.369905 -0.746122 0.553600
vn 0.381564 -0.726851 0.571049
vn 0.401508 -0.691167 0.600898
vn 0.430317 -0.632513 0.644014
vn 0.467585 -0.540055 0.699789
vn 0.509444 -0.398947 0.762436
vn 0.550501 -0.134794 0.823881
vn 0.535202 0.268293 0.800985
vn 0.443917 0.601294 0.664367
vn 0.355817 0.767998 0.532516
vn 0.296719 0.845434 0.444071
vn 0.261120 0.882665 0.390793
vn 0.242151 0.900014 0.362405
vn 0.236008 0.905286 0.353210
vn 0.538812 0.243769 0.806386
vn 0.543559 0.206825 0.813491
vn 0.549879 0.142780 0.822950
vn 0.553379 0.088756 0.828187
vn 0.554982 0.046031 0.830588
vn 0.555506 0.015277 0.831372
vn 0.555568 -0.003225 0.831465
vn 0.555547 -0.009393 0.831432
vn 0.000879 -0.999999 0.001316
vn 0.534346 0.273767 0.799704
vn 0.531710 0.289918 0.795759
vn 0.526631 0.318539 0.788158
vn 0.517814 0.362356 0.774962
vn 0.502737 0.425621 0.752398
vn 0.476541 0.514066 0.713193
vn 0.415482 0.663872 0.621811
vn 0.317801 0.820235 0.475623
vn 0.239314 0.902470 0.358158
vn 0.194613 0.936640 0.291259
vn 0.168125 0.953112 0.251616
vn 0.152430 0.961625 0.228127
vn 0.144011 0.965820 0.215528
vn 0.141261 0.967135 0.211412
vn 0.555571 -0.000000 0.831469
vn 0.303150 -0.838011 0.453694
vn 0.316266 -0.822155 0.473325
vn 0.336665 -0.795479 0.503854
vn 0.362482 -0.757832 0.542492
vn 0.391351 -0.709790 0.585698
vn 0.420765 -0.653003 0.629718
vn 0.461379 -0.557079 0.690502
vn 0.507151 -0.408304 0.759003
vn 0.536149 -0.262097 0.802402
vn 0.549448 -0.148053 0.822306
vn 0.554861 -0.050512 0.830408
vn 0.554984 0.045944 0.830591
vn 0.548096 0.163489 0.820282
vn 0.528026 0.310967 0.790246
vn 0.502447 0.426728 0.751965
vn 0.484432 0.489588 0.725003
vn 0.466769 0.542336 0.698569
vn 0.445677 0.597061 0.667001
vn 0.417281 0.660205 0.624505
vn 0.375558 0.736915 0.562061
vn 0.329104 0.805665 0.492539
vn 0.298945 0.842889 0.447403
vn 0.274585 0.869325 0.410946
vn 0.237246 0.904237 0.355063
vn 0.188333 0.940790 0.281859
vn 0.131508 0.971581 0.196815
vn 0.072067 0.991551 0.107855
vn 0.000378 -1.000000 0.000378
vn 0.707107 -0.000000 0.707106
vn 0.000000 -1.000000 0.000000
vn 0.707107 0.000000 0.707106
vn 0.148615 -0.977664 0.148615
vn 0.161416 -0.973596 0.161415
vn 0.181996 -0.966310 0.181996
vn 0.209473 -0.955113 0.209474
vn 0.242603 -0.939302 0.242603
vn 0.279812 -0.918374 0.279812
vn 0.297950 -0.906891 0.297950
vn 0.703648 -0.098798 0.703647
vn 0.655710 0.374286 0.655709
vn 0.533141 0.656904 0.533140
vn 0.438334 0.784683 0.438333
vn 0.381335 0.842121 0.381335
vn 0.351557 0.867650 0.351556
vn 0.342038 0.875226 0.342037
vn 0.497718 -0.710320 0.497717
vn 0.516099 -0.683582 0.516098
vn 0.543508 -0.639687 0.543507
vn 0.575948 -0.580146 0.575947
vn 0.608987 -0.508204 0.608986
vn 0.638830 -0.428712 0.638829
vn 0.683164 -0.258019 0.683164
vn 0.704860 0.079659 0.704859
vn 0.643978 0.413019 0.643977
vn 0.562723 0.605546 0.562722
vn 0.500571 0.706299 0.500570
vn 0.460577 0.758774 0.460577
vn 0.438555 0.784436 0.438554
vn 0.460779 0.758529 0.460778
vn 0.542515 0.641370 0.542514
vn 0.622679 0.473861 0.622678
vn 0.668061 0.327704 0.668060
vn 0.690294 0.216774 0.690292
vn 0.699962 0.141801 0.699961
vn 0.703630 0.099047 0.703629
vn 0.704538 0.085165 0.704537
vn -0.000025 1.000000 -0.000025
vn 0.707106 0.001932 0.707105
vn 0.470799 -0.746122 0.470798
vn 0.485638 -0.726850 0.485638
vn 0.511023 -0.691168 0.511022
vn 0.547690 -0.632513 0.547689
vn 0.595122 -0.540056 0.595121
vn 0.648399 -0.398949 0.648398
vn 0.700654 -0.134794 0.700653
vn 0.681183 0.268294 0.681182
vn 0.564999 0.601294 0.564998
vn 0.452869 0.767998 0.452868
vn 0.377652 0.845434 0.377651
vn 0.332343 0.882665 0.332342
vn 0.308200 0.900014 0.308200
vn 0.300381 0.905286 0.300381
vn 0.685777 0.243769 0.685775
vn 0.691819 0.206825 0.691817
vn 0.699863 0.142780 0.699861
vn 0.704317 0.088756 0.704315
vn 0.706358 0.046031 0.706356
vn 0.707025 0.015277 0.707023
vn 0.707104 -0.003225 0.707102
vn 0.707076 -0.009393 0.707075
vn 0.001119 -0.999999 0.001119
vn 0.680093 0.273767 0.680092
vn 0.676738 0.289918 0.676737
vn 0.670274 0.318539 0.670273
vn 0.659052 0.362356 0.659051
vn 0.639863 0.425621 0.639862
vn 0.606522 0.514066 0.606521
vn 0.528807 0.663872 0.528807
vn 0.404484 0.820235 0.404484
vn 0.304589 0.902470 0.304588
vn 0.247696 0.936640 0.247695
vn 0.213982 0.953112 0.213982
vn 0.194007 0.961625 0.194006
vn 0.183292 0.965820 0.183291
vn 0.179792 0.967135 0.179792
vn 0.707107 0.000000 0.707106
vn 0.385836 -0.838011 0.385835
vn 0.402531 -0.822155 0.402530
vn 0.428493 -0.795479 0.428493
vn 0.461352 -0.757832 0.461351
vn 0.498095 -0.709790 0.498095
vn 0.535531 -0.653003 0.535531
vn 0.587224 -0.557078 0.587224
vn 0.645480 -0.408304 0.645479
vn 0.682388 -0.262097 0.682387
vn 0.699314 -0.148053 0.699314
vn 0.706204 -0.050512 0.706204
vn 0.706360 0.045944 0.706360
vn 0.697593 0.163489 0.697593
vn 0.672049 0.310966 0.672049
vn 0.639494 0.426727 0.639493
vn 0.616565 0.489587 0.616565
vn 0.594084 0.542336 0.594084
vn 0.567238 0.597061 0.567238
vn 0.531098 0.660205 0.531098
vn 0.477994 0.736915 0.477994
vn 0.418870 0.805665 0.418870
vn 0.380485 0.842889 0.380485
vn 0.349481 0.869325 0.349481
vn 0.301956 0.904237 0.301956
vn 0.239702 0.940790 0.239702
vn 0.167377 0.971581 0.167377
vn 0.091723 0.991551 0.091723
vn 0.000445 -1.000000 0.000297
vn 0.831470 -0.000000 0.555570
vn 0.000000 -1.000000 0.000000
vn 0.831470 0.000000 0.555570
vn 0.174753 -0.977664 0.116766
vn 0.189805 -0.973596 0.126823
vn 0.214005 -0.966310 0.142993
vn 0.246313 -0.955114 0.164581
vn 0.285270 -0.939302 0.190611
vn 0.329024 -0.918374 0.219846
vn 0.350351 -0.906892 0.234097
vn 0.827402 -0.098798 0.552852
vn 0.771033 0.374285 0.515187
vn 0.626907 0.656904 0.418885
vn 0.515427 0.784682 0.344397
vn 0.448403 0.842120 0.299613
vn 0.413387 0.867650 0.276216
vn 0.402194 0.875226 0.268737
vn 0.585254 -0.710320 0.391054
vn 0.606868 -0.683582 0.405496
vn 0.639097 -0.639687 0.427031
vn 0.677242 -0.580147 0.452518
vn 0.716092 -0.508204 0.478477
vn 0.751184 -0.428712 0.501925
vn 0.803316 -0.258019 0.536758
vn 0.828828 0.079659 0.553804
vn 0.757238 0.413019 0.505970
vn 0.661693 0.605546 0.442128
vn 0.588609 0.706299 0.393295
vn 0.541581 0.758774 0.361873
vn 0.515686 0.784436 0.344570
vn 0.541819 0.758529 0.362031
vn 0.637930 0.641370 0.426251
vn 0.732192 0.473861 0.489235
vn 0.785557 0.327704 0.524891
vn 0.811699 0.216774 0.542359
vn 0.823068 0.141801 0.549956
vn 0.827381 0.099047 0.552838
vn 0.828449 0.085165 0.553551
vn -0.000029 1.000000 -0.000020
vn 0.831468 0.001932 0.555569
vn 0.553601 -0.746122 0.369904
vn 0.571050 -0.726851 0.381563
vn 0.600899 -0.691168 0.401507
vn 0.644015 -0.632513 0.430316
vn 0.699790 -0.540055 0.467584
vn 0.762436 -0.398948 0.509443
vn 0.823882 -0.134795 0.550499
vn 0.800986 0.268294 0.535201
vn 0.664368 0.601294 0.443916
vn 0.532517 0.767998 0.355816
vn 0.444072 0.845434 0.296719
vn 0.390794 0.882664 0.261120
vn 0.362405 0.900014 0.242151
vn 0.353211 0.905286 0.236008
vn 0.806387 0.243769 0.538810
vn 0.813492 0.206825 0.543557
vn 0.822951 0.142781 0.549878
vn 0.828189 0.088756 0.553377
vn 0.830589 0.046031 0.554981
vn 0.831373 0.015277 0.555505
vn 0.831466 -0.003225 0.555567
vn 0.831433 -0.009393 0.555545
vn 0.001316 -0.999999 0.000879
vn 0.799704 0.273767 0.534345
vn 0.795759 0.289918 0.531709
vn 0.788159 0.318538 0.526630
vn 0.774963 0.362356 0.517813
vn 0.752398 0.425621 0.502736
vn 0.713194 0.514066 0.476541
vn 0.621812 0.663872 0.415481
vn 0.475623 0.820235 0.317801
vn 0.358159 0.902469 0.239314
vn 0.291259 0.936640 0.194613
vn 0.251616 0.953112 0.168125
vn 0.228127 0.961625 0.152430
vn 0.215528 0.965820 0.144011
vn 0.211413 0.967135 0.141261
vn 0.831470 0.000000 0.555570
vn 0.453695 -0.838011 0.303149
vn 0.473326 -0.822155 0.316266
vn 0.503855 -0.795479 0.336665
vn 0.542492 -0.757832 0.362481
vn 0.585698 -0.709790 0.391351
vn 0.629718 -0.653003 0.420764
vn 0.690502 -0.557078 0.461379
vn 0.759004 -0.408304 0.507150
vn 0.802403 -0.262097 0.536148
vn 0.822307 -0.148053 0.549447
vn 0.830408 -0.050512 0.554861
vn 0.830591 0.045944 0.554984
vn 0.820282 0.163489 0.548095
vn 0.790246 0.310966 0.528026
vn 0.751965 0.426727 0.502447
vn 0.725003 0.489587 0.484432
vn 0.698569 0.542336 0.466769
vn 0.667002 0.597061 0.445676
vn 0.624505 0.660205 0.417281
vn 0.562061 0.736915 0.375557
vn 0.492539 0.805665 0.329104
vn 0.447403 0.842889 0.298945
vn 0.410946 0.869325 0.274585
vn 0.355063 0.904237 0.237246
vn 0.281859 0.940790 0.188333
vn 0.196815 0.971581 0.131508
vn 0.107855 0.991551 0.072067
vn 0.000494 -1.000000 0.000205
vn 0.923880 -0.000000 0.382683
vn 0.000000 -1.000000 0.000000
vn 0.923880 0.000000 0.382683
vn 0.194175 -0.977664 0.080430
vn 0.210900 -0.973596 0.087357
vn 0.237789 -0.966310 0.098495
vn 0.273688 -0.955114 0.113365
vn 0.316974 -0.939302 0.131295
vn 0.365592 -0.918374 0.151433
vn 0.389290 -0.906891 0.161249
vn 0.919360 -0.098799 0.380811
vn 0.856726 0.374285 0.354867
vn 0.696581 0.656904 0.288533
vn 0.572711 0.784682 0.237225
vn 0.498239 0.842120 0.206377
vn 0.459331 0.867650 0.190261
vn 0.446894 0.875226 0.185109
vn 0.650300 -0.710320 0.269362
vn 0.674316 -0.683582 0.279310
vn 0.710127 -0.639687 0.294144
vn 0.752511 -0.580147 0.311700
vn 0.795679 -0.508204 0.329581
vn 0.834671 -0.428711 0.345732
vn 0.892597 -0.258019 0.369725
vn 0.920944 0.079659 0.381467
vn 0.841398 0.413019 0.348518
vn 0.735233 0.605546 0.304543
vn 0.654027 0.706299 0.270906
vn 0.601773 0.758774 0.249262
vn 0.573000 0.784436 0.237344
vn 0.602036 0.758529 0.249371
vn 0.708830 0.641370 0.293606
vn 0.813568 0.473861 0.336990
vn 0.872864 0.327704 0.361551
vn 0.901912 0.216774 0.373583
vn 0.914544 0.141801 0.378816
vn 0.919337 0.099047 0.380801
vn 0.920523 0.085165 0.381292
vn -0.000033 1.000000 -0.000013
vn 0.923878 0.001932 0.382682
vn 0.615128 -0.746122 0.254794
vn 0.634517 -0.726851 0.262825
vn 0.667682 -0.691168 0.276563
vn 0.715591 -0.632513 0.296407
vn 0.777565 -0.540055 0.322077
vn 0.847173 -0.398948 0.350910
vn 0.915448 -0.134795 0.379190
vn 0.890008 0.268294 0.368653
vn 0.738206 0.601294 0.305774
vn 0.591701 0.767998 0.245090
vn 0.493426 0.845434 0.204383
vn 0.434227 0.882665 0.179862
vn 0.402683 0.900014 0.166796
vn 0.392467 0.905286 0.162565
vn 0.896009 0.243769 0.371139
vn 0.903904 0.206825 0.374408
vn 0.914414 0.142780 0.378762
vn 0.920234 0.088756 0.381172
vn 0.922901 0.046031 0.382277
vn 0.923772 0.015277 0.382638
vn 0.923875 -0.003225 0.382681
vn 0.923839 -0.009393 0.382666
vn 0.001462 -0.999999 0.000606
vn 0.888584 0.273767 0.368063
vn 0.884200 0.289918 0.366247
vn 0.875755 0.318538 0.362749
vn 0.861093 0.362356 0.356676
vn 0.836020 0.425621 0.346291
vn 0.792458 0.514066 0.328247
vn 0.690920 0.663872 0.286188
vn 0.528484 0.820235 0.218905
vn 0.397964 0.902470 0.164842
vn 0.323630 0.936640 0.134052
vn 0.279581 0.953112 0.115806
vn 0.253482 0.961625 0.104995
vn 0.239482 0.965820 0.099197
vn 0.234909 0.967135 0.097303
vn 0.923880 -0.000000 0.382683
vn 0.504118 -0.838011 0.208812
vn 0.525931 -0.822155 0.217848
vn 0.559853 -0.795479 0.231899
vn 0.602785 -0.757832 0.249681
vn 0.650793 -0.709791 0.269567
vn 0.699705 -0.653003 0.289827
vn 0.767245 -0.557078 0.317803
vn 0.843360 -0.408304 0.349331
vn 0.891582 -0.262097 0.369305
vn 0.913698 -0.148053 0.378466
vn 0.922700 -0.050512 0.382195
vn 0.922904 0.045944 0.382279
vn 0.911449 0.163489 0.377534
vn 0.878075 0.310966 0.363710
vn 0.835539 0.426727 0.346091
vn 0.805581 0.489588 0.333682
vn 0.776208 0.542336 0.321516
vn 0.741132 0.597061 0.306987
vn 0.693913 0.660205 0.287428
vn 0.624529 0.736915 0.258688
vn 0.547280 0.805665 0.226691
vn 0.497128 0.842889 0.205917
vn 0.456618 0.869325 0.189138
vn 0.394525 0.904237 0.163418
vn 0.313186 0.940790 0.129726
vn 0.218689 0.971581 0.090584
vn 0.119842 0.991551 0.049640
vn 0.000525 -1.000000 0.000104
vn 0.980786 -0.000000 0.195089
vn 0.000000 -1.000000 0.000000
vn 0.980786 0.000000 0.195089
vn 0.206135 -0.977664 0.041003
vn 0.223890 -0.973596 0.044534
vn 0.252436 -0.966310 0.050212
vn 0.290546 -0.955114 0.057793
vn 0.336499 -0.939302 0.066933
vn 0.388110 -0.918374 0.077200
vn 0.413268 -0.906891 0.082204
vn 0.975987 -0.098799 0.194135
vn 0.909496 0.374285 0.180909
vn 0.739487 0.656904 0.147093
vn 0.607987 0.784682 0.120936
vn 0.528928 0.842120 0.105210
vn 0.487623 0.867650 0.096994
vn 0.474420 0.875226 0.094368
vn 0.690354 -0.710320 0.137319
vn 0.715850 -0.683582 0.142391
vn 0.753866 -0.639687 0.149953
vn 0.798861 -0.580147 0.158903
vn 0.844688 -0.508204 0.168018
vn 0.886082 -0.428711 0.176252
vn 0.947576 -0.258019 0.188484
vn 0.977669 0.079660 0.194470
vn 0.893223 0.413019 0.177673
vn 0.780519 0.605546 0.155254
vn 0.694311 0.706299 0.138107
vn 0.638839 0.758774 0.127072
vn 0.608293 0.784436 0.120997
vn 0.639118 0.758529 0.127128
vn 0.752489 0.641370 0.149679
vn 0.863679 0.473861 0.171796
vn 0.926627 0.327704 0.184317
vn 0.957464 0.216774 0.190451
vn 0.970875 0.141801 0.193118
vn 0.975963 0.099047 0.194130
vn 0.977222 0.085165 0.194381
vn -0.000035 1.000000 -0.000007
vn 0.980784 0.001932 0.195089
vn 0.653016 -0.746122 0.129892
vn 0.673599 -0.726851 0.133986
vn 0.708808 -0.691168 0.140990
vn 0.759667 -0.632513 0.151106
vn 0.825458 -0.540055 0.164193
vn 0.899354 -0.398948 0.178892
vn 0.971834 -0.134795 0.193309
vn 0.944827 0.268294 0.187937
vn 0.783675 0.601294 0.155882
vn 0.628147 0.767998 0.124946
vn 0.523818 0.845434 0.104193
vn 0.460973 0.882664 0.091693
vn 0.427486 0.900014 0.085032
vn 0.416641 0.905286 0.082875
vn 0.951198 0.243769 0.189204
vn 0.959579 0.206825 0.190871
vn 0.970737 0.142780 0.193090
vn 0.976915 0.088756 0.194319
vn 0.979746 0.046031 0.194882
vn 0.980671 0.015277 0.195067
vn 0.980780 -0.003225 0.195088
vn 0.980742 -0.009393 0.195081
vn 0.001553 -0.999999 0.000309
vn 0.943315 0.273767 0.187637
vn 0.938662 0.289918 0.186711
vn 0.929696 0.318538 0.184928
vn 0.914131 0.362356 0.181831
vn 0.887514 0.425621 0.176537
vn 0.841269 0.514066 0.167338
vn 0.733477 0.663872 0.145897
vn 0.561036 0.820235 0.111597
vn 0.422477 0.902470 0.084036
vn 0.343564 0.936640 0.068339
vn 0.296801 0.953113 0.059037
vn 0.269095 0.961625 0.053526
vn 0.254232 0.965820 0.050570
vn 0.249378 0.967135 0.049604
vn 0.980786 -0.000000 0.195089
vn 0.535169 -0.838011 0.106451
vn 0.558326 -0.822155 0.111057
vn 0.594337 -0.795479 0.118221
vn 0.639913 -0.757832 0.127286
vn 0.690878 -0.709790 0.137424
vn 0.742803 -0.653003 0.147752
vn 0.814503 -0.557079 0.162014
vn 0.895306 -0.408304 0.178087
vn 0.946499 -0.262097 0.188270
vn 0.969977 -0.148053 0.192940
vn 0.979533 -0.050512 0.194841
vn 0.979750 0.045944 0.194884
vn 0.967589 0.163488 0.192465
vn 0.932159 0.310966 0.185418
vn 0.887003 0.426727 0.176436
vn 0.855200 0.489588 0.170110
vn 0.824018 0.542336 0.163907
vn 0.786782 0.597061 0.156500
vn 0.736654 0.660205 0.146529
vn 0.662996 0.736915 0.131878
vn 0.580989 0.805665 0.115566
vn 0.527748 0.842889 0.104975
vn 0.484744 0.869325 0.096421
vn 0.418825 0.904237 0.083309
vn 0.332476 0.940790 0.066133
vn 0.232159 0.971581 0.046179
vn 0.127224 0.991551 0.025306
f 1//1 2//2 3//3
f 3//3 4//4 5//5
f 3//3 2//2 4//4
f 5//5 6//6 7//7
f 5//5 4//4 6//6
f 7//7 8//8 9//9
f 7//7 6//6 8//8
f 9//9 10//10 11//11
f 9//9 8//8 10//10
f 11//11 12//12 13//13
f 11//11 10//10 12//12
f 13//13 14//14 15//15
f 13//13 12//12 14//14
f 15//15 16//16 17//17
f 15//15 14//14 16//16
f 17//17 18//18 19//19
f 17//17 16//16 18//18
f 19//19 20//20 21//21
f 19//19 18//18 20//20
f 21//21 22//22 23//23
f 21//21 20//20 22//22
f 23//23 24//24 25//25
f 23//23 22//22 24//24
f 25//25 26//26 27//27
f 25//25 24//24 26//26
f 27//27 28//28 29//29
f 27//27 26//26 28//28
f 29//29 30//30 31//31
f 29//29 28//28 30//30
f 31//31 32//32 33//33
f 31//31 30//30 32//32
f 33//33 34//34 35//35
f 33//33 32//32 34//34
f 35//35 36//36 37//37
f 35//35 34//34 36//36
f 37//37 38//38 39//39
f 37//37 36//36 38//38
f 39//39 40//40 41//41
f 39//39 38//38 40//40
f 41//41 42//42 43//43
f 41//41 40//40 42//42
f 43//43 44//44 45//45
f 43//43 42//42 44//44
f 45//45 46//46 47//47
f 45//45 44//44 46//46
f 47//47 48//48 49//49
f 47//47 46//46 48//48
f 49//49 50//50 51//51
f 49//49 48//48 50//50
f 51//51 52//52 53//53
f 51//51 50//50 52//52
f 53//53 54//54 55//55
f 53//53 52//52 54//54
f 55//55 56//56 57//57
f 55//55 54//54 56//56
f 57//57 58//58 59//59
f 57//57 56//56 58//58
f 59//59 60//60 61//61
f 59//59 58//58 60//60
f 61//61 62//62 63//63
f 61//61 60//60 62//62
f 63//63 64//64 65//65
f 63//63 62//62 64//64
f 65//65 66//66 67//67
f 65//65 64//64 66//66
f 67//67 68//68 69//69
f 67//67 66//66 68//68
f 69//69 70//70 71//71
f 69//69 68//68 70//70
f 71//71 72//72 73//73
f 71//71 70//70 72//72
f 73//73 74//74 75//75
f 73//73 72//72 74//74
f 75//75 76//76 77//77
f 75//75 74//74 76//76
f 77//77 78//78 79//79
f 77//77 76//76 78//78
f 79//79 80//80 81//81
f 79//79 78//78 80//80
f 81//81 82//82 83//83
f 81//81 80//80 82//82
f 83//83 84//84 85//85
f 83//83 82//82 84//84
f 85//85 86//86 87//87
f 85//85 84//84 86//86
f 87//87 88//88 89//89
f 87//87 86//86 88//88
f 89//89 90//90 91//91
f 89//89 88//88 90//90
f 91//91 92//92 93//93
f 91//91 90//90 92//92
f 93//93 94//94 95//95
f 93//93 92//92 94//94
f 95//95 96//96 97//97
f 95//95 94//94 96//96
f 97//97 98//98 99//99
f 97//97 96//96 98//98
f 99//99 100//100 101//101
f 99//99 98//98 100//100
f 101//101 102//102 103//103
f 101//101 100//100 102//102
f 103//103 104//104 105//105
f 103//103 102//102 104//104
f 105//105 106//106 107//107
f 105//105 104//104 106//106
f 107//107 108//108 109//109
f 107//107 106//106 108//108
f 109//109 110//110 111//111
f 109//109 108//108 110//110
f 111//111 112//112 113//113
f 111//111 110//110 112//112
f 113//113 114//114 115//115
f 113//113 112//112 114//114
f 115//115 116//116 117//117
f 115//115 114//114 116//116
f 117//117 118//118 119//119
f 117//117 116//116 118//118
f 119//119 120//120 121//121
f 119//119 118//118 120//120
f 121//121 122//122 123//123
f 121//121 120//120 122//122
f 123//123 124//124 125//125
f 123//123 122//122 124//124
f 125//125 126//126 127//127
f 125//125 124//124 126//126
f 127//127 128//128 129//129
f 127//127 126//126 128//128
f 129//129 130//130 131//131
f 129//129 128//128 130//130
f 131//131 132//132 133//133
f 131//131 130//130 132//132
f 133//133 134//134 135//135
f 133//133 132//132 134//134
f 135//135 136//136 137//137
f 135//135 134//134 136//136
f 137//137 138//138 139//139
f 137//137 136//136 138//138
f 139//139 140//140 141//141
f 139//139 138//138 140//140
f 141//141 142//142 143//143
f 141//141 140//140 142//142
f 143//143 144//144 145//145
f 143//143 142//142 144//144
f 145//145 146//146 147//147
f 145//145 144//144 146//146
f 147//147 148//148 149//149
f 147//147 146//146 148//148
f 149//149 150//150 151//151
f 149//149 148//148 150//150
f 151//151 152//152 153//153
f 151//151 150//150 152//152
f 153//153 154//154 155//155
f 153//153 152//152 154//154
f 155//155 156//156 157//157
f 155//155 154//154 156//156
f 157//157 158//158 159//159
f 157//157 156//156 158//158
f 159//159 160//160 161//161
f 159//159 158//158 160//160
f 161//161 162//162 163//163
f 161//161 160//160 162//162
f 163//163 164//164 165//165
f 163//163 162//162 164//164
f 165//165 166//166 167//167
f 165//165 164//164 166//166
f 167//167 168//168 169//169
f 167//167 166//166 168//168
f 169//169 170//170 171//171
f 169//169 168//168 170//170
f 171//171 172//172 173//173
f 171//171 170//170 172//172
f 173//173 174//174 175//175
f 173//173 172//172 174//174
f 175//175 176//176 177//177
f 175//175 174//174 176//176
f 177//177 178//178 179//179
f 177//177 176//176 178//178
f 179//179 180//180 181//181
f 179//179 178//178 180//180
f 181//181 182//182 183//183
f 181//181 180//180 182//182
f 183//183 184//184 185//185
f 183//183 182//182 184//184
f 185//185 186//186 187//187
f 185//185 184//184 186//186
f 187//187 188//188 189//189
f 187//187 186//186 188//188
f 189//189 190//190 191//191
f 189//189 188//188 190//190
f 191//191 192//192 193//193
f 191//191 190//190 192//192
f 193//193 194//194 195//195
f 193//193 192//192 194//194
f 195//195 196//196 197//197
f 195//195 194//194 196//196
f 197//197 198//198 199//199
f 197//197 196//196 198//198
f 199//199 200//200 201//201
f 199//199 198//198 200//200
f 201//201 202//202 203//203
f 201//201 200//200 202//202
f 203//203 204//204 205//205
f 203//203 202//202 204//204
f 205//205 206//206 207//207
f 205//205 204//204 206//206
f 207//207 208//208 209//209
f 207//207 206//206 208//208
f 209//209 210//210 211//211
f 209//209 208//208 210//210
f 211//211 212//212 213//213
f 211//211 210//210 212//212
f 213//213 212//212 214//214
f 1//1 215//215 2//2
f 2//2 216//216 4//4
f 2//2 215//215 216//216
f 4//4 217//217 6//6
f 4//4 216//216 217//217
f 6//6 218//218 8//8
f 6//6 217//217 218//218
f 8//8 219//219 10//10
f 8//8 218//218 219//219
f 10//10 220//220 12//12
f 10//10 219//219 220//220
f 12//12 221//221 14//14
f 12//12 220//220 221//221
f 14//14 222//222 16//16
f 14//14 221//221 222//222
f 16//16 223//223 18//18
f 16//16 222//222 223//223
f 18//18 224//224 20//20
f 18//18 223//223 224//224
f 20//20 225//225 22//22
f 20//20 224//224 225//225
f 22//22 226//226 24//24
f 22//22 225//225 226//226
f 24//24 227//227 26//26
f 24//24 226//226 227//227
f 26//26 228//228 28//28
f 26//26 227//227 228//228
f 28//28 229//229 30//30
f 28//28 228//228 229//229
f 30//30 230//230 32//32
f 30//30 229//229 230//230
f 32//32 231//231 34//34
f 32//32 230//230 231//231
f 34//34 232//232 36//36
f 34//34 231//231 232//232
f 36//36 233//233 38//38
f 36//36 232//232 233//233
f 38//38 234//234 40//40
f 38//38 233//233 234//234
f 40//40 235//235 42//42
f 40//40 234//234 235//235
f 42//42 236//236 44//44
f 42//42 235//235 236//236
f 44//44 237//237 46//46
f 44//44 236//236 237//237
f 46//46 238//238 48//48
f 46//46 237//237 238//238
f 48//48 239//239 50//50
f 48//48 238//238 239//239
f 50//50 240//240 52//52
f 50//50 239//239 240//240
f 52//52 241//241 54//54
f 52//52 240//240 241//241
f 54//54 242//242 56//56
f 54//54 241//241 242//242
f 56//56 243//243 58//58
f 56//56 242//242 243//243
f 58//58 244//244 60//60
f 58//58 243//243 244//244
f 60//60 245//245 62//62
f 60//60 244//244 245//245
f 62//62 246//246 64//64
f 62//62 245//245 246//246
f 64//64 247//247 66//66
f 64//64 246//246 247//247
f 66//66 248//248 68//68
f 66//66 247//247 248//248
f 68//68 249//249 70//70
f 68//68 248//248 249//249
f 70//70 250//250 72//72
f 70//70 249//249 250//250
f 72//72 251//251 74//74
f 72//72 250//250 251//251
f 74//74 252//252 76//76
f 74//74 251//251 252//252
f 76//76 253//253 78//78
f 76//76 252//252 253//253
f 78//78 254//254 80//80
f 78//78 253//253 254//254
f 80//80 255//255 82//82
f 80//80 254//254 255//255
f 82//82 256//256 84//84
f 82//82 255//255 256//256
f 84//84 257//257 86//86
f 84//84 256//256 257//257
f 86//86 258//258 88//88
f 86//86 257//257 258//258
f 88//88 259//259 90//90
f 88//88 258//258 259//259
f 90//90 260//260 92//92
f 90//90 259//259 260//260
f 92//92 261//261 94//94
f 92//92 260//260 261//261
f 94//94 262//262 96//96
f 94//94 261//261 262//262
f 96//96 263//263 98//98
f 96//96 262//262 263//263
f 98//98 264//264 100//100
f 98//98 263//263 264//264
f 100//100 265//265 102//102
f 100//100 264//264 265//265
f 102//102 266//266 104//104
f 102//102 265//265 266//266
f 104//104 267//267 106//106
f 104//104 266//266 267//267
f 106//106 268//268 108//108
f 106//106 267//267 268//268
f 108//108 269//269 110//110
f 108//108 268//268 269//269
f 110//110 270//270 112//112
f 110//110 269//269 270//270
f 112//112 271//271 114//114
f 112//112 270//270 271//271
f 114//114 272//272 116//116
f 114//114 271//271 272//272
f 116//116 273//273 118//118
f 116//116 272//272 273//273
f 118//118 274//274 120//120
f 118//118 273//273 274//274
f 120//120 275//275 122//122
f 120//120 274//274 275//275
f 122//122 276//276 124//124
f 122//122 275//275 276//276
f 124//124 277//277 126//126
f 124//124 276//276 277//277
f 126//126 278//278 128//128
f 126//126 277//277 278//278
f 128//128 279//279 130//130
f 128//128 278//278 279//279
f 130//130 280//280 132//132
f 130//130 279//279 280//280
f 132//132 281//281 134//134
f 132//132 280//280 281//281
f 134//134 282//282 136//136
f 134//134 281//281 282//282
f 136//136 283//283 138//138
f 136//136 282//282 283//283
f 138//138 284//284 140//140
f 138//138 283//283 284//284
f 140//140 285//285 142//142
f 140//140 284//284 285//285
f 142//142 286//286 144//144
f 142//142 285//285 286//286
f 144//144 287//287 146//146
f 144//144 286//286 287//287
f 146//146 288//288 148//148
f 146//146 287//287 288//288
f 148//148 289//289 150//150
f 148//148 288//288 289//289
f 150//150 290//290 152//152
f 150//150 289//289 290//290
f 152//152 291//291 154//154
f 152//152 290//290 291//291
f 154//154 292//292 156//156
f 154//154 291//291 292//292
f 156//156 293//293 158//158
f 156//156 292//292 293//293
f 158//158 294//294 160//160
f 158//158 293//293 294//294
f 160//160 295//295 162//162
f 160//160 294//294 295//295
f 162//162 296//296 164//164
f 162//162 295//295 296//296
f 164//164 297//297 166//166
f 164//164 296//296 297//297
f 166//166 298//298 168//168
f 166//166 297//297 298//298
f 168//168 299//299 170//170
f 168//168 298//298 299//299
f 170//170 300//300 172//172
f 170//170 299//299 300//300
f 172//172 301//301 174//174
f 172//172 300//300 301//301
f 174//174 302//302 176//176
f 174//174 301//301 302//302
f 176//176 303//303 178//178
f 176//176 302//302 303//303
f 178//178 304//304 180//180
f 178//178 303//303 304//304
f 180//180 305//305 182//182
f 180//180 304//304 305//305
f 182//182 306//306 184//184
f 182//182 305//305 306//306
f 184//184 307//307 186//186
f 184//184 306//306 307//307
f 186//186 308//308 188//188
f 186//186 307//307 308//308
f 188//188 309//309 190//190
f 188//188 308//308 309//309
f 190//190 310//310 192//192
f 190//190 309//309 310//310
f 192//192 311//311 194//194
f 192//192 310//310 311//311
f 194//194 312//312 196//196
f 194//194 311//311 312//312
f 196//196 313//313 198//198
f 196//196 312//312 313//313
f 198//198 314//314 200//200
f 198//198 313//313 314//314
f 200//200 315//315 202//202
f 200//200 314//314 315//315
f 202//202 316//316 204//204
f 202//202 315//315 316//316
f 204//204 317//317 206//206
f 204//204 316//316 317//317
f 206//206 318//318 208//208
f 206//206 317//317 318//318
f 208//208 319//319 210//210
f 208//208 318//318 319//319
f 210//210 320//320 212//212
f 210//210 319//319 320//320
f 212//212 320//320 214//214
f 1//1 321//321 215//215
f 215//215 322//322 216//216
f 215//215 321//321 322//322
f 216//216 323//323 217//217
f 216//216 322//322 323//323
f 217//217 324//324 218//218
f 217//217 323//323 324//324
f 218//218 325//325 219//219
f 218//218 324//324 325//325
f 219//219 326//326 220//220
f 219//219 325//325 326//326
f 220//220 327//327 221//221
f 220//220 326//326 327//327
f 221//221 328//328 222//222
f 221//221 327//327 328//328
f 222//222 329//329 223//223
f 222//222 328//328 329//329
f 223//223 330//330 224//224
f 223//223 329//329 330//330
f 224//224 331//331 225//225
f 224//224 330//330 331//331
f 225//225 332//332 226//226
f 225//225 331//331 332//332
f 226//226 333//333 227//227
f 226//226 332//332 333//333
f 227//227 334//334 228//228
f 227//227 333//333 334//334
f 228//228 335//335 229//229
f 228//228 334//334 335//335
f 229//229 336//336 230//230
f 229//229 335//335 336//336
f 230//230 337//337 231//231
f 230//230 336//336 337//337
f 231//231 338//338 232//232
f 231//231 337//337 338//338
f 232//232 339//339 233//233
f 232//232 338//338 339//339
f 233//233 340//340 234//234
f 233//233 339//339 340//340
f 234//234 341//341 235//235
f 234//234 340//340 341//341
f 235//235 342//342 236//236
f 235//235 341//341 342//342
f 236//236 343//343 237//237
f 236//236 342//342 343//343
f 237//237 344//344 238//238
f 237//237 343//343 344//344
f 238//238 345//345 239//239
f 238//238 344//344 345//345
f 239//239 346//346 240//240
f 239//239 345//345 346//346
f 240//240 347//347 241//241
f 240//240 346//346 347//347
f 241//241 348//348 242//242
f 241//241 347//347 348//348
f 242//242 349//349 243//243
f 242//242 348//348 349//349
f 243//243 350//350 244//244
f 243//243 349//349 350//350
f 244//244 351//351 245//245
f 244//244 350//350 351//351
f 245//245 352//352 246//246
f 245//245 351//351 352//352
f 246//246 353//353 247//247
f 246//246 352//352 353//353
f 247//247 354//354 248//248
f 247//247 353//353 354//354
f 248//248 355//355 249//249
f 248//248 354//354 355//355
f 249//249 356//356 250//250
f 249//249 355//355 356//356
f 250//250 357//357 251//251
f 250//250 356//356 357//357
f 251//251 358//358 252//252
f 251//251 357//357 358//358
f 252//252 359//359 253//253
f 252//252 358//358 359//359
f 253//253 360//360 254//254
f 253//253 359//359 360//360
f 254//254 361//361 255//255
f 254//254 360//360 361//361
f 255//255 362//362 256//256
f 255//255 361//361 362//362
f 256//256 363//363 257//257
f 256//256 362//362 363//363
f 257//257 364//364 258//258
f 257//257 363//363 364//364
f 258//258 365//365 259//259
f 258//258 364//364 365//365
f 259//259 366//366 260//260
f 259//259 365//365 366//366
f 260//260 367//367 261//261
f 260//260 366//366 367//367
f 261//261 368//368 262//262
f 261//261 367//367 368//368
f 262//262 369//369 263//263
f 262//262 368//368 369//369
f 263//263 370//370 264//264
f 263//263 369//369 370//370
f 264//264 371//371 265//265
f 264//264 370//370 371//371
f 265//265 372//372 266//266
f 265//265 371//371 372//372
f 266//266 373//373 267//267
f 266//266 372//372 373//373
f 267//267 374//374 268//268
f 267//267 373//373 374//374
f 268//268 375//375 269//269
f 268//268 374//374 375//375
f 269//269 376//376 270//270
f 269//269 375//375 376//376
f 270//270 377//377 271//271
f 270//270 376//376 377//377
f 271//271 378//378 272//272
f 271//271 377//377 378//378
f 272//272 379//379 273//273
f 272//272 378//378 379//379
f 273//273 380//380 274//274
f 273//273 379//379 380//380
f 274//274 381//381 275//275
f 274//274 380//380 381//381
f 275//275 382//382 276//276
f 275//275 381//381 382//382
f 276//276 383//383 277//277
f 276//276 382//382 383//383
f 277//277 384//384 278//278
f 277//277 383//383 384//384
f 278//278 385//385 279//279
f 278//278 384//384 385//385
f 279//279 386//386 280//280
f 279//279 385//385 386//386
f 280//280 387//387 281//281
f 280//280 386//386 387//387
f 281//281 388//388 282//282
f 281//281 387//387 388//388
f 282//282 389//389 283//283
f 282//282 388//388 389//389
f 283//283 390//390 284//284
f 283//283 389//389 390//390
f 284//284 391//391 285//285
f 284//284 390//390 391//391
f 285//285 392//392 286//286
f 285//285 391//391 392//392
f 286//286 393//393 287//287
f 286//286 392//392 393//393
f 287//287 394//394 288//288
f 287//287 393//393 394//394
f 288//288 395//395 289//289
f 288//288 394//394 395//395
f 289//289 396//396 290//290
f 289//289 395//395 396//396
f 290//290 397//397 291//291
f 290//290 396//396 397//397
f 291//291 398//398 292//292
f 291//291 397//397 398//398
f 292//292 399//399 293//293
f 292//292 398//398 399//399
f 293//293 400//400 294//294
f 293//293 399//399 400//400
f 294//294 401//401 295//295
f 294//294 400//400 401//401
f 295//295 402//402 296//296
f 295//295 401//401 402//402
f 296//296 403//403 297//297
f 296//296 402//402 403//403
f 297//297 404//404 298//298
f 297//297 403//403 404//404
f 298//298 405//405 299//299
f 298//298 404//404 405//405
f 299//299 406//406 300//300
f 299//299 405//405 406//406
f 300//300 407//407 301//301
f 300//300 406//406 407//407
f 301//301 408//408 302//302
f 301//301 407//407 408//408
f 302//302 409//409 303//303
f 302//302 408//408 409//409
f 303//303 410//410 304//304
f 303//303 409//409 410//410
f 304//304 411//411 305//305
f 304//304 410//410 411//411
f 305//305 412//412 306//306
f 305//305 411//411 412//412
f 306//306 413//413 307//307
f 306//306 412//412 413//413
f 307//307 414//414 308//308
f 307//307 413//413 414//414
f 308//308 415//415 309//309
f 308//308 414//414 415//415
f 309//309 416//416 310//310
f 309//309 415//415 416//416
f 310//310 417//417 311//311
f 310//310 416//416 417//417
f 311//311 418//418 312//312
f 311//311 417//417 418//418
f 312//312 419//419 313//313
f 312//312 418//418 419//419
f 313//313 420//420 314//314
f 313//313 419//419 420//420
f 314//314 421//421 315//315
f 314//314 420//420 421//421
f 315//315 422//422 316//316
f 315//315 421//421 422//422
f 316//316 423//423 317//317
f 316//316 422//422 423//423
f 317//317 424//424 318//318
f 317//317 423//423 424//424
f 318//318 425//425 319//319
f 318//318 424//424 425//425
f 319//319 426//426 320//320
f 319//319 425//425 426//426
f 320//320 426//426 214//214
f 1//1 427//427 321//321
f 321//321 428//428 322//322
f 321//321 427//427 428//428
f 322//322 429//429 323//323
f 322//322 428//428 429//429
f 323//323 430//430 324//324
f 323//323 429//429 430//430
f 324//324 431//431 325//325
f 324//324 430//430 431//431
f 325//325 432//432 326//326
f 325//325 431//431 432//432
f 326//326 433//433 327//327
f 326//326 432//432 433//433
f 327//327 434//434 328//328
f 327//327 433//433 434//434
f 328//328 435//435 329//329
f 328//328 434//434 435//435
f 329//329 436//436 330//330
f 329//329 435//435 436//436
f 330//330 437//437 331//331
f 330//330 436//436 437//437
f 331//331 438//438 332//332
f 331//331 437//437 438//438
f 332//332 439//439 333//333
f 332//332 438//438 439//439
f 333//333 440//440 334//334
f 333//333 439//439 440//440
f 334//334 441//441 335//335
f 334//334 440//440 441//441
f 335//335 442//442 336//336
f 335//335 441//441 442//442
f 336//336 443//443 337//337
f 336//336 442//442 443//443
f 337//337 444//444 338//338
f 337//337 443//443 444//444
f 338//338 445//445 339//339
f 338//338 444//444 445//445
f 339//339 446//446 340//340
f 339//339 445//445 446//446
f 340//340 447//447 341//341
f 340//340 446//446 447//447
f 341//341 448//448 342//342
f 341//341 447//447 448//448
f 342//342 449//449 343//343
f 342//342 448//448 449//449
f 343//343 450//450 344//344
f 343//343 449//449 450//450
f 344//344 451//451 345//345
f 344//344 450//450 451//451
f 345//345 452//452 346//346
f 345//345 451//451 452//452
f 346//346 453//453 347//347
f 346//346 452//452 453//453
f 347//347 454//454 348//348
f 347//347 453//453 454//454
f 348//348 455//455 349//349
f 348//348 454//454 455//455
f 349//349 456//456 350//350
f 349//349 455//455 456//456
f 350//350 457//457 351//351
f 350//350 456//456 457//457
f 351//351 458//458 352//352
f 351//351 457//457 458//458
f 352//352 459//459 353//353
f 352//352 458//458 459//459
f 353//353 460//460 354//354
f 353//353 459//459 460//460
f 354//354 461//461 355//355
f 354//354 460//460 461//461
f 355//355 462//462 356//356
f 355//355 461//461 462//462
f 356//356 463//463 357//357
f 356//356 462//462 463//463
f 357//357 464//464 358//358
f 357//357 463//463 464//464
f 358//358 465//465 359//359
f 358//358 464//464 465//465
f 359//359 466//466 360//360
f 359//359 465//465 466//466
f 360//360 467//467 361//361
f 360//360 466//466 467//467
f 361//361 468//468 362//362
f 361//361 467//467 468//468
f 362//362 469//469 363//363
f 362//362 468//468 469//469
f 363//363 470//470 364//364
f 363//363 469//469 470//470
f 364//364 471//471 365//365
f 364//364 470//470 471//471
f 365//365 472//472 366//366
f 365//365 471//471 472//472
f 366//366 473//473 367//367
f 366//366 472//472 473//473
f 367//367 474//474 368//368
f 367//367 473//473 474//474
f 368//368 475//475 369//369
f 368//368 474//474 475//475
f 369//369 476//476 370//370
f 369//369 475//475 476//476
f 370//370 477//477 371//371
f 370//370 476//476 477//477
f 371//371 478//478 372//372
f 371//371 477//477 478//478
f 372//372 479//479 373//373
f 372//372 478//478 479//479
f 373//373 480//480 374//374
f 373//373 479//479 480//480
f 374//374 481//481 375//375
f 374//374 480//480 481//481
f 375//375 482//482 376//376
f 375//375 481//481 482//482
f 376//376 483//483 377//377
f 376//376 482//482 483//483
f 377//377 484//484 378//378
f 377//377 483//483 484//484
f 378//378 485//485 379//379
f 378//378 484//484 485//485
f 379//379 486//486 380//380
f 379//379 485//485 486//486
f 380//380 487//487 381//381
f 380//380 486//486 487//487
f 381//381 488//488 382//382
f 381//381 487//487 488//488
f 382//382 489//489 383//383
f 382//382 488//488 489//489
f 383//383 490//490 384//384
f 383//383 489//489 490//490
f 384//384 491//491 385//385
f 384//384 490//490 491//491
f 385//385 492//492 386//386
f 385//385 491//491 492//492
f 386//386 493//493 387//387
f 386//386 492//492 493//493
f 387//387 494//494 388//388
f 387//387 493//493 494//494
f 388//388 495//495 389//389
f 388//388 494//494 495//495
f 389//389 496//496 390//390
f 389//389 495//495 496//496
f 390//390 497//497 391//391
f 390//390 496//496 497//497
f 391//391 498//498 392//392
f 391//391 497//497 498//498
f 392//392 499//499 393//393
f 392//392 498//498 499//499
f 393//393 500//500 394//394
f 393//393 499//499 500//500
f 394//394 501//501 395//395
f 394//394 500//500 501//501
f 395//395 502//502 396//396
f 395//395 501//501 502//502
f 396//396 503//503 397//397
f 396//396 502//502 503//503
f 397//397 504//504 398//398
f 397//397 503//503 504//504
f 398//398 505//505 399//399
f 398//398 504//504 505//505
f 399//399 506//506 400//400
f 399//399 505//505 506//506
f 400//400 507//507 401//401
f 400//400 506//506 507//507
f 401//401 508//508 402//402
f 401//401 507//507 508//508
f 402//402 509//509 403//403
f 402//402 508//508 509//509
f 403//403 510//510 404//404
f 403//403 509//509 510//510
f 404//404 511//511 405//405
f 404//404 510//510 511//511
f 405//405 512//512 406//406
f 405//405 511//511 512//512
f 406//406 513//513 407//407
f 406//406 512//512 513//513
f 407//407 514//514 408//408
f 407//407 513//513 514//514
f 408//408 515//515 409//409
f 408//408 514//514 515//515
f 409//409 516//516 410//410
f 409//409 515//515 516//516
f 410//410 517//517 411//411
f 410//410 516//516 517//517
f 411//411 518//518 412//412
f 411//411 517//517 518//518
f 412//412 519//519 413//413
f 412//412 518//518 519//519
f 413//413 520//520 414//414
f 413//413 519//519 520//520
f 414//414 521//521 415//415
f 414//414 520//520 521//521
f 415//415 522//522 416//416
f 415//415 521//521 522//522
f 416//416 523//523 417//417
f 416//416 522//522 523//523
f 417//417 524//524 418//418
f 417//417 523//523 524//524
f 418//418 525//525 419//419
f 418//418 524//524 525//525
f 419//419 526//526 420//420
f 419//419 525//525 526//526
f 420//420 527//527 421//421
f 420//420 526//526 527//527
f 421//421 528//528 422//422
f 421//421 527//527 528//528
f 422//422 529//529 423//423
f 422//422 528//528 529//529
f 423//423 530//530 424//424
f 423//423 529//529 530//530
f 424//424 531//531 425//425
f 424//424 530//530 531//531
f 425//425 532//532 426//426
f 425//425 531//531 532//532
f 426//426 532//532 214//214
f 1//1 533//533 427//427
f 427//427 534//534 428//428
f 427//427 533//533 534//534
f 428//428 535//535 429//429
f 428//428 534//534 535//535
f 429//429 536//536 430//430
f 429//429 535//535 536//536
f 430//430 537//537 431//431
f 430//430 536//536 537//537
f 431//431 538//538 432//432
f 431//431 537//537 538//538
f 432//432 539//539 433//433
f 432//432 538//538 539//539
f 433//433 540//540 434//434
f 433//433 539//539 540//540
f 434//434 541//541 435//435
f 434//434 540//540 541//541
f 435//435 542//542 436//436
f 435//435 541//541 542//542
f 436//436 543//543 437//437
f 436//436 542//542 543//543
f 437//437 544//544 438//438
f 437//437 543//543 544//544
f 438//438 545//545 439//439
f 438//438 544//544 545//545
f 439//439 546//546 440//440
f 439//439 545//545 546//546
f 440//440 547//547 441//441
f 440//440 546//546 547//547
f 441//441 548//548 442//442
f 441//441 547//547 548//548
f 442//442 549//549 443//443
f 442//442 548//548 549//549
f 443//443 550//550 444//444
f 443//443 549//549 550//550
f 444//444 551//551 445//445
f 444//444 550//550 551//551
f 445//445 552//552 446//446
f 445//445 551//551 552//552
f 446//446 553//553 447//447
f 446//446 552//552 553//553
f 447//447 554//554 448//448
f 447//447 553//553 554//554
f 448//448 555//555 449//449
f 448//448 554//554 555//555
f 449//449 556//556 450//450
f 449//449 555//555 556//556
f 450//450 557//557 451//451
f 450//450 556//556 557//557
f 451//451 558//558 452//452
f 451//451 557//557 558//558
f 452//452 559//559 453//453
f 452//452 558//558 559//559
f 453//453 560//560 454//454
f 453//453 559//559 560//560
f 454//454 561//561 455//455
f 454//454 560//560 561//561
f 455//455 562//562 456//456
f 455//455 561//561 562//562
f 456//456 563//563 457//457
f 456//456 562//562 563//563
f 457//457 564//564 458//458
f 457//457 563//563 564//564
f 458//458 565//565 459//459
f 458//458 564//564 565//565
f 459//459 566//566 460//460
f 459//459 565//565 566//566
f 460//460 567//567 461//461
f 460//460 566//566 567//567
f 461//461 568//568 462//462
f 461//461 567//567 568//568
f 462//462 569//569 463//463
f 462//462 568//568 569//569
f 463//463 570//570 464//464
f 463//463 569//569 570//570
f 464//464 571//571 465//465
f 464//464 570//570 571//571
f 465//465 572//572 466//466
f 465//465 571//571 572//572
f 466//466 573//573 467//467
f 466//466 572//572 573//573
f 467//467 574//574 468//468
f 467//467 573//573 574//574
f 468//468 575//575 469//469
f 468//468 574//574 575//575
f 469//469 576//576 470//470
f 469//469 575//575 576//576
f 470//470 577//577 471//471
f 470//470 576//576 577//577
f 471//471 578//578 472//472
f 471//471 577//577 578//578
f 472//472 579//579 473//473
f 472//472 578//578 579//579
f 473//473 580//580 474//474
f 473//473 579//579 580//580
f 474//474 581//581 475//475
f 474//474 580//580 581//581
f 475//475 582//582 476//476
f 475//475 581//581 582//582
f 476//476 583//583 477//477
f 476//476 582//582 583//583
f 477//477 584//584 478//478
f 477//477 583//583 584//584
f 478//478 585//585 479//479
f 478//478 584//584 585//585
f 479//479 586//586 480//480
f 479//479 585//585 586//586
f 480//480 587//587 481//481
f 480//480 586//586 587//587
f 481//481 588//588 482//482
f 481//481 587//587 588//588
f 482//482 589//589 483//483
f 482//482 588//588 589//589
f 483//483 590//590 484//484
f 483//483 589//589 590//590
f 484//484 591//591 485//485
f 484//484 590//590 591//591
f 485//485 592//592 486//486
f 485//485 591//591 592//592
f 486//486 593//593 487//487
f 486//486 592//592 593//593
f 487//487 594//594 488//488
f 487//487 593//593 594//594
f 488//488 595//595 489//489
f 488//488 594//594 595//595
f 489//489 596//596 490//490
f 489//489 595//595 596//596
f 490//490 597//597 491//491
f 490//490 596//596 597//597
f 491//491 598//598 492//492
f 491//491 597//597 598//598
f 492//492 599//599 493//493
f 492//492 598//598 599//599
f 493//493 600//600 494//494
f 493//493 599//599 600//600
f 494//494 601//601 495//495
f 494//494 600//600 601//601
f 495//495 602//602 496//496
f 495//495 601//601 602//602
f 496//496 603//603 497//497
f 496//496 602//602 603//603
f 497//497 604//604 498//498
f 497//497 603//603 604//604
f 498//498 605//605 499//499
f 498//498 604//604 605//605
f 499//499 606//606 500//500
f 499//499 605//605 606//606
f 500//500 607//607 501//501
f 500//500 606//606 607//607
f 501//501 608//608 502//502
f 501//501 607//607 608//608
f 502//502 609//609 503//503
f 502//502 608//608 609//609
f 503//503 610//610 504//504
f 503//503 609//609 610//610
f 504//504 611//611 505//505
f 504//504 610//610 611//611
f 505//505 612//612 506//506
f 505//505 611//611 612//612
f 506//506 613//613 507//507
f 506//506 612//612 613//613
f 507//507 614//614 508//508
f 507//507 613//613 614//614
f 508//508 615//615 509//509
f 508//508 614//614 615//615
f 509//509 616//616 510//510
f 509//509 615//615 616//616
f 510//510 617//617 511//511
f 510//510 616//616 617//617
f 511//511 618//618 512//512
f 511//511 617//617 618//618
f 512//512 619//619 513//513
f 512//512 618//618 619//619
f 513//513 620//620 514//514
f 513//513 619//619 620//620
f 514//514 621//621 515//515
f 514//514 620//620 621//621
f 515//515 622//622 516//516
f 515//515 621//621 622//622
f 516//516 623//623 517//517
f 516//516 622//622 623//623
f 517//517 624//624 518//518
f 517//517 623//623 624//624
f 518//518 625//625 519//519
f 518//518 624//624 625//625
f 519//519 626//626 520//520
f 519//519 625//625 626//626
f 520//520 627//627 521//521
f 520//520 626//626 627//627
f 521//521 628//628 522//522
f 521//521 627//627 628//628
f 522//522 629//629 523//523
f 522//522 628//628 629//629
f 523//523 630//630 524//524
f 523//523 629//629 630//630
f 524//524 631//631 525//525
f 524//524 630//630 631//631
f 525//525 632//632 526//526
f 525//525 631//631 632//632
f 526//526 633//633 527//527
f 526//526 632//632 633//633
f 527//527 634//634 528//528
f 527//527 633//633 634//634
f 528//528 635//635 529//529
f 528//528 634//634 635//635
f 529//529 636//636 530//530
f 529//529 635//635 636//636
f 530//530 637//637 531//531
f 530//530 636//636 637//637
f 531//531 638//638 532//532
f 531//531 637//637 638//638
f 532//532 638//638 214//214
f 1//1 639//639 533//533
f 533//533 640//640 534//534
f 533//533 639//639 640//640
f 534//534 641//641 535//535
f 534//534 640//640 641//641
f 535//535 642//642 536//536
f 535//535 641//641 642//642
f 536//536 643//643 537//537
f 536//536 642//642 643//643
f 537//537 644//644 538//538
f 537//537 643//643 644//644
f 538//538 645//645 539//539
f 538//538 644//644 645//645
f 539//539 646//646 540//540
f 539//539 645//645 646//646
f 540//540 647//647 541//541
f 540//540 646//646 647//647
f 541//541 648//648 542//542
f 541//541 647//647 648//648
f 542//542 649//649 543//543
f 542//542 648//648 649//649
f 543//543 650//650 544//544
f 543//543 649//649 650//650
f 544//544 651//651 545//545
f 544//544 650//650 651//651
f 545//545 652//652 546//546
f 545//545 651//651 652//652
f 546//546 653//653 547//547
f 546//546 652//652 653//653
f 547//547 654//654 548//548
f 547//547 653//653 654//654
f 548//548 655//655 549//549
f 548//548 654//654 655//655
f 549//549 656//656 550//550
f 549//549 655//655 656//656
f 550//550 657//657 551//551
f 550//550 656//656 657//657
f 551//551 658//658 552//552
f 551//551 657//657 658//658
f 552//552 659//659 553//553
f 552//552 658//658 659//659
f 553//553 660//660 554//554
f 553//553 659//659 660//660
f 554//554 661//661 555//555
f 554//554 660//660 661//661
f 555//555 662//662 556//556
f 555//555 661//661 662//662
f 556//556 663//663 557//557
f 556//556 662//662 663//663
f 557//557 664//664 558//558
f 557//557 663//663 664//664
f 558//558 665//665 559//559
f 558//558 664//664 665//665
f 559//559 666//666 560//560
f 559//559 665//665 666//666
f 560//560 667//667 561//561
f 560//560 666//666 667//667
f 561//561 668//668 562//562
f 561//561 667//667 668//668
f 562//562 669//669 563//563
f 562//562 668//668 669//669
f 563//563 670//670 564//564
f 563//563 669//669 670//670
f 564//564 671//671 565//565
f 564//564 670//670 671//671
f 565//565 672//672 566//566
f 565//565 671//671 672//672
f 566//566 673//673 567//567
f 566//566 672//672 673//673
f 567//567 674//674 568//568
f 567//567 673//673 674//674
f 568//568 675//675 569//569
f 568//568 674//674 675//675
f 569//569 676//676 570//570
f 569//569 675//675 676//676
f 570//570 677//677 571//571
f 570//570 676//676 677//677
f 571//571 678//678 572//572
f 571//571 677//677 678//678
f 572//572 679//679 573//573
f 572//572 678//678 679//679
f 573//573 680//680 574//574
f 573//573 679//679 680//680
f 574//574 681//681 575//575
f 574//574 680//680 681//681
f 575//575 682//682 576//576
f 575//575 681//681 682//682
f 576//576 683//683 577//577
f 576//576 682//682 683//683
f 577//577 684//684 578//578
f 577//577 683//683 684//684
f 578//578 685//685 579//579
f 578//578 684//684 685//685
f 579//579 686//686 580//580
f 579//579 685//685 686//686
f 580//580 687//687 581//581
f 580//580 686//686 687//687
f 581//581 688//688 582//582
f 581//581 687//687 688//688
f 582//582 689//689 583//583
f 582//582 688//688 689//689
f 583//583 690//690 584//584
f 583//583 689//689 690//690
f 584//584 691//691 585//585
f 584//584 690//690 691//691
f 585//585 692//692 586//586
f 585//585 691//691 692//692
f 586//586 693//693 587//587
f 586//586 692//692 693//693
f 587//587 694//694 588//588
f 587//587 693//693 694//694
f 588//588 695//695 589//589
f 588//588 694//694 695//695
f 589//589 696//696 590//590
f 589//589 695//695 696//696
f 590//590 697//697 591//591
f 590//590 696//696 697//697
f 591//591 698//698 592//592
f 591//591 697//697 698//698
f 592//592 699//699 593//593
f 592//592 698//698 699//699
f 593//593 700//700 594//594
f 593//593 699//699 700//700
f 594//594 701//701 595//595
f 594//594 700//700 701//701
f 595//595 702//702 596//596
f 595//595 701//701 702//702
f 596//596 703//703 597//597
f 596//596 702//702 703//703
f 597//597 704//704 598//598
f 597//597 703//703 704//704
f 598//598 705//705 599//599
f 598//598 704//704 705//705
f 599//599 706//706 600//600
f 599//599 705//705 706//706
f 600//600 707//707 601//601
f 600//600 706//706 707//707
f 601//601 708//708 602//602
f 601//601 707//707 708//708
f 602//602 709//709 603//603
f 602//602 708//708 709//709
f 603//603 710//710 604//604
f 603//603 709//709 710//710
f 604//604 711//711 605//605
f 604//604 710//710 711//711
f 605//605 712//712 606//606
f 605//605 711//711 712//712
f 606//606 713//713 607//607
f 606//606 712//712 713//713
f 607//607 714//714 608//608
f 607//607 713//713 714//714
f 608//608 715//715 609//609
f 608//608 714//714 715//715
f 609//609 716//716 610//610
f 609//609 715//715 716//716
f 610//610 717//717 611//611
f 610//610 716//716 717//717
f 611//611 718//718 612//612
f 611//611 717//717 718//718
f 612//612 719//719 613//613
f 612//612 718//718 719//719
f 613//613 720//720 614//614
f 613//613 719//719 720//720
f 614//614 721//721 615//615
f 614//614 720//720 721//721
f 615//615 722//722 616//616
f 615//615 721//721 722//722
f 616//616 723//723 617//617
f 616//616 722//722 723//723
f 617//617 724//724 618//618
f 617//617 723//723 724//724
f 618//618 725//725 619//619
f 618//618 724//724 725//725
f 619//619 726//726 620//620
f 619//619 725//725 726//726
f 620//620 727//727 621//621
f 620//620 726//726 727//727
f 621//621 728//728 622//622
f 621//621 727//727 728//728
f 622//622 729//729 623//623
f 622//622 728//728 729//729
f 623//623 730//730 624//624
f 623//623 729//729 730//730
f 624//624 731//731 625//625
f 624//624 730//730 731//731
f 625//625 732//732 626//626
f 625//625 731//731 732//732
f 626//626 733//733 627//627
f 626//626 732//732 733//733
f 627//627 734//734 628//628
f 627//627 733//733 734//734
f 628//628 735//735 629//629
f 628//628 734//734 735//735
f 629//629 736//736 630//630
f 629//629 735//735 736//736
f 630//630 737//737 631//631
f 630//630 736//736 737//737
f 631//631 738//738 632//632
f 631//631 737//737 738//738
f 632//632 739//739 633//633
f 632//632 738//738 739//739
f 633//633 740//740 634//634
f 633//633 739//739 740//740
f 634//634 741//741 635//635
f 634//634 740//740 741//741
f 635//635 742//742 636//636
f 635//635 741//741 742//742
f 636//636 743//743 637//637
f 636//636 742//742 743//743
f 637//637 744//744 638//638
f 637//637 743//743 744//744
f 638//638 744//744 214//214
f 1//1 745//745 639//639
f 639//639 746//746 640//640
f 639//639 745//745 746//746
f 640//640 747//747 641//641
f 640//640 746//746 747//747
f 641//641 748//748 642//642
f 641//641 747//747 748//748
f 642//642 749//749 643//643
f 642//642 748//748 749//749
f 643//643 750//750 644//644
f 643//643 749//749 750//750
f 644//644 751//751 645//645
f 644//644 750//750 751//751
f 645//645 752//752 646//646
f 645//645 751//751 752//752
f 646//646 753//753 647//647
f 646//646 752//752 753//753
f 647//647 754//754 648//648
f 647//647 753//753 754//754
f 648//648 755//755 649//649
f 648//648 754//754 755//755
f 649//649 756//756 650//650
f 649//649 755//755 756//756
f 650//650 757//757 651//651
f 650//650 756//756 757//757
f 651//651 758//758 652//652
f 651//651 757//757 758//758
f 652//652 759//759 653//653
f 652//652 758//758 759//759
f 653//653 760//760 654//654
f 653//653 759//759 760//760
f 654//654 761//761 655//655
f 654//654 760//760 761//761
f 655//655 762//762 656//656
f 655//655 761//761 762//762
f 656//656 763//763 657//657
f 656//656 762//762 763//763
f 657//657 764//764 658//658
f 657//657 763//763 764//764
f 658//658 765//765 659//659
f 658//658 764//764 765//765
f 659//659 766//766 660//660
f 659//659 765//765 766//766
f 660//660 767//767 661//661
f 660//660 766//766 767//767
f 661//661 768//768 662//662
f 661//661 767//767 768//768
f 662//662 769//769 663//663
f 662//662 768//768 769//769
f 663//663 770//770 664//664
f 663//663 769//769 770//770
f 664//664 771//771 665//665
f 664//664 770//770 771//771
f 665//665 772//772 666//666
f 665//665 771//771 772//772
f 666//666 773//773 667//667
f 666//666 772//772 773//773
f 667//667 774//774 668//668
f 667//667 773//773 774//774
f 668//668 775//775 669//669
f 668//668 774//774 775//775
f 669//669 776//776 670//670
f 669//669 775//775 776//776
f 670//670 777//777 671//671
f 670//670 776//776 777//777
f 671//671 778//778 672//672
f 671//671 777//777 778//778
f 672//672 779//779 673//673
f 672//672 778//778 779//779
f 673//673 780//780 674//674
f 673//673 779//779 780//780
f 674//674 781//781 675//675
f 674//674 780//780 781//781
f 675//675 782//782 676//676
f 675//675 781//781 782//782
f 676//676 783//783 677//677
f 676//676 782//782 783//783
f 677//677 784//784 678//678
f 677//677 783//783 784//784
f 678//678 785//785 679//679
f 678//678 784//784 785//785
f 679//679 786//786 680//680
f 679//679 785//785 786//786
f 680//680 787//787 681//681
f 680//680 786//786 787//787
f 681//681 788//788 682//682
f 681//681 787//787 788//788
f 682//682 789//789 683//683
f 682//682 788//788 789//789
f 683//683 790//790 684//684
f 683//683 789//789 790//790
f 684//684 791//791 685//685
f 684//684 790//790 791//791
f 685//685 792//792 686//686
f 685//685 791//791 792//792
f 686//686 793//793 687//687
f 686//686 792//792 793//793
f 687//687 794//794 688//688
f 687//687 793//793 794//794
f 688//688 795//795 689//689
f 688//688 794//794 795//795
f 689//689 796//796 690//690
f 689//689 795//795 796//796
f 690//690 797//797 691//691
f 690//690 796//796 797//797
f 691//691 798//798 692//692
f 691//691 797//797 798//798
f 692//692 799//799 693//693
f 692//692 798//798 799//799
f 693//693 800//800 694//694
f 693//693 799//799 800//800
f 694//694 801//801 695//695
f 694//694 800//800 801//801
f 695//695 802//802 696//696
f 695//695 801//801 802//802
f 696//696 803//803 697//697
f 696//696 802//802 803//803
f 697//697 804//804 698//698
f 697//697 803//803 804//804
f 698//698 805//805 699//699
f 698//698 804//804 805//805
f 699//699 806//806 700//700
f 699//699 805//805 806//806
f 700//700 807//807 701//701
f 700//700 806//806 807//807
f 701//701 808//808 702//702
f 701//701 807//807 808//808
f 702//702 809//809 703//703
f 702//702 808//808 809//809
f 703//703 810//810 704//704
f 703//703 809//809 810//810
f 704//704 811//811 705//705
f 704//704 810//810 811//811
f 705//705 812//812 706//706
f 705//705 811//811 812//812
f 706//706 813//813 707//707
f 706//706 812//812 813//813
f 707//707 814//814 708//708
f 707//707 813//813 814//814
f 708//708 815//815 709//709
f 708//708 814//814 815//815
f 709//709 816//816 710//710
f 709//709 815//815 816//816
f 710//710 817//817 711//711
f 710//710 816//816 817//817
f 711//711 818//818 712//712
f 711//711 817//817 818//818
f 712//712 819//819 713//713
f 712//712 818//818 819//819
f 713//713 820//820 714//714
f 713//713 819//819 820//820
f 714//714 821//821 715//715
f 714//714 820//820 821//821
f 715//715 822//822 716//716
f 715//715 821//821 822//822
f 716//716 823//823 717//717
f 716//716 822//822 823//823
f 717//717 824//824 718//718
f 717//717 823//823 824//824
f 718//718 825//825 719//719
f 718//718 824//824 825//825
f 719//719 826//826 720//720
f 719//719 825//825 826//826
f 720//720 827//827 721//721
f 720//720 826//826 827//827
f 721//721 828//828 722//722
f 721//721 827//827 828//828
f 722//722 829//829 723//723
f 722//722 828//828 829//829
f 723//723 830//830 724//724
f 723//723 829//829 830//830
f 724//724 831//831 725//725
f 724//724 830//830 831//831
f 725//725 832//832 726//726
f 725//725 831//831 832//832
f 726//726 833//833 727//727
f 726//726 832//832 833//833
f 727//727 834//834 728//728
f 727//727 833//833 834//834
f 728//728 835//835 729//729
f 728//728 834//834 835//835
f 729//729 836//836 730//730
f 729//729 835//835 836//836
f 730//730 837//837 731//731
f 730//730 836//836 837//837
f 731//731 838//838 732//732
f 731//731 837//837 838//838
f 732//732 839//839 733//733
f 732//732 838//838 839//839
f 733//733 840//840 734//734
f 733//733 839//839 840//840
f 734//734 841//841 735//735
f 734//734 840//840 841//841
f 735//735 842//842 736//736
f 735//735 841//841 842//842
f 736//736 843//843 737//737
f 736//736 842//842 843//843
f 737//737 844//844 738//738
f 737//737 843//843 844//844
f 738//738 845//845 739//739
f 738//738 844//844 845//845
f 739//739 846//846 740//740
f 739//739 845//845 846//846
f 740//740 847//847 741//741
f 740//740 846//846 847//847
f 741//741 848//848 742//742
f 741//741 847//847 848//848
f 742//742 849//849 743//743
f 742//742 848//848 849//849
f 743//743 850//850 744//744
f 743//743 849//849 850//850
f 744//744 850//850 214//214
f 1//1 851//851 745//745
f 745//745 852//852 746//746
f 745//745 851//851 852//852
f 746//746 853//853 747//747
f 746//746 852//852 853//853
f 747//747 854//854 748//748
f 747//747 853//853 854//854
f 748//748 855//855 749//749
f 748//748 854//854 855//855
f 749//749 856//856 750//750
f 749//749 855//855 856//856
f 750//750 857//857 751//751
f 750//750 856//856 857//857
f 751//751 858//858 752//752
f 751//751 857//857 858//858
f 752//752 859//859 753//753
f 752//752 858//858 859//859
f 753//753 860//860 754//754
f 753//753 859//859 860//860
f 754//754 861//861 755//755
f 754//754 860//860 861//861
f 755//755 862//862 756//756
f 755//755 861//861 862//862
f 756//756 863//863 757//757
f 756//756 862//862 863//863
f 757//757 864//864 758//758
f 757//757 863//863 864//864
f 758//758 865//865 759//759
f 758//758 864//864 865//865
f 759//759 866//866 760//760
f 759//759 865//865 866//866
f 760//760 867//867 761//761
f 760//760 866//866 867//867
f 761//761 868//868 762//762
f 761//761 867//867 868//868
f 762//762 869//869 763//763
f 762//762 868//868 869//869
f 763//763 870//870 764//764
f 763//763 869//869 870//870
f 764//764 871//871 765//765
f 764//764 870//870 871//871
f 765//765 872//872 766//766
f 765//765 871//871 872//872
f 766//766 873//873 767//767
f 766//766 872//872 873//873
f 767//767 874//874 768//768
f 767//767 873//873 874//874
f 768//768 875//875 769//769
f 768//768 874//874 875//875
f 769//769 876//876 770//770
f 769//769 875//875 876//876
f 770//770 877//877 771//771
f 770//770 876//876 877//877
f 771//771 878//878 772//772
f 771//771 877//877 878//878
f 772//772 879//879 773//773
f 772//772 878//878 879//879
f 773//773 880//880 774//774
f 773//773 879//879 880//880
f 774//774 881//881 775//775
f 774//774 880//880 881//881
f 775//775 882//882 776//776
f 775//775 881//881 882//882
f 776//776 883//883 777//777
f 776//776 882//882 883//883
f 777//777 884//884 778//778
f 777//777 883//883 884//884
f 778//778 885//885 779//779
f 778//778 884//884 885//885
f 779//779 886//886 780//780
f 779//779 885//885 886//886
f 780//780 887//887 781//781
f 780//780 886//886 887//887
f 781//781 888//888 782//782
f 781//781 887//887 888//888
f 782//782 889//889 783//783
f 782//782 888//888 889//889
f 783//783 890//890 784//784
f 783//783 889//889 890//890
f 784//784 891//891 785//785
f 784//784 890//890 891//891
f 785//785 892//892 786//786
f 785//785 891//891 892//892
f 786//786 893//893 787//787
f 786//786 892//892 893//893
f 787//787 894//894 788//788
f 787//787 893//893 894//894
f 788//788 895//895 789//789
f 788//788 894//894 895//895
f 789//789 896//896 790//790
f 789//789 895//895 896//896
f 790//790 897//897 791//791
f 790//790 896//896 897//897
f 791//791 898//898 792//792
f 791//791 897//897 898//898
f 792//792 899//899 793//793
f 792//792 898//898 899//899
f 793//793 900//900 794//794
f 793//793 899//899 900//900
f 794//794 901//901 795//795
f 794//794 900//900 901//901
f 795//795 902//902 796//796
f 795//795 901//901 902//902
f 796//796 903//903 797//797
f 796//796 902//902 903//903
f 797//797 904//904 798//798
f 797//797 903//903 904//904
f 798//798 905//905 799//799
f 798//798 904//904 905//905
f 799//799 906//906 800//800
f 799//799 905//905 906//906
f 800//800 907//907 801//801
f 800//800 906//906 907//907
f 801//801 908//908 802//802
f 801//801 907//907 908//908
f 802//802 909//909 803//803
f 802//802 908//908 909//909
f 803//803 910//910 804//804
f 803//803 909//909 910//910
f 804//804 911//911 805//805
f 804//804 910//910 911//911
f 805//805 912//912 806//806
f 805//805 911//911 912//912
f 806//806 913//913 807//807
f 806//806 912//912 913//913
f 807//807 914//914 808//808
f 807//807 913//913 914//914
f 808//808 915//915 809//809
f 808//808 914//914 915//915
f 809//809 916//916 810//810
f 809//809 915//915 916//916
f 810//810 917//917 811//811
f 810//810 916//916 917//917
f 811//811 918//918 812//812
f 811//811 917//917 918//918
f 812//812 919//919 813//813
f 812//812 918//918 919//919
f 813//813 920//920 814//814
f 813//813 919//919 920//920
f 814//814 921//921 815//815
f 814//814 920//920 921//921
f 815//815 922//922 816//816
f 815//815 921//921 922//922
f 816//816 923//923 817//817
f 816//816 922//922 923//923
f 817//817 924//924 818//818
f 817//817 923//923 924//924
f 818//818 925//925 819//819
f 818//818 924//924 925//925
f 819//819 926//926 820//820
f 819//819 925//925 926//926
f 820//820 927//927 821//821
f 820//820 926//926 927//927
f 821//821 928//928 822//822
f 821//821 927//927 928//928
f 822//822 929//929 823//823
f 822//822 928//928 929//929
f 823//823 930//930 824//824
f 823//823 929//929 930//930
f 824//824 931//931 825//825
f 824//824 930//930 931//931
f 825//825 932//932 826//826
f 825//825 931//931 932//932
f 826//826 933//933 827//827
f 826//826 932//932 933//933
f 827//827 934//934 828//828
f 827//827 933//933 934//934
f 828//828 935//935 829//829
f 828//828 934//934 935//935
f 829//829 936//936 830//830
f 829//829 935//935 936//936
f 830//830 937//937 831//831
f 830//830 936//936 937//937
f 831//831 938//938 832//832
f 831//831 937//937 938//938
f 832//832 939//939 833//833
f 832//832 938//938 939//939
f 833//833 940//940 834//834
f 833//833 939//939 940//940
f 834//834 941//941 835//835
f 834//834 940//940 941//941
f 835//835 942//942 836//836
f 835//835 941//941 942//942
f 836//836 943//943 837//837
f 836//836 942//942 943//943
f 837//837 944//944 838//838
f 837//837 943//943 944//944
f 838//838 945//945 839//839
f 838//838 944//944 945//945
f 839//839 946//946 840//840
f 839//839 945//945 946//946
f 840//840 947//947 841//841
f 840//840 946//946 947//947
f 841//841 948//948 842//842
f 841//841 947//947 948//948
f 842//842 949//949 843//843
f 842//842 948//948 949//949
f 843//843 950//950 844//844
f 843//843 949//949 950//950
f 844//844 951//951 845//845
f 844//844 950//950 951//951
f 845//845 952//952 846//846
f 845//845 951//951 952//952
f 846//846 953//953 847//847
f 846//846 952//952 953//953
f 847//847 954//954 848//848
f 847//847 953//953 954//954
f 848//848 955//955 849//849
f 848//848 954//954 955//955
f 849//849 956//956 850//850
f 849//849 955//955 956//956
f 850//850 956//956 214//214
f 1//1 957//957 851//851
f 851//851 958//958 852//852
f 851//851 957//957 958//958
f 852//852 959//959 853//853
f 852//852 958//958 959//959
f 853//853 960//960 854//854
f 853//853 959//959 960//960
f 854//854 961//961 855//855
f 854//854 960//960 961//961
f 855//855 962//962 856//856
f 855//855 961//961 962//962
f 856//856 963//963 857//857
f 856//856 962//962 963//963
f 857//857 964//964 858//858
f 857//857 963//963 964//964
f 858//858 965//965 859//859
f 858//858 964//964 965//965
f 859//859 966//966 860//860
f 859//859 965//965 966//966
f 860//860 967//967 861//861
f 860//860 966//966 967//967
f 861//861 968//968 862//862
f 861//861 967//967 968//968
f 862//862 969//969 863//863
f 862//862 968//968 969//969
f 863//863 970//970 864//864
f 863//863 969//969 970//970
f 864//864 971//971 865//865
f 864//864 970//970 971//971
f 865//865 972//972 866//866
f 865//865 971//971 972//972
f 866//866 973//973 867//867
f 866//866 972//972 973//973
f 867//867 974//974 868//868
f 867//867 973//973 974//974
f 868//868 975//975 869//869
f 868//868 974//974 975//975
f 869//869 976//976 870//870
f 869//869 975//975 976//976
f 870//870 977//977 871//871
f 870//870 976//976 977//977
f 871//871 978//978 872//872
f 871//871 977//977 978//978
f 872//872 979//979 873//873
f 872//872 978//978 979//979
f 873//873 980//980 874//874
f 873//873 979//979 980//980
f 874//874 981//981 875//875
f 874//874 980//980 981//981
f 875//875 982//982 876//876
f 875//875 981//981 982//982
f 876//876 983//983 877//877
f 876//876 982//982 983//983
f 877//877 984//984 878//878
f 877//877 983//983 984//984
f 878//878 985//985 879//879
f 878//878 984//984 985//985
f 879//879 986//986 880//880
f 879//879 985//985 986//986
f 880//880 987//987 881//881
f 880//880 986//986 987//987
f 881//881 988//988 882//882
f 881//881 987//987 988//988
f 882//882 989//989 883//883
f 882//882 988//988 989//989
f 883//883 990//990 884//884
f 883//883 989//989 990//990
f 884//884 991//991 885//885
f 884//884 990//990 991//991
f 885//885 992//992 886//886
f 885//885 991//991 992//992
f 886//886 993//993 887//887
f 886//886 992//992 993//993
f 887//887 994//994 888//888
f 887//887 993//993 994//994
f 888//888 995//995 889//889
f 888//888 994//994 995//995
f 889//889 996//996 890//890
f 889//889 995//995 996//996
f 890//890 997//997 891//891
f 890//890 996//996 997//997
f 891//891 998//998 892//892
f 891//891 997//997 998//998
f 892//892 999//999 893//893
f 892//892 998//998 999//999
f 893//893 1000//1000 894//894
f 893//893 999//999 1000//1000
f 894//894 1001//1001 895//895
f 894//894 1000//1000 1001//1001
f 895//895 1002//1002 896//896
f 895//895 1001//1001 1002//1002
f 896//896 1003//1003 897//897
f 896//896 1002//1002 1003//1003
f 897//897 1004//1004 898//898
f 897//897 1003//1003 1004//1004
f 898//898 1005//1005 899//899
f 898//898 1004//1004 1005//1005
f 899//899 1006//1006 900//900
f 899//899 1005//1005 1006//1006
f 900//900 1007//1007 901//901
f 900//900 1006//1006 1007//1007
f 901//901 1008//1008 902//902
f 901//901 1007//1007 1008//1008
f 902//902 1009//1009 903//903
f 902//902 1008//1008 1009//1009
f 903//903 1010//1010 904//904
f 903//903 1009//1009 1010//1010
f 904//904 1011//1011 905//905
f 904//904 1010//1010 1011//1011
f 905//905 1012//1012 906//906
f 905//905 1011//1011 1012//1012
f 906//906 1013//1013 907//907
f 906//906 1012//1012 1013//1013
f 907//907 1014//1014 908//908
f 907//907 1013//1013 1014//1014
f 908//908 1015//1015 909//909
f 908//908 1014//1014 1015//1015
f 909//909 1016//1016 910//910
f 909//909 1015//1015 1016//1016
f 910//910 1017//1017 911//911
f 910//910 1016//1016 1017//1017
f 911//911 1018//1018 912//912
f 911//911 1017//1017 1018//1018
f 912//912 1019//1019 913//913
f 912//912 1018//1018 1019//1019
f 913//913 1020//1020 914//914
f 913//913 1019//1019 1020//1020
f 914//914 1021//1021 915//915
f 914//914 1020//1020 1021//1021
f 915//915 1022//1022 916//916
f 915//915 1021//1021 1022//1022
f 916//916 1023//1023 917//917
f 916//916 1022//1022 1023//1023
f 917//917 1024//1024 918//918
f 917//917 1023//1023 1024//1024
f 918//918 1025//1025 919//919
f 918//918 1024//1024 1025//1025
f 919//919 1026//1026 920//920
f 919//919 1025//1025 1026//1026
f 920//920 1027//1027 921//921
f 920//920 1026//1026 1027//1027
f 921//921 1028//1028 922//922
f 921//921 1027//1027 1028//1028
f 922//922 1029//1029 923//923
f 922//922 1028//1028 1029//1029
f 923//923 1030//1030 924//924
f 923//923 1029//1029 1030//1030
f 924//924 1031//1031 925//925
f 924//924 1030//1030 1031//1031
f 925//925 1032//1032 926//926
f 925//925 1031//1031 1032//1032
f 926//926 1033//1033 927//927
f 926//926 1032//1032 1033//1033
f 927//927 1034//1034 928//928
f 927//927 1033//1033 1034//1034
f 928//928 1035//1035 929//929
f 928//928 1034//1034 1035//1035
f 929//929 1036//1036 930//930
f 929//929 1035//1035 1036//1036
f 930//930 1037//1037 931//931
f 930//930 1036//1036 1037//1037
f 931//931 1038//1038 932//932
f 931//931 1037//1037 1038//1038
f 932//932 1039//1039 933//933
f 932//932 1038//1038 1039//1039
f 933//933 1040//1040 934//934
f 933//933 1039//1039 1040//1040
f 934//934 1041//1041 935//935
f 934//934 1040//1040 1041//1041
f 935//935 1042//1042 936//936
f 935//935 1041//1041 1042//1042
f 936//936 1043//1043 937//937
f 936//936 1042//1042 1043//1043
f 937//937 1044//1044 938//938
f 937//937 1043//1043 1044//1044
f 938//938 1045//1045 939//939
f 938//938 1044//1044 1045//1045
f 939//939 1046//1046 940//940
f 939//939 1045//1045 1046//1046
f 940//940 1047//1047 941//941
f 940//940 1046//1046 1047//1047
f 941//941 1048//1048 942//942
f 941//941 1047//1047 1048//1048
f 942//942 1049//1049 943//943
f 942//942 1048//1048 1049//1049
f 943//943 1050//1050 944//944
f 943//943 1049//1049 1050//1050
f 944//944 1051//1051 945//945
f 944//944 1050//1050 1051//1051
f 945//945 1052//1052 946//946
f 945//945 1051//1051 1052//1052
f 946//946 1053//1053 947//947
f 946//946 1052//1052 1053//1053
f 947//947 1054//1054 948//948
f 947//947 1053//1053 1054//1054
f 948//948 1055//1055 949//949
f 948//948 1054//1054 1055//1055
f 949//949 1056//1056 950//950
f 949//949 1055//1055 1056//1056
f 950//950 1057//1057 951//951
f 950//950 1056//1056 1057//1057
f 951//951 1058//1058 952//952
f 951//951 1057//1057 1058//1058
f 952//952 1059//1059 953//953
f 952//952 1058//1058 1059//1059
f 953//953 1060//1060 954//954
f 953//953 1059//1059 1060//1060
f 954//954 1061//1061 955//955
f 954//954 1060//1060 1061//1061
f 955//955 1062//1062 956//956
f 955//955 1061//1061 1062//1062
f 956//956 1062//1062 214//214
f 1//1 1063//1063 957//957
f 957//957 1064//1064 958//958
f 957//957 1063//1063 1064//1064
f 958//958 1065//1065 959//959
f 958//958 1064//1064 1065//1065
f 959//959 1066//1066 960//960
f 959//959 1065//1065 1066//1066
f 960//960 1067//1067 961//961
f 960//960 1066//1066 1067//1067
f 961//961 1068//1068 962//962
f 961//961 1067//1067 1068//1068
f 962//962 1069//1069 963//963
f 962//962 1068//1068 1069//1069
f 963//963 1070//1070 964//964
f 963//963 1069//1069 1070//1070
f 964//964 1071//1071 965//965
f 964//964 1070//1070 1071//1071
f 965//965 1072//1072 966//966
f 965//965 1071//1071 1072//1072
f 966//966 1073//1073 967//967
f 966//966 1072//1072 1073//1073
f 967//967 1074//1074 968//968
f 967//967 1073//1073 1074//1074
f 968//968 1075//1075 969//969
f 968//968 1074//1074 1075//1075
f 969//969 1076//1076 970//970
f 969//969 1075//1075 1076//1076
f 970//970 1077//1077 971//971
f 970//970 1076//1076 1077//1077
f 971//971 1078//1078 972//972
f 971//971 1077//1077 1078//1078
f 972//972 1079//1079 973//973
f 972//972 1078//1078 1079//1079
f 973//973 1080//1080 974//974
f 973//973 1079//1079 1080//1080
f 974//974 1081//1081 975//975
f 974//974 1080//1080 1081//1081
f 975//975 1082//1082 976//976
f 975//975 1081//1081 1082//1082
f 976//976 1083//1083 977//977
f 976//976 1082//1082 1083//1083
f 977//977 1084//1084 978//978
f 977//977 1083//1083 1084//1084
f 978//978 1085//1085 979//979
f 978//978 1084//1084 1085//1085
f 979//979 1086//1086 980//980
f 979//979 1085//1085 1086//1086
f 980//980 1087//1087 981//981
f 980//980 1086//1086 1087//1087
f 981//981 1088//1088 982//982
f 981//981 1087//1087 1088//1088
f 982//982 1089//1089 983//983
f 982//982 1088//1088 1089//1089
f 983//983 1090//1090 984//984
f 983//983 1089//1089 1090//1090
f 984//984 1091//1091 985//985
f 984//984 1090//1090 1091//1091
f 985//985 1092//1092 986//986
f 985//985 1091//1091 1092//1092
f 986//986 1093//1093 987//987
f 986//986 1092//1092 1093//1093
f 987//987 1094//1094 988//988
f 987//987 1093//1093 1094//1094
f 988//988 1095//1095 989//989
f 988//988 1094//1094 1095//1095
f 989//989 1096//1096 990//990
f 989//989 1095//1095 1096//1096
f 990//990 1097//1097 991//991
f 990//990 1096//1096 1097//1097
f 991//991 1098//1098 992//992
f 991//991 1097//1097 1098//1098
f 992//992 1099//1099 993//993
f 992//992 1098//1098 1099//1099
f 993//993 1100//1100 994//994
f 993//993 1099//1099 1100//1100
f 994//994 1101//1101 995//995
f 994//994 1100//1100 1101//1101
f 995//995 1102//1102 996//996
f 995//995 1101//1101 1102//1102
f 996//996 1103//1103 997//997
f 996//996 1102//1102 1103//1103
f 997//997 1104//1104 998//998
f 997//997 1103//1103 1104//1104
f 998//998 1105//1105 999//999
f 998//998 1104//1104 1105//1105
f 999//999 1106//1106 1000//1000
f 999//999 1105//1105 1106//1106
f 1000//1000 1107//1107 1001//1001
f 1000//1000 1106//1106 1107//1107
f 1001//1001 1108//1108 1002//1002
f 1001//1001 1107//1107 1108//1108
f 1002//1002 1109//1109 1003//1003
f 1002//1002 1108//1108 1109//1109
f 1003//1003 1110//1110 1004//1004
f 1003//1003 1109//1109 1110//1110
f 1004//1004 1111//1111 1005//1005
f 1004//1004 1110//1110 1111//1111
f 1005//1005 1112//1112 1006//1006
f 1005//1005 1111//1111 1112//1112
f 1006//1006 1113//1113 1007//1007
f 1006//1006 1112//1112 1113//1113
f 1007//1007 1114//1114 1008//1008
f 1007//1007 1113//1113 1114//1114
f 1008//1008 1115//1115 1009//1009
f 1008//1008 1114//1114 1115//1115
f 1009//1009 1116//1116 1010//1010
f 1009//1009 1115//1115 1116//1116
f 1010//1010 1117//1117 1011//1011
f 1010//1010 1116//1116 1117//1117
f 1011//1011 1118//1118 1012//1012
f 1011//1011 1117//1117 1118//1118
f 1012//1012 1119//1119 1013//1013
f 1012//1012 1118//1118 1119//1119
f 1013//1013 1120//1120 1014//1014
f 1013//1013 1119//1119 1120//1120
f 1014//1014 1121//1121 1015//1015
f 1014//1014 1120//1120 1121//1121
f 1015//1015 1122//1122 1016//1016
f 1015//1015 1121//1121 1122//1122
f 1016//1016 1123//1123 1017//1017
f 1016//1016 1122//1122 1123//1123
f 1017//1017 1124//1124 1018//1018
f 1017//1017 1123//1123 1124//1124
f 1018//1018 1125//1125 1019//1019
f 1018//1018 1124//1124 1125//1125
f 1019//1019 1126//1126 1020//1020
f 1019//1019 1125//1125 1126//1126
f 1020//1020 1127//1127 1021//1021
f 1020//1020 1126//1126 1127//1127
f 1021//1021 1128//1128 1022//1022
f 1021//1021 1127//1127 1128//1128
f 1022//1022 1129//1129 1023//1023
f 1022//1022 1128//1128 1129//1129
f 1023//1023 1130//1130 1024//1024
f 1023//1023 1129//1129 1130//1130
f 1024//1024 1131//1131 1025//1025
f 1024//1024 1130//1130 1131//1131
f 1025//1025 1132//1132 1026//1026
f 1025//1025 1131//1131 1132//1132
f 1026//1026 1133//1133 1027//1027
f 1026//1026 1132//1132 1133//1133
f 1027//1027 1134//1134 1028//1028
f 1027//1027 1133//1133 1134//1134
f 1028//1028 1135//1135 1029//1029
f 1028//1028 1134//1134 1135//1135
f 1029//1029 1136//1136 1030//1030
f 1029//1029 1135//1135 1136//1136
f 1030//1030 1137//1137 1031//1031
f 1030//1030 1136//1136 1137//1137
f 1031//1031 1138//1138 1032//1032
f 1031//1031 1137//1137 1138//1138
f 1032//1032 1139//1139 1033//1033
f 1032//1032 1138//1138 1139//1139
f 1033//1033 1140//1140 1034//1034
f 1033//1033 1139//1139 1140//1140
f 1034//1034 1141//1141 1035//1035
f 1034//1034 1140//1140 1141//1141
f 1035//1035 1142//1142 1036//1036
f 1035//1035 1141//1141 1142//1142
f 1036//1036 1143//1143 1037//1037
f 1036//1036 1142//1142 1143//1143
f 1037//1037 1144//1144 1038//1038
f 1037//1037 1143//1143 1144//1144
f 1038//1038 1145//1145 1039//1039
f 1038//1038 1144//1144 1145//1145
f 1039//1039 1146//1146 1040//1040
f 1039//1039 1145//1145 1146//1146
f 1040//1040 1147//1147 1041//1041
f 1040//1040 1146//1146 1147//1147
f 1041//1041 1148//1148 1042//1042
f 1041//1041 1147//1147 1148//1148
f 1042//1042 1149//1149 1043//1043
f 1042//1042 1148//1148 1149//1149
f 1043//1043 1150//1150 1044//1044
f 1043//1043 1149//1149 1150//1150
f 1044//1044 1151//1151 1045//1045
f 1044//1044 1150//1150 1151//1151
f 1045//1045 1152//1152 1046//1046
f 1045//1045 1151//1151 1152//1152
f 1046//1046 1153//1153 1047//1047
f 1046//1046 1152//1152 1153//1153
f 1047//1047 1154//1154 1048//1048
f 1047//1047 1153//1153 1154//1154
f 1048//1048 1155//1155 1049//1049
f 1048//1048 1154//1154 1155//1155
f 1049//1049 1156//1156 1050//1050
f 1049//1049 1155//1155 1156//1156
f 1050//1050 1157//1157 1051//1051
f 1050//1050 1156//1156 1157//1157
f 1051//1051 1158//1158 1052//1052
f 1051//1051 1157//1157 1158//1158
f 1052//1052 1159//1159 1053//1053
f 1052//1052 1158//1158 1159//1159
f 1053//1053 1160//1160 1054//1054
f 1053//1053 1159//1159 1160//1160
f 1054//1054 1161//1161 1055//1055
f 1054//1054 1160//1160 1161//1161
f 1055//1055 1162//1162 1056//1056
f 1055//1055 1161//1161 1162//1162
f 1056//1056 1163//1163 1057//1057
f 1056//1056 1162//1162 1163//1163
f 1057//1057 1164//1164 1058//1058
f 1057//1057 1163//1163 1164//1164
f 1058//1058 1165//1165 1059//1059
f 1058//1058 1164//1164 1165//1165
f 1059//1059 1166//1166 1060//1060
f 1059//1059 1165//1165 1166//1166
f 1060//1060 1167//1167 1061//1061
f 1060//1060 1166//1166 1167//1167
f 1061//1061 1168//1168 1062//1062
f 1061//1061 1167//1167 1168//1168
f 1062//1062 1168//1168 214//214
f 1//1 1169//1169 1063//1063
f 1063//1063 1170//1170 1064//1064
f 1063//1063 1169//1169 1170//1170
f 1064//1064 1171//1171 1065//1065
f 1064//1064 1170//1170 1171//1171
f 1065//1065 1172//1172 1066//1066
f 1065//1065 1171//1171 1172//1172
f 1066//1066 1173//1173 1067//1067
f 1066//1066 1172//1172 1173//1173
f 1067//1067 1174//1174 1068//1068
f 1067//1067 1173//1173 1174//1174
f 1068//1068 1175//1175 1069//1069
f 1068//1068 1174//1174 1175//1175
f 1069//1069 1176//1176 1070//1070
f 1069//1069 1175//1175 1176//1176
f 1070//1070 1177//1177 1071//1071
f 1070//1070 1176//1176 1177//1177
f 1071//1071 1178//1178 1072//1072
f 1071//1071 1177//1177 1178//1178
f 1072//1072 1179//1179 1073//1073
f 1072//1072 1178//1178 1179//1179
f 1073//1073 1180//1180 1074//1074
f 1073//1073 1179//1179 1180//1180
f 1074//1074 1181//1181 1075//1075
f 1074//1074 1180//1180 1181//1181
f 1075//1075 1182//1182 1076//1076
f 1075//1075 1181//1181 1182//1182
f 1076//1076 1183//1183 1077//1077
f 1076//1076 1182//1182 1183//1183
f 1077//1077 1184//1184 1078//1078
f 1077//1077 1183//1183 1184//1184
f 1078//1078 1185//1185 1079//1079
f 1078//1078 1184//1184 1185//1185
f 1079//1079 1186//1186 1080//1080
f 1079//1079 1185//1185 1186//1186
f 1080//1080 1187//1187 1081//1081
f 1080//1080 1186//1186 1187//1187
f 1081//1081 1188//1188 1082//1082
f 1081//1081 1187//1187 1188//1188
f 1082//1082 1189//1189 1083//1083
f 1082//1082 1188//1188 1189//1189
f 1083//1083 1190//1190 1084//1084
f 1083//1083 1189//1189 1190//1190
f 1084//1084 1191//1191 1085//1085
f 1084//1084 1190//1190 1191//1191
f 1085//1085 1192//1192 1086//1086
f 1085//1085 1191//1191 1192//1192
f 1086//1086 1193//1193 1087//1087
f 1086//1086 1192//1192 1193//1193
f 1087//1087 1194//1194 1088//1088
f 1087//1087 1193//1193 1194//1194
f 1088//1088 1195//1195 1089//1089
f 1088//1088 1194//1194 1195//1195
f 1089//1089 1196//1196 1090//1090
f 1089//1089 1195//1195 1196//1196
f 1090//1090 1197//1197 1091//1091
f 1090//1090 1196//1196 1197//1197
f 1091//1091 1198//1198 1092//1092
f 1091//1091 1197//1197 1198//1198
f 1092//1092 1199//1199 1093//1093
f 1092//1092 1198//1198 1199//1199
f 1093//1093 1200//1200 1094//1094
f 1093//1093 1199//1199 1200//1200
f 1094//1094 1201//1201 1095//1095
f 1094//1094 1200//1200 1201//1201
f 1095//1095 1202//1202 1096//1096
f 1095//1095 1201//1201 1202//1202
f 1096//1096 1203//1203 1097//1097
f 1096//1096 1202//1202 1203//1203
f 1097//1097 1204//1204 1098//1098
f 1097//1097 1203//1203 1204//1204
f 1098//1098 1205//1205 1099//1099
f 1098//1098 1204//1204 1205//1205
f 1099//1099 1206//1206 1100//1100
f 1099//1099 1205//1205 1206//1206
f 1100//1100 1207//1207 1101//1101
f 1100//1100 1206//1206 1207//1207
f 1101//1101 1208//1208 1102//1102
f 1101//1101 1207//1207 1208//1208
f 1102//1102 1209//1209 1103//1103
f 1102//1102 1208//1208 1209//1209
f 1103//1103 1210//1210 1104//1104
f 1103//1103 1209//1209 1210//1210
f 1104//1104 1211//1211 1105//1105
f 1104//1104 1210//1210 1211//1211
f 1105//1105 1212//1212 1106//1106
f 1105//1105 1211//1211 1212//1212
f 1106//1106 1213//1213 1107//1107
f 1106//1106 1212//1212 1213//1213
f 1107//1107 1214//1214 1108//1108
f 1107//1107 1213//1213 1214//1214
f 1108//1108 1215//1215 1109//1109
f 1108//1108 1214//1214 1215//1215
f 1109//1109 1216//1216 1110//1110
f 1109//1109 1215//1215 1216//1216
f 1110//1110 1217//1217 1111//1111
f 1110//1110 1216//1216 1217//1217
f 1111//1111 1218//1218 1112//1112
f 1111//1111 1217//1217 1218//1218
f 1112//1112 1219//1219 1113//1113
f 1112//1112 1218//1218 1219//1219
f 1113//1113 1220//1220 1114//1114
f 1113//1113 1219//1219 1220//1220
f 1114//1114 1221//1221 1115//1115
f 1114//1114 1220//1220 1221//1221
f 1115//1115 1222//1222 1116//1116
f 1115//1115 1221//1221 1222//1222
f 1116//1116 1223//1223 1117//1117
f 1116//1116 1222//1222 1223//1223
f 1117//1117 1224//1224 1118//1118
f 1117//1117 1223//1223 1224//1224
f 1118//1118 1225//1225 1119//1119
f 1118//1118 1224//1224 1225//1225
f 1119//1119 1226//1226 1120//1120
f 1119//1119 1225//1225 1226//1226
f 1120//1120 1227//1227 1121//1121
f 1120//1120 1226//1226 1227//1227
f 1121//1121 1228//1228 1122//1122
f 1121//1121 1227//1227 1228//1228
f 1122//1122 1229//1229 1123//1123
f 1122//1122 1228//1228 1229//1229
f 1123//1123 1230//1230 1124//1124
f 1123//1123 1229//1229 1230//1230
f 1124//1124 1231//1231 1125//1125
f 1124//1124 1230//1230 1231//1231
f 1125//1125 1232//1232 1126//1126
f 1125//1125 1231//1231 1232//1232
f 1126//1126 1233//1233 1127//1127
f 1126//1126 1232//1232 1233//1233
f 1127//1127 1234//1234 1128//1128
f 1127//1127 1233//1233 1234//1234
f 1128//1128 1235//1235 1129//1129
f 1128//1128 1234//1234 1235//1235
f 1129//1129 1236//1236 1130//1130
f 1129//1129 1235//1235 1236//1236
f 1130//1130 1237//1237 1131//1131
f 1130//1130 1236//1236 1237//1237
f 1131//1131 1238//1238 1132//1132
f 1131//1131 1237//1237 1238//1238
f 1132//1132 1239//1239 1133//1133
f 1132//1132 1238//1238 1239//1239
f 1133//1133 1240//1240 1134//1134
f 1133//1133 1239//1239 1240//1240
f 1134//1134 1241//1241 1135//1135
f 1134//1134 1240//1240 1241//1241
f 1135//1135 1242//1242 1136//1136
f 1135//1135 1241//1241 1242//1242
f 1136//1136 1243//1243 1137//1137
f 1136//1136 1242//1242 1243//1243
f 1137//1137 1244//1244 1138//1138
f 1137//1137 1243//1243 1244//1244
f 1138//1138 1245//1245 1139//1139
f 1138//1138 1244//1244 1245//1245
f 1139//1139 1246//1246 1140//1140
f 1139//1139 1245//1245 1246//1246
f 1140//1140 1247//1247 1141//1141
f 1140//1140 1246//1246 1247//1247
f 1141//1141 1248//1248 1142//1142
f 1141//1141 1247//1247 1248//1248
f 1142//1142 1249//1249 1143//1143
f 1142//1142 1248//1248 1249//1249
f 1143//1143 1250//1250 1144//1144
f 1143//1143 1249//1249 1250//1250
f 1144//1144 1251//1251 1145//1145
f 1144//1144 1250//1250 1251//1251
f 1145//1145 1252//1252 1146//1146
f 1145//1145 1251//1251 1252//1252
f 1146//1146 1253//1253 1147//1147
f 1146//1146 1252//1252 1253//1253
f 1147//1147 1254//1254 1148//1148
f 1147//1147 1253//1253 1254//1254
f 1148//1148 1255//1255 1149//1149
f 1148//1148 1254//1254 1255//1255
f 1149//1149 1256//1256 1150//1150
f 1149//1149 1255//1255 1256//1256
f 1150//1150 1257//1257 1151//1151
f 1150//1150 1256//1256 1257//1257
f 1151//1151 1258//1258 1152//1152
f 1151//1151 1257//1257 1258//1258
f 1152//1152 1259//1259 1153//1153
f 1152//1152 1258//1258 1259//1259
f 1153//1153 1260//1260 1154//1154
f 1153//1153 1259//1259 1260//1260
f 1154//1154 1261//1261 1155//1155
f 1154//1154 1260//1260 1261//1261
f 1155//1155 1262//1262 1156//1156
f 1155//1155 1261//1261 1262//1262
f 1156//1156 1263//1263 1157//1157
f 1156//1156 1262//1262 1263//1263
f 1157//1157 1264//1264 1158//1158
f 1157//1157 1263//1263 1264//1264
f 1158//1158 1265//1265 1159//1159
f 1158//1158 1264//1264 1265//1265
f 1159//1159 1266//1266 1160//1160
f 1159//1159 1265//1265 1266//1266
f 1160//1160 1267//1267 1161//1161
f 1160//1160 1266//1266 1267//1267
f 1161//1161 1268//1268 1162//1162
f 1161//1161 1267//1267 1268//1268
f 1162//1162 1269//1269 1163//1163
f 1162//1162 1268//1268 1269//1269
f 1163//1163 1270//1270 1164//1164
f 1163//1163 1269//1269 1270//1270
f 1164//1164 1271//1271 1165//1165
f 1164//1164 1270//1270 1271//1271
f 1165//1165 1272//1272 1166//1166
f 1165//1165 1271//1271 1272//1272
f 1166//1166 1273//1273 1167//1167
f 1166//1166 1272//1272 1273//1273
f 1167//1167 1274//1274 1168//1168
f 1167//1167 1273//1273 1274//1274
f 1168//1168 1274//1274 214//214
f 1//1 1275//1275 1169//1169
f 1169//1169 1276//1276 1170//1170
f 1169//1169 1275//1275 1276//1276
f 1170//1170 1277//1277 1171//1171
f 1170//1170 1276//1276 1277//1277
f 1171//1171 1278//1278 1172//1172
f 1171//1171 1277//1277 1278//1278
f 1172//1172 1279//1279 1173//1173
f 1172//1172 1278//1278 1279//1279
f 1173//1173 1280//1280 1174//1174
f 1173//1173 1279//1279 1280//1280
f 1174//1174 1281//1281 1175//1175
f 1174//1174 1280//1280 1281//1281
f 1175//1175 1282//1282 1176//1176
f 1175//1175 1281//1281 1282//1282
f 1176//1176 1283//1283 1177//1177
f 1176//1176 1282//1282 1283//1283
f 1177//1177 1284//1284 1178//1178
f 1177//1177 1283//1283 1284//1284
f 1178//1178 1285//1285 1179//1179
f 1178//1178 1284//1284 1285//1285
f 1179//1179 1286//1286 1180//1180
f 1179//1179 1285//1285 1286//1286
f 1180//1180 1287//1287 1181//1181
f 1180//1180 1286//1286 1287//1287
f 1181//1181 1288//1288 1182//1182
f 1181//1181 1287//1287 1288//1288
f 1182//1182 1289//1289 1183//1183
f 1182//1182 1288//1288 1289//1289
f 1183//1183 1290//1290 1184//1184
f 1183//1183 1289//1289 1290//1290
f 1184//1184 1291//1291 1185//1185
f 1184//1184 1290//1290 1291//1291
f 1185//1185 1292//1292 1186//1186
f 1185//1185 1291//1291 1292//1292
f 1186//1186 1293//1293 1187//1187
f 1186//1186 1292//1292 1293//1293
f 1187//1187 1294//1294 1188//1188
f 1187//1187 1293//1293 1294//1294
f 1188//1188 1295//1295 1189//1189
f 1188//1188 1294//1294 1295//1295
f 1189//1189 1296//1296 1190//1190
f 1189//1189 1295//1295 1296//1296
f 1190//1190 1297//1297 1191//1191
f 1190//1190 1296//1296 1297//1297
f 1191//1191 1298//1298 1192//1192
f 1191//1191 1297//1297 1298//1298
f 1192//1192 1299//1299 1193//1193
f 1192//1192 1298//1298 1299//1299
f 1193//1193 1300//1300 1194//1194
f 1193//1193 1299//1299 1300//1300
f 1194//1194 1301//1301 1195//1195
f 1194//1194 1300//1300 1301//1301
f 1195//1195 1302//1302 1196//1196
f 1195//1195 1301//1301 1302//1302
f 1196//1196 1303//1303 1197//1197
f 1196//1196 1302//1302 1303//1303
f 1197//1197 1304//1304 1198//1198
f 1197//1197 1303//1303 1304//1304
f 1198//1198 1305//1305 1199//1199
f 1198//1198 1304//1304 1305//1305
f 1199//1199 1306//1306 1200//1200
f 1199//1199 1305//1305 1306//1306
f 1200//1200 1307//1307 1201//1201
f 1200//1200 1306//1306 1307//1307
f 1201//1201 1308//1308 1202//1202
f 1201//1201 1307//1307 1308//1308
f 1202//1202 1309//1309 1203//1203
f 1202//1202 1308//1308 1309//1309
f 1203//1203 1310//1310 1204//1204
f 1203//1203 1309//1309 1310//1310
f 1204//1204 1311//1311 1205//1205
f 1204//1204 1310//1310 1311//1311
f 1205//1205 1312//1312 1206//1206
f 1205//1205 1311//1311 1312//1312
f 1206//1206 1313//1313 1207//1207
f 1206//1206 1312//1312 1313//1313
f 1207//1207 1314//1314 1208//1208
f 1207//1207 1313//1313 1314//1314
f 1208//1208 1315//1315 1209//1209
f 1208//1208 1314//1314 1315//1315
f 1209//1209 1316//1316 1210//1210
f 1209//1209 1315//1315 1316//1316
f 1210//1210 1317//1317 1211//1211
f 1210//1210 1316//1316 1317//1317
f 1211//1211 1318//1318 1212//1212
f 1211//1211 1317//1317 1318//1318
f 1212//1212 1319//1319 1213//1213
f 1212//1212 1318//1318 1319//1319
f 1213//1213 1320//1320 1214//1214
f 1213//1213 1319//1319 1320//1320
f 1214//1214 1321//1321 1215//1215
f 1214//1214 1320//1320 1321//1321
f 1215//1215 1322//1322 1216//1216
f 1215//1215 1321//1321 1322//1322
f 1216//1216 1323//1323 1217//1217
f 1216//1216 1322//1322 1323//1323
f 1217//1217 1324//1324 1218//1218
f 1217//1217 1323//1323 1324//1324
f 1218//1218 1325//1325 1219//1219
f 1218//1218 1324//1324 1325//1325
f 1219//1219 1326//1326 1220//1220
f 1219//1219 1325//1325 1326//1326
f 1220//1220 1327//1327 1221//1221
f 1220//1220 1326//1326 1327//1327
f 1221//1221 1328//1328 1222//1222
f 1221//1221 1327//1327 1328//1328
f 1222//1222 1329//1329 1223//1223
f 1222//1222 1328//1328 1329//1329
f 1223//1223 1330//1330 1224//1224
f 1223//1223 1329//1329 1330//1330
f 1224//1224 1331//1331 1225//1225
f 1224//1224 1330//1330 1331//1331
f 1225//1225 1332//1332 1226//1226
f 1225//1225 1331//1331 1332//1332
f 1226//1226 1333//1333 1227//1227
f 1226//1226 1332//1332 1333//1333
f 1227//1227 1334//1334 1228//1228
f 1227//1227 1333//1333 1334//1334
f 1228//1228 1335//1335 1229//1229
f 1228//1228 1334//1334 1335//1335
f 1229//1229 1336//1336 1230//1230
f 1229//1229 1335//1335 1336//1336
f 1230//1230 1337//1337 1231//1231
f 1230//1230 1336//1336 1337//1337
f 1231//1231 1338//1338 1232//1232
f 1231//1231 1337//1337 1338//1338
f 1232//1232 1339//1339 1233//1233
f 1232//1232 1338//1338 1339//1339
f 1233//1233 1340//1340 1234//1234
f 1233//1233 1339//1339 1340//1340
f 1234//1234 1341//1341 1235//1235
f 1234//1234 1340//1340 1341//1341
f 1235//1235 1342//1342 1236//1236
f 1235//1235 1341//1341 1342//1342
f 1236//1236 1343//1343 1237//1237
f 1236//1236 1342//1342 1343//1343
f 1237//1237 1344//1344 1238//1238
f 1237//1237 1343//1343 1344//1344
f 1238//1238 1345//1345 1239//1239
f 1238//1238 1344//1344 1345//1345
f 1239//1239 1346//1346 1240//1240
f 1239//1239 1345//1345 1346//1346
f 1240//1240 1347//1347 1241//1241
f 1240//1240 1346//1346 1347//1347
f 1241//1241 1348//1348 1242//1242
f 1241//1241 1347//1347 1348//1348
f 1242//1242 1349//1349 1243//1243
f 1242//1242 1348//1348 1349//1349
f 1243//1243 1350//1350 1244//1244
f 1243//1243 1349//1349 1350//1350
f 1244//1244 1351//1351 1245//1245
f 1244//1244 1350//1350 1351//1351
f 1245//1245 1352//1352 1246//1246
f 1245//1245 1351//1351 1352//1352
f 1246//1246 1353//1353 1247//1247
f 1246//1246 1352//1352 1353//1353
f 1247//1247 1354//1354 1248//1248
f 1247//1247 1353//1353 1354//1354
f 1248//1248 1355//1355 1249//1249
f 1248//1248 1354//1354 1355//1355
f 1249//1249 1356//1356 1250//1250
f 1249//1249 1355//1355 1356//1356
f 1250//1250 1357//1357 1251//1251
f 1250//1250 1356//1356 1357//1357
f 1251//1251 1358//1358 1252//1252
f 1251//1251 1357//1357 1358//1358
f 1252//1252 1359//1359 1253//1253
f 1252//1252 1358//1358 1359//1359
f 1253//1253 1360//1360 1254//1254
f 1253//1253 1359//1359 1360//1360
f 1254//1254 1361//1361 1255//1255
f 1254//1254 1360//1360 1361//1361
f 1255//1255 1362//1362 1256//1256
f 1255//1255 1361//1361 1362//1362
f 1256//1256 1363//1363 1257//1257
f 1256//1256 1362//1362 1363//1363
f 1257//1257 1364//1364 1258//1258
f 1257//1257 1363//1363 1364//1364
f 1258//1258 1365//1365 1259//1259
f 1258//1258 1364//1364 1365//1365
f 1259//1259 1366//1366 1260//1260
f 1259//1259 1365//1365 1366//1366
f 1260//1260 1367//1367 1261//1261
f 1260//1260 1366//1366 1367//1367
f 1261//1261 1368//1368 1262//1262
f 1261//1261 1367//1367 1368//1368
f 1262//1262 1369//1369 1263//1263
f 1262//1262 1368//1368 1369//1369
f 1263//1263 1370//1370 1264//1264
f 1263//1263 1369//1369 1370//1370
f 1264//1264 1371//1371 1265//1265
f 1264//1264 1370//1370 1371//1371
f 1265//1265 1372//1372 1266//1266
f 1265//1265 1371//1371 1372//1372
f 1266//1266 1373//1373 1267//1267
f 1266//1266 1372//1372 1373//1373
f 1267//1267 1374//1374 1268//1268
f 1267//1267 1373//1373 1374//1374
f 1268//1268 1375//1375 1269//1269
f 1268//1268 1374//1374 1375//1375
f 1269//1269 1376//1376 1270//1270
f 1269//1269 1375//1375 1376//1376
f 1270//1270 1377//1377 1271//1271
f 1270//1270 1376//1376 1377//1377
f 1271//1271 1378//1378 1272//1272
f 1271//1271 1377//1377 1378//1378
f 1272//1272 1379//1379 1273//1273
f 1272//1272 1378//1378 1379//1379
f 1273//1273 1380//1380 1274//1274
f 1273//1273 1379//1379 1380//1380
f 1274//1274 1380//1380 214//214
f 1//1 1381//1381 1275//1275
f 1275//1275 1382//1382 1276//1276
f 1275//1275 1381//1381 1382//1382
f 1276//1276 1383//1383 1277//1277
f 1276//1276 1382//1382 1383//1383
f 1277//1277 1384//1384 1278//1278
f 1277//1277 1383//1383 1384//1384
f 1278//1278 1385//1385 1279//1279
f 1278//1278 1384//1384 1385//1385
f 1279//1279 1386//1386 1280//1280
f 1279//1279 1385//1385 1386//1386
f 1280//1280 1387//1387 1281//1281
f 1280//1280 1386//1386 1387//1387
f 1281//1281 1388//1388 1282//1282
f 1281//1281 1387//1387 1388//1388
f 1282//1282 1389//1389 1283//1283
f 1282//1282 1388//1388 1389//1389
f 1283//1283 1390//1390 1284//1284
f 1283//1283 1389//1389 1390//1390
f 1284//1284 1391//1391 1285//1285
f 1284//1284 1390//1390 1391//1391
f 1285//1285 1392//1392 1286//1286
f 1285//1285 1391//1391 1392//1392
f 1286//1286 1393//1393 1287//1287
f 1286//1286 1392//1392 1393//1393
f 1287//1287 1394//1394 1288//1288
f 1287//1287 1393//1393 1394//1394
f 1288//1288 1395//1395 1289//1289
f 1288//1288 1394//1394 1395//1395
f 1289//1289 1396//1396 1290//1290
f 1289//1289 1395//1395 1396//1396
f 1290//1290 1397//1397 1291//1291
f 1290//1290 1396//1396 1397//1397
f 1291//1291 1398//1398 1292//1292
f 1291//1291 1397//1397 1398//1398
f 1292//1292 1399//1399 1293//1293
f 1292//1292 1398//1398 1399//1399
f 1293//1293 1400//1400 1294//1294
f 1293//1293 1399//1399 1400//1400
f 1294//1294 1401//1401 1295//1295
f 1294//1294 1400//1400 1401//1401
f 1295//1295 1402//1402 1296//1296
f 1295//1295 1401//1401 1402//1402
f 1296//1296 1403//1403 1297//1297
f 1296//1296 1402//1402 1403//1403
f 1297//1297 1404//1404 1298//1298
f 1297//1297 1403//1403 1404//1404
f 1298//1298 1405//1405 1299//1299
f 1298//1298 1404//1404 1405//1405
f 1299//1299 1406//1406 1300//1300
f 1299//1299 1405//1405 1406//1406
f 1300//1300 1407//1407 1301//1301
f 1300//1300 1406//1406 1407//1407
f 1301//1301 1408//1408 1302//1302
f 1301//1301 1407//1407 1408//1408
f 1302//1302 1409//1409 1303//1303
f 1302//1302 1408//1408 1409//1409
f 1303//1303 1410//1410 1304//1304
f 1303//1303 1409//1409 1410//1410
f 1304//1304 1411//1411 1305//1305
f 1304//1304 1410//1410 1411//1411
f 1305//1305 1412//1412 1306//1306
f 1305//1305 1411//1411 1412//1412
f 1306//1306 1413//1413 1307//1307
f 1306//1306 1412//1412 1413//1413
f 1307//1307 1414//1414 1308//1308
f 1307//1307 1413//1413 1414//1414
f 1308//1308 1415//1415 1309//1309
f 1308//1308 1414//1414 1415//1415
f 1309//1309 1416//1416 1310//1310
f 1309//1309 1415//1415 1416//1416
f 1310//1310 1417//1417 1311//1311
f 1310//1310 1416//1416 1417//1417
f 1311//1311 1418//1418 1312//1312
f 1311//1311 1417//1417 1418//1418
f 1312//1312 1419//1419 1313//1313
f 1312//1312 1418//1418 1419//1419
f 1313//1313 1420//1420 1314//1314
f 1313//1313 1419//1419 1420//1420
f 1314//1314 1421//1421 1315//1315
f 1314//1314 1420//1420 1421//1421
f 1315//1315 1422//1422 1316//1316
f 1315//1315 1421//1421 1422//1422
f 1316//1316 1423//1423 1317//1317
f 1316//1316 1422//1422 1423//1423
f 1317//1317 1424//1424 1318//1318
f 1317//1317 1423//1423 1424//1424
f 1318//1318 1425//1425 1319//1319
f 1318//1318 1424//1424 1425//1425
f 1319//1319 1426//1426 1320//1320
f 1319//1319 1425//1425 1426//1426
f 1320//1320 1427//1427 1321//1321
f 1320//1320 1426//1426 1427//1427
f 1321//1321 1428//1428 1322//1322
f 1321//1321 1427//1427 1428//1428
f 1322//1322 1429//1429 1323//1323
f 1322//1322 1428//1428 1429//1429
f 1323//1323 1430//1430 1324//1324
f 1323//1323 1429//1429 1430//1430
f 1324//1324 1431//1431 1325//1325
f 1324//1324 1430//1430 1431//1431
f 1325//1325 1432//1432 1326//1326
f 1325//1325 1431//1431 1432//1432
f 1326//1326 1433//1433 1327//1327
f 1326//1326 1432//1432 1433//1433
f 1327//1327 1434//1434 1328//1328
f 1327//1327 1433//1433 1434//1434
f 1328//1328 1435//1435 1329//1329
f 1328//1328 1434//1434 1435//1435
f 1329//1329 1436//1436 1330//1330
f 1329//1329 1435//1435 1436//1436
f 1330//1330 1437//1437 1331//1331
f 1330//1330 1436//1436 1437//1437
f 1331//1331 1438//1438 1332//1332
f 1331//1331 1437//1437 1438//1438
f 1332//1332 1439//1439 1333//1333
f 1332//1332 1438//1438 1439//1439
f 1333//1333 1440//1440 1334//1334
f 1333//1333 1439//1439 1440//1440
f 1334//1334 1441//1441 1335//1335
f 1334//1334 1440//1440 1441//1441
f 1335//1335 1442//1442 1336//1336
f 1335//1335 1441//1441 1442//1442
f 1336//1336 1443//1443 1337//1337
f 1336//1336 1442//1442 1443//1443
f 1337//1337 1444//1444 1338//1338
f 1337//1337 1443//1443 1444//1444
f 1338//1338 1445//1445 1339//1339
f 1338//1338 1444//1444 1445//1445
f 1339//1339 1446//1446 1340//1340
f 1339//1339 1445//1445 1446//1446
f 1340//1340 1447//1447 1341//1341
f 1340//1340 1446//1446 1447//1447
f 1341//1341 1448//1448 1342//1342
f 1341//1341 1447//1447 1448//1448
f 1342//1342 1449//1449 1343//1343
f 1342//1342 1448//1448 1449//1449
f 1343//1343 1450//1450 1344//1344
f 1343//1343 1449//1449 1450//1450
f 1344//1344 1451//1451 1345//1345
f 1344//1344 1450//1450 1451//1451
f 1345//1345 1452//1452 1346//1346
f 1345//1345 1451//1451 1452//1452
f 1346//1346 1453//1453 1347//1347
f 1346//1346 1452//1452 1453//1453
f 1347//1347 1454//1454 1348//1348
f 1347//1347 1453//1453 1454//1454
f 1348//1348 1455//1455 1349//1349
f 1348//1348 1454//1454 1455//1455
f 1349//1349 1456//1456 1350//1350
f 1349//1349 1455//1455 1456//1456
f 1350//1350 1457//1457 1351//1351
f 1350//1350 1456//1456 1457//1457
f 1351//1351 1458//1458 1352//1352
f 1351//1351 1457//1457 1458//1458
f 1352//1352 1459//1459 1353//1353
f 1352//1352 1458//1458 1459//1459
f 1353//1353 1460//1460 1354//1354
f 1353//1353 1459//1459 1460//1460
f 1354//1354 1461//1461 1355//1355
f 1354//1354 1460//1460 1461//1461
f 1355//1355 1462//1462 1356//1356
f 1355//1355 1461//1461 1462//1462
f 1356//1356 1463//1463 1357//1357
f 1356//1356 1462//1462 1463//1463
f 1357//1357 1464//1464 1358//1358
f 1357//1357 1463//1463 1464//1464
f 1358//1358 1465//1465 1359//1359
f 1358//1358 1464//1464 1465//1465
f 1359//1359 1466//1466 1360//1360
f 1359//1359 1465//1465 1466//1466
f 1360//1360 1467//1467 1361//1361
f 1360//1360 1466//1466 1467//1467
f 1361//1361 1468//1468 1362//1362
f 1361//1361 1467//1467 1468//1468
f 1362//1362 1469//1469 1363//1363
f 1362//1362 1468//1468 1469//1469
f 1363//1363 1470//1470 1364//1364
f 1363//1363 1469//1469 1470//1470
f 1364//1364 1471//1471 1365//1365
f 1364//1364 1470//1470 1471//1471
f 1365//1365 1472//1472 1366//1366
f 1365//1365 1471//1471 1472//1472
f 1366//1366 1473//1473 1367//1367
f 1366//1366 1472//1472 1473//1473
f 1367//1367 1474//1474 1368//1368
f 1367//1367 1473//1473 1474//1474
f 1368//1368 1475//1475 1369//1369
f 1368//1368 1474//1474 1475//1475
f 1369//1369 1476//1476 1370//1370
f 1369//1369 1475//1475 1476//1476
f 1370//1370 1477//1477 1371//1371
f 1370//1370 1476//1476 1477//1477
f 1371//1371 1478//1478 1372//1372
f 1371//1371 1477//1477 1478//1478
f 1372//1372 1479//1479 1373//1373
f 1372//1372 1478//1478 1479//1479
f 1373//1373 1480//1480 1374//1374
f 1373//1373 1479//1479 1480//1480
f 1374//1374 1481//1481 1375//1375
f 1374//1374 1480//1480 1481//1481
f 1375//1375 1482//1482 1376//1376
f 1375//1375 1481//1481 1482//1482
f 1376//1376 1483//1483 1377//1377
f 1376//1376 1482//1482 1483//1483
f 1377//1377 1484//1484 1378//1378
f 1377//1377 1483//1483 1484//1484
f 1378//1378 1485//1485 1379//1379
f 1378//1378 1484//1484 1485//1485
f 1379//1379 1486//1486 1380//1380
f 1379//1379 1485//1485 1486//1486
f 1380//1380 1486//1486 214//214
f 1//1 1487//1487 1381//1381
f 1381//1381 1488//1488 1382//1382
f 1381//1381 1487//1487 1488//1488
f 1382//1382 1489//1489 1383//1383
f 1382//1382 1488//1488 1489//1489
f 1383//1383 1490//1490 1384//1384
f 1383//1383 1489//1489 1490//1490
f 1384//1384 1491//1491 1385//1385
f 1384//1384 1490//1490 1491//1491
f 1385//1385 1492//1492 1386//1386
f 1385//1385 1491//1491 1492//1492
f 1386//1386 1493//1493 1387//1387
f 1386//1386 1492//1492 1493//1493
f 1387//1387 1494//1494 1388//1388
f 1387//1387 1493//1493 1494//1494
f 1388//1388 1495//1495 1389//1389
f 1388//1388 1494//1494 1495//1495
f 1389//1389 1496//1496 1390//1390
f 1389//1389 1495//1495 1496//1496
f 1390//1390 1497//1497 1391//1391
f 1390//1390 1496//1496 1497//1497
f 1391//1391 1498//1498 1392//1392
f 1391//1391 1497//1497 1498//1498
f 1392//1392 1499//1499 1393//1393
f 1392//1392 1498//1498 1499//1499
f 1393//1393 1500//1500 1394//1394
f 1393//1393 1499//1499 1500//1500
f 1394//1394 1501//1501 1395//1395
f 1394//1394 1500//1500 1501//1501
f 1395//1395 1502//1502 1396//1396
f 1395//1395 1501//1501 1502//1502
f 1396//1396 1503//1503 1397//1397
f 1396//1396 1502//1502 1503//1503
f 1397//1397 1504//1504 1398//1398
f 1397//1397 1503//1503 1504//1504
f 1398//1398 1505//1505 1399//1399
f 1398//1398 1504//1504 1505//1505
f 1399//1399 1506//1506 1400//1400
f 1399//1399 1505//1505 1506//1506
f 1400//1400 1507//1507 1401//1401
f 1400//1400 1506//1506 1507//1507
f 1401//1401 1508//1508 1402//1402
f 1401//1401 1507//1507 1508//1508
f 1402//1402 1509//1509 1403//1403
f 1402//1402 1508//1508 1509//1509
f 1403//1403 1510//1510 1404//1404
f 1403//1403 1509//1509 1510//1510
f 1404//1404 1511//1511 1405//1405
f 1404//1404 1510//1510 1511//1511
f 1405//1405 1512//1512 1406//1406
f 1405//1405 1511//1511 1512//1512
f 1406//1406 1513//1513 1407//1407
f 1406//1406 1512//1512 1513//1513
f 1407//1407 1514//1514 1408//1408
f 1407//1407 1513//1513 1514//1514
f 1408//1408 1515//1515 1409//1409
f 1408//1408 1514//1514 1515//1515
f 1409//1409 1516//1516 1410//1410
f 1409//1409 1515//1515 1516//1516
f 1410//1410 1517//1517 1411//1411
f 1410//1410 1516//1516 1517//1517
f 1411//1411 1518//1518 1412//1412
f 1411//1411 1517//1517 1518//1518
f 1412//1412 1519//1519 1413//1413
f 1412//1412 1518//1518 1519//1519
f 1413//1413 1520//1520 1414//1414
f 1413//1413 1519//1519 1520//1520
f 1414//1414 1521//1521 1415//1415
f 1414//1414 1520//1520 1521//1521
f 1415//1415 1522//1522 1416//1416
f 1415//1415 1521//1521 1522//1522
f 1416//1416 1523//1523 1417//1417
f 1416//1416 1522//1522 1523//1523
f 1417//1417 1524//1524 1418//1418
f 1417//1417 1523//1523 1524//1524
f 1418//1418 1525//1525 1419//1419
f 1418//1418 1524//1524 1525//1525
f 1419//1419 1526//1526 1420//1420
f 1419//1419 1525//1525 1526//1526
f 1420//1420 1527//1527 1421//1421
f 1420//1420 1526//1526 1527//1527
f 1421//1421 1528//1528 1422//1422
f 1421//1421 1527//1527 1528//1528
f 1422//1422 1529//1529 1423//1423
f 1422//1422 1528//1528 1529//1529
f 1423//1423 1530//1530 1424//1424
f 1423//1423 1529//1529 1530//1530
f 1424//1424 1531//1531 1425//1425
f 1424//1424 1530//1530 1531//1531
f 1425//1425 1532//1532 1426//1426
f 1425//1425 1531//1531 1532//1532
f 1426//1426 1533//1533 1427//1427
f 1426//1426 1532//1532 1533//1533
f 1427//1427 1534//1534 1428//1428
f 1427//1427 1533//1533 1534//1534
f 1428//1428 1535//1535 1429//1429
f 1428//1428 1534//1534 1535//1535
f 1429//1429 1536//1536 1430//1430
f 1429//1429 1535//1535 1536//1536
f 1430//1430 1537//1537 1431//1431
f 1430//1430 1536//1536 1537//1537
f 1431//1431 1538//1538 1432//1432
f 1431//1431 1537//1537 1538//1538
f 1432//1432 1539//1539 1433//1433
f 1432//1432 1538//1538 1539//1539
f 1433//1433 1540//1540 1434//1434
f 1433//1433 1539//1539 1540//1540
f 1434//1434 1541//1541 1435//1435
f 1434//1434 1540//1540 1541//1541
f 1435//1435 1542//1542 1436//1436
f 1435//1435 1541//1541 1542//1542
f 1436//1436 1543//1543 1437//1437
f 1436//1436 1542//1542 1543//1543
f 1437//1437 1544//1544 1438//1438
f 1437//1437 1543//1543 1544//1544
f 1438//1438 1545//1545 1439//1439
f 1438//1438 1544//1544 1545//1545
f 1439//1439 1546//1546 1440//1440
f 1439//1439 1545//1545 1546//1546
f 1440//1440 1547//1547 1441//1441
f 1440//1440 1546//1546 1547//1547
f 1441//1441 1548//1548 1442//1442
f 1441//1441 1547//1547 1548//1548
f 1442//1442 1549//1549 1443//1443
f 1442//1442 1548//1548 1549//1549
f 1443//1443 1550//1550 1444//1444
f 1443//1443 1549//1549 1550//1550
f 1444//1444 1551//1551 1445//1445
f 1444//1444 1550//1550 1551//1551
f 1445//1445 1552//1552 1446//1446
f 1445//1445 1551//1551 1552//1552
f 1446//1446 1553//1553 1447//1447
f 1446//1446 1552//1552 1553//1553
f 1447//1447 1554//1554 1448//1448
f 1447//1447 1553//1553 1554//1554
f 1448//1448 1555//1555 1449//1449
f 1448//1448 1554//1554 1555//1555
f 1449//1449 1556//1556 1450//1450
f 1449//1449 1555//1555 1556//1556
f 1450//1450 1557//1557 1451//1451
f 1450//1450 1556//1556 1557//1557
f 1451//1451 1558//1558 1452//1452
f 1451//1451 1557//1557 1558//1558
f 1452//1452 1559//1559 1453//1453
f 1452//1452 1558//1558 1559//1559
f 1453//1453 1560//1560 1454//1454
f 1453//1453 1559//1559 1560//1560
f 1454//1454 1561//1561 1455//1455
f 1454//1454 1560//1560 1561//1561
f 1455//1455 1562//1562 1456//1456
f 1455//1455 1561//1561 1562//1562
f 1456//1456 1563//1563 1457//1457
f 1456//1456 1562//1562 1563//1563
f 1457//1457 1564//1564 1458//1458
f 1457//1457 1563//1563 1564//1564
f 1458//1458 1565//1565 1459//1459
f 1458//1458 1564//1564 1565//1565
f 1459//1459 1566//1566 1460//1460
f 1459//1459 1565//1565 1566//1566
f 1460//1460 1567//1567 1461//1461
f 1460//1460 1566//1566 1567//1567
f 1461//1461 1568//1568 1462//1462
f 1461//1461 1567//1567 1568//1568
f 1462//1462 1569//1569 1463//1463
f 1462//1462 1568//1568 1569//1569
f 1463//1463 1570//1570 1464//1464
f 1463//1463 1569//1569 1570//1570
f 1464//1464 1571//1571 1465//1465
f 1464//1464 1570//1570 1571//1571
f 1465//1465 1572//1572 1466//1466
f 1465//1465 1571//1571 1572//1572
f 1466//1466 1573//1573 1467//1467
f 1466//1466 1572//1572 1573//1573
f 1467//1467 1574//1574 1468//1468
f 1467//1467 1573//1573 1574//1574
f 1468//1468 1575//1575 1469//1469
f 1468//1468 1574//1574 1575//1575
f 1469//1469 1576//1576 1470//1470
f 1469//1469 1575//1575 1576//1576
f 1470//1470 1577//1577 1471//1471
f 1470//1470 1576//1576 1577//1577
f 1471//1471 1578//1578 1472//1472
f 1471//1471 1577//1577 1578//1578
f 1472//1472 1579//1579 1473//1473
f 1472//1472 1578//1578 1579//1579
f 1473//1473 1580//1580 1474//1474
f 1473//1473 1579//1579 1580//1580
f 1474//1474 1581//1581 1475//1475
f 1474//1474 1580//1580 1581//1581
f 1475//1475 1582//1582 1476//1476
f 1475//1475 1581//1581 1582//1582
f 1476//1476 1583//1583 1477//1477
f 1476//1476 1582//1582 1583//1583
f 1477//1477 1584//1584 1478//1478
f 1477//1477 1583//1583 1584//1584
f 1478//1478 1585//1585 1479//1479
f 1478//1478 1584//1584 1585//1585
f 1479//1479 1586//1586 1480//1480
f 1479//1479 1585//1585 1586//1586
f 1480//1480 1587//1587 1481//1481
f 1480//1480 1586//1586 1587//1587
f 1481//1481 1588//1588 1482//1482
f 1481//1481 1587//1587 1588//1588
f 1482//1482 1589//1589 1483//1483
f 1482//1482 1588//1588 1589//1589
f 1483//1483 1590//1590 1484//1484
f 1483//1483 1589//1589 1590//1590
f 1484//1484 1591//1591 1485//1485
f 1484//1484 1590//1590 1591//1591
f 1485//1485 1592//1592 1486//1486
f 1485//1485 1591//1591 1592//1592
f 1486//1486 1592//1592 214//214
f 1//1 1593//1593 1487//1487
f 1487//1487 1594//1594 1488//1488
f 1487//1487 1593//1593 1594//1594
f 1488//1488 1595//1595 1489//1489
f 1488//1488 1594//1594 1595//1595
f 1489//1489 1596//1596 1490//1490
f 1489//1489 1595//1595 1596//1596
f 1490//1490 1597//1597 1491//1491
f 1490//1490 1596//1596 1597//1597
f 1491//1491 1598//1598 1492//1492
f 1491//1491 1597//1597 1598//1598
f 1492//1492 1599//1599 1493//1493
f 1492//1492 1598//1598 1599//1599
f 1493//1493 1600//1600 1494//1494
f 1493//1493 1599//1599 1600//1600
f 1494//1494 1601//1601 1495//1495
f 1494//1494 1600//1600 1601//1601
f 1495//1495 1602//1602 1496//1496
f 1495//1495 1601//1601 1602//1602
f 1496//1496 1603//1603 1497//1497
f 1496//1496 1602//1602 1603//1603
f 1497//1497 1604//1604 1498//1498
f 1497//1497 1603//1603 1604//1604
f 1498//1498 1605//1605 1499//1499
f 1498//1498 1604//1604 1605//1605
f 1499//1499 1606//1606 1500//1500
f 1499//1499 1605//1605 1606//1606
f 1500//1500 1607//1607 1501//1501
f 1500//1500 1606//1606 1607//1607
f 1501//1501 1608//1608 1502//1502
f 1501//1501 1607//1607 1608//1608
f 1502//1502 1609//1609 1503//1503
f 1502//1502 1608//1608 1609//1609
f 1503//1503 1610//1610 1504//1504
f 1503//1503 1609//1609 1610//1610
f 1504//1504 1611//1611 1505//1505
f 1504//1504 1610//1610 1611//1611
f 1505//1505 1612//1612 1506//1506
f 1505//1505 1611//1611 1612//1612
f 1506//1506 1613//1613 1507//1507
f 1506//1506 1612//1612 1613//1613
f 1507//1507 1614//1614 1508//1508
f 1507//1507 1613//1613 1614//1614
f 1508//1508 1615//1615 1509//1509
f 1508//1508 1614//1614 1615//1615
f 1509//1509 1616//1616 1510//1510
f 1509//1509 1615//1615 1616//1616
f 1510//1510 1617//1617 1511//1511
f 1510//1510 1616//1616 1617//1617
f 1511//1511 1618//1618 1512//1512
f 1511//1511 1617//1617 1618//1618
f 1512//1512 1619//1619 1513//1513
f 1512//1512 1618//1618 1619//1619
f 1513//1513 1620//1620 1514//1514
f 1513//1513 1619//1619 1620//1620
f 1514//1514 1621//1621 1515//1515
f 1514//1514 1620//1620 1621//1621
f 1515//1515 1622//1622 1516//1516
f 1515//1515 1621//1621 1622//1622
f 1516//1516 1623//1623 1517//1517
f 1516//1516 1622//1622 1623//1623
f 1517//1517 1624//1624 1518//1518
f 1517//1517 1623//1623 1624//1624
f 1518//1518 1625//1625 1519//1519
f 1518//1518 1624//1624 1625//1625
f 1519//1519 1626//1626 1520//1520
f 1519//1519 1625//1625 1626//1626
f 1520//1520 1627//1627 1521//1521
f 1520//1520 1626//1626 1627//1627
f 1521//1521 1628//1628 1522//1522
f 1521//1521 1627//1627 1628//1628
f 1522//1522 1629//1629 1523//1523
f 1522//1522 1628//1628 1629//1629
f 1523//1523 1630//1630 1524//1524
f 1523//1523 1629//1629 1630//1630
f 1524//1524 1631//1631 1525//1525
f 1524//1524 1630//1630 1631//1631
f 1525//1525 1632//1632 1526//1526
f 1525//1525 1631//1631 1632//1632
f 1526//1526 1633//1633 1527//1527
f 1526//1526 1632//1632 1633//1633
f 1527//1527 1634//1634 1528//1528
f 1527//1527 1633//1633 1634//1634
f 1528//1528 1635//1635 1529//1529
f 1528//1528 1634//1634 1635//1635
f 1529//1529 1636//1636 1530//1530
f 1529//1529 1635//1635 1636//1636
f 1530//1530 1637//1637 1531//1531
f 1530//1530 1636//1636 1637//1637
f 1531//1531 1638//1638 1532//1532
f 1531//1531 1637//1637 1638//1638
f 1532//1532 1639//1639 1533//1533
f 1532//1532 1638//1638 1639//1639
f 1533//1533 1640//1640 1534//1534
f 1533//1533 1639//1639 1640//1640
f 1534//1534 1641//1641 1535//1535
f 1534//1534 1640//1640 1641//1641
f 1535//1535 1642//1642 1536//1536
f 1535//1535 1641//1641 1642//1642
f 1536//1536 1643//1643 1537//1537
f 1536//1536 1642//1642 1643//1643
f 1537//1537 1644//1644 1538//1538
f 1537//1537 1643//1643 1644//1644
f 1538//1538 1645//1645 1539//1539
f 1538//1538 1644//1644 1645//1645
f 1539//1539 1646//1646 1540//1540
f 1539//1539 1645//1645 1646//1646
f 1540//1540 1647//1647 1541//1541
f 1540//1540 1646//1646 1647//1647
f 1541//1541 1648//1648 1542//1542
f 1541//1541 1647//1647 1648//1648
f 1542//1542 1649//1649 1543//1543
f 1542//1542 1648//1648 1649//1649
f 1543//1543 1650//1650 1544//1544
f 1543//1543 1649//1649 1650//1650
f 1544//1544 1651//1651 1545//1545
f 1544//1544 1650//1650 1651//1651
f 1545//1545 1652//1652 1546//1546
f 1545//1545 1651//1651 1652//1652
f 1546//1546 1653//1653 1547//1547
f 1546//1546 1652//1652 1653//1653
f 1547//1547 1654//1654 1548//1548
f 1547//1547 1653//1653 1654//1654
f 1548//1548 1655//1655 1549//1549
f 1548//1548 1654//1654 1655//1655
f 1549//1549 1656//1656 1550//1550
f 1549//1549 1655//1655 1656//1656
f 1550//1550 1657//1657 1551//1551
f 1550//1550 1656//1656 1657//1657
f 1551//1551 1658//1658 1552//1552
f 1551//1551 1657//1657 1658//1658
f 1552//1552 1659//1659 1553//1553
f 1552//1552 1658//1658 1659//1659
f 1553//1553 1660//1660 1554//1554
f 1553//1553 1659//1659 1660//1660
f 1554//1554 1661//1661 1555//1555
f 1554//1554 1660//1660 1661//1661
f 1555//1555 1662//1662 1556//1556
f 1555//1555 1661//1661 1662//1662
f 1556//1556 1663//1663 1557//1557
f 1556//1556 1662//1662 1663//1663
f 1557//1557 1664//1664 1558//1558
f 1557//1557 1663//1663 1664//1664
f 1558//1558 1665//1665 1559//1559
f 1558//1558 1664//1664 1665//1665
f 1559//1559 1666//1666 1560//1560
f 1559//1559 1665//1665 1666//1666
f 1560//1560 1667//1667 1561//1561
f 1560//1560 1666//1666 1667//1667
f 1561//1561 1668//1668 1562//1562
f 1561//1561 1667//1667 1668//1668
f 1562//1562 1669//1669 1563//1563
f 1562//1562 1668//1668 1669//1669
f 1563//1563 1670//1670 1564//1564
f 1563//1563 1669//1669 1670//1670
f 1564//1564 1671//1671 1565//1565
f 1564//1564 1670//1670 1671//1671
f 1565//1565 1672//1672 1566//1566
f 1565//1565 1671//1671 1672//1672
f 1566//1566 1673//1673 1567//1567
f 1566//1566 1672//1672 1673//1673
f 1567//1567 1674//1674 1568//1568
f 1567//1567 1673//1673 1674//1674
f 1568//1568 1675//1675 1569//1569
f 1568//1568 1674//1674 1675//1675
f 1569//1569 1676//1676 1570//1570
f 1569//1569 1675//1675 1676//1676
f 1570//1570 1677//1677 1571//1571
f 1570//1570 1676//1676 1677//1677
f 1571//1571 1678//1678 1572//1572
f 1571//1571 1677//1677 1678//1678
f 1572//1572 1679//1679 1573//1573
f 1572//1572 1678//1678 1679//1679
f 1573//1573 1680//1680 1574//1574
f 1573//1573 1679//1679 1680//1680
f 1574//1574 1681//1681 1575//1575
f 1574//1574 1680//1680 1681//1681
f 1575//1575 1682//1682 1576//1576
f 1575//1575 1681//1681 1682//1682
f 1576//1576 1683//1683 1577//1577
f 1576//1576 1682//1682 1683//1683
f 1577//1577 1684//1684 1578//1578
f 1577//1577 1683//1683 1684//1684
f 1578//1578 1685//1685 1579//1579
f 1578//1578 1684//1684 1685//1685
f 1579//1579 1686//1686 1580//1580
f 1579//1579 1685//1685 1686//1686
f 1580//1580 1687//1687 1581//1581
f 1580//1580 1686//1686 1687//1687
f 1581//1581 1688//1688 1582//1582
f 1581//1581 1687//1687 1688//1688
f 1582//1582 1689//1689 1583//1583
f 1582//1582 1688//1688 1689//1689
f 1583//1583 1690//1690 1584//1584
f 1583//1583 1689//1689 1690//1690
f 1584//1584 1691//1691 1585//1585
f 1584//1584 1690//1690 1691//1691
f 1585//1585 1692//1692 1586//1586
f 1585//1585 1691//1691 1692//1692
f 1586//1586 1693//1693 1587//1587
f 1586//1586 1692//1692 1693//1693
f 1587//1587 1694//1694 1588//1588
f 1587//1587 1693//1693 1694//1694
f 1588//1588 1695//1695 1589//1589
f 1588//1588 1694//1694 1695//1695
f 1589//1589 1696//1696 1590//1590
f 1589//1589 1695//1695 1696//1696
f 1590//1590 1697//1697 1591//1591
f 1590//1590 1696//1696 1697//1697
f 1591//1591 1698//1698 1592//1592
f 1591//1591 1697//1697 1698//1698
f 1592//1592 1698//1698 214//214
f 1//1 1699//1699 1593//1593
f 1593//1593 1700//1700 1594//1594
f 1593//1593 1699//1699 1700//1700
f 1594//1594 1701//1701 1595//1595
f 1594//1594 1700//1700 1701//1701
f 1595//1595 1702//1702 1596//1596
f 1595//1595 1701//1701 1702//1702
f 1596//1596 1703//1703 1597//1597
f 1596//1596 1702//1702 1703//1703
f 1597//1597 1704//1704 1598//1598
f 1597//1597 1703//1703 1704//1704
f 1598//1598 1705//1705 1599//1599
f 1598//1598 1704//1704 1705//1705
f 1599//1599 1706//1706 1600//1600
f 1599//1599 1705//1705 1706//1706
f 1600//1600 1707//1707 1601//1601
f 1600//1600 1706//1706 1707//1707
f 1601//1601 1708//1708 1602//1602
f 1601//1601 1707//1707 1708//1708
f 1602//1602 1709//1709 1603//1603
f 1602//1602 1708//1708 1709//1709
f 1603//1603 1710//1710 1604//1604
f 1603//1603 1709//1709 1710//1710
f 1604//1604 1711//1711 1605//1605
f 1604//1604 1710//1710 1711//1711
f 1605//1605 1712//1712 1606//1606
f 1605//1605 1711//1711 1712//1712
f 1606//1606 1713//1713 1607//1607
f 1606//1606 1712//1712 1713//1713
f 1607//1607 1714//1714 1608//1608
f 1607//1607 1713//1713 1714//1714
f 1608//1608 1715//1715 1609//1609
f 1608//1608 1714//1714 1715//1715
f 1609//1609 1716//1716 1610//1610
f 1609//1609 1715//1715 1716//1716
f 1610//1610 1717//1717 1611//1611
f 1610//1610 1716//1716 1717//1717
f 1611//1611 1718//1718 1612//1612
f 1611//1611 1717//1717 1718//1718
f 1612//1612 1719//1719 1613//1613
f 1612//1612 1718//1718 1719//1719
f 1613//1613 1720//1720 1614//1614
f 1613//1613 1719//1719 1720//1720
f 1614//1614 1721//1721 1615//1615
f 1614//1614 1720//1720 1721//1721
f 1615//1615 1722//1722 1616//1616
f 1615//1615 1721//1721 1722//1722
f 1616//1616 1723//1723 1617//1617
f 1616//1616 1722//1722 1723//1723
f 1617//1617 1724//1724 1618//1618
f 1617//1617 1723//1723 1724//1724
f 1618//1618 1725//1725 1619//1619
f 1618//1618 1724//1724 1725//1725
f 1619//1619 1726//1726 1620//1620
f 1619//1619 1725//1725 1726//1726
f 1620//1620 1727//1727 1621//1621
f 1620//1620 1726//1726 1727//1727
f 1621//1621 1728//1728 1622//1622
f 1621//1621 1727//1727 1728//1728
f 1622//1622 1729//1729 1623//1623
f 1622//1622 1728//1728 1729//1729
f 1623//1623 1730//1730 1624//1624
f 1623//1623 1729//1729 1730//1730
f 1624//1624 1731//1731 1625//1625
f 1624//1624 1730//1730 1731//1731
f 1625//1625 1732//1732 1626//1626
f 1625//1625 1731//1731 1732//1732
f 1626//1626 1733//1733 1627//1627
f 1626//1626 1732//1732 1733//1733
f 1627//1627 1734//1734 1628//1628
f 1627//1627 1733//1733 1734//1734
f 1628//1628 1735//1735 1629//1629
f 1628//1628 1734//1734 1735//1735
f 1629//1629 1736//1736 1630//1630
f 1629//1629 1735//1735 1736//1736
f 1630//1630 1737//1737 1631//1631
f 1630//1630 1736//1736 1737//1737
f 1631//1631 1738//1738 1632//1632
f 1631//1631 1737//1737 1738//1738
f 1632//1632 1739//1739 1633//1633
f 1632//1632 1738//1738 1739//1739
f 1633//1633 1740//1740 1634//1634
f 1633//1633 1739//1739 1740//1740
f 1634//1634 1741//1741 1635//1635
f 1634//1634 1740//1740 1741//1741
f 1635//1635 1742//1742 1636//1636
f 1635//1635 1741//1741 1742//1742
f 1636//1636 1743//1743 1637//1637
f 1636//1636 1742//1742 1743//1743
f 1637//1637 1744//1744 1638//1638
f 1637//1637 1743//1743 1744//1744
f 1638//1638 1745//1745 1639//1639
f 1638//1638 1744//1744 1745//1745
f 1639//1639 1746//1746 1640//1640
f 1639//1639 1745//1745 1746//1746
f 1640//1640 1747//1747 1641//1641
f 1640//1640 1746//1746 1747//1747
f 1641//1641 1748//1748 1642//1642
f 1641//1641 1747//1747 1748//1748
f 1642//1642 1749//1749 1643//1643
f 1642//1642 1748//1748 1749//1749
f 1643//1643 1750//1750 1644//1644
f 1643//1643 1749//1749 1750//1750
f 1644//1644 1751//1751 1645//1645
f 1644//1644 1750//1750 1751//1751
f 1645//1645 1752//1752 1646//1646
f 1645//1645 1751//1751 1752//1752
f 1646//1646 1753//1753 1647//1647
f 1646//1646 1752//1752 1753//1753
f 1647//1647 1754//1754 1648//1648
f 1647//1647 1753//1753 1754//1754
f 1648//1648 1755//1755 1649//1649
f 1648//1648 1754//1754 1755//1755
f 1649//1649 1756//1756 1650//1650
f 1649//1649 1755//1755 1756//1756
f 1650//1650 1757//1757 1651//1651
f 1650//1650 1756//1756 1757//1757
f 1651//1651 1758//1758 1652//1652
f 1651//1651 1757//1757 1758//1758
f 1652//1652 1759//1759 1653//1653
f 1652//1652 1758//1758 1759//1759
f 1653//1653 1760//1760 1654//1654
f 1653//1653 1759//1759 1760//1760
f 1654//1654 1761//1761 1655//1655
f 1654//1654 1760//1760 1761//1761
f 1655//1655 1762//1762 1656//1656
f 1655//1655 1761//1761 1762//1762
f 1656//1656 1763//1763 1657//1657
f 1656//1656 1762//1762 1763//1763
f 1657//1657 1764//1764 1658//1658
f 1657//1657 1763//1763 1764//1764
f 1658//1658 1765//1765 1659//1659
f 1658//1658 1764//1764 1765//1765
f 1659//1659 1766//1766 1660//1660
f 1659//1659 1765//1765 1766//1766
f 1660//1660 1767//1767 1661//1661
f 1660//1660 1766//1766 1767//1767
f 1661//1661 1768//1768 1662//1662
f 1661//1661 1767//1767 1768//1768
f 1662//1662 1769//1769 1663//1663
f 1662//1662 1768//1768 1769//1769
f 1663//1663 1770//1770 1664//1664
f 1663//1663 1769//1769 1770//1770
f 1664//1664 1771//1771 1665//1665
f 1664//1664 1770//1770 1771//1771
f 1665//1665 1772//1772 1666//1666
f 1665//1665 1771//1771 1772//1772
f 1666//1666 1773//1773 1667//1667
f 1666//1666 1772//1772 1773//1773
f 1667//1667 1774//1774 1668//1668
f 1667//1667 1773//1773 1774//1774
f 1668//1668 1775//1775 1669//1669
f 1668//1668 1774//1774 1775//1775
f 1669//1669 1776//1776 1670//1670
f 1669//1669 1775//1775 1776//1776
f 1670//1670 1777//1777 1671//1671
f 1670//1670 1776//1776 1777//1777
f 1671//1671 1778//1778 1672//1672
f 1671//1671 1777//1777 1778//1778
f 1672//1672 1779//1779 1673//1673
f 1672//1672 1778//1778 1779//1779
f 1673//1673 1780//1780 1674//1674
f 1673//1673 1779//1779 1780//1780
f 1674//1674 1781//1781 1675//1675
f 1674//1674 1780//1780 1781//1781
f 1675//1675 1782//1782 1676//1676
f 1675//1675 1781//1781 1782//1782
f 1676//1676 1783//1783 1677//1677
f 1676//1676 1782//1782 1783//1783
f 1677//1677 1784//1784 1678//1678
f 1677//1677 1783//1783 1784//1784
f 1678//1678 1785//1785 1679//1679
f 1678//1678 1784//1784 1785//1785
f 1679//1679 1786//1786 1680//1680
f 1679//1679 1785//1785 1786//1786
f 1680//1680 1787//1787 1681//1681
f 1680//1680 1786//1786 1787//1787
f 1681//1681 1788//1788 1682//1682
f 1681//1681 1787//1787 1788//1788
f 1682//1682 1789//1789 1683//1683
f 1682//1682 1788//1788 1789//1789
f 1683//1683 1790//1790 1684//1684
f 1683//1683 1789//1789 1790//1790
f 1684//1684 1791//1791 1685//1685
f 1684//1684 1790//1790 1791//1791
f 1685//1685 1792//1792 1686//1686
f 1685//1685 1791//1791 1792//1792
f 1686//1686 1793//1793 1687//1687
f 1686//1686 1792//1792 1793//1793
f 1687//1687 1794//1794 1688//1688
f 1687//1687 1793//1793 1794//1794
f 1688//1688 1795//1795 1689//1689
f 1688//1688 1794//1794 1795//1795
f 1689//1689 1796//1796 1690//1690
f 1689//1689 1795//1795 1796//1796
f 1690//1690 1797//1797 1691//1691
f 1690//1690 1796//1796 1797//1797
f 1691//1691 1798//1798 1692//1692
f 1691//1691 1797//1797 1798//1798
f 1692//1692 1799//1799 1693//1693
f 1692//1692 1798//1798 1799//1799
f 1693//1693 1800//1800 1694//1694
f 1693//1693 1799//1799 1800//1800
f 1694//1694 1801//1801 1695//1695
f 1694//1694 1800//1800 1801//1801
f 1695//1695 1802//1802 1696//1696
f 1695//1695 1801//1801 1802//1802
f 1696//1696 1803//1803 1697//1697
f 1696//1696 1802//1802 1803//1803
f 1697//1697 1804//1804 1698//1698
f 1697//1697 1803//1803 1804//1804
f 1698//1698 1804//1804 214//214
f 1//1 1805//1805 1699//1699
f 1699//1699 1806//1806 1700//1700
f 1699//1699 1805//1805 1806//1806
f 1700//1700 1807//1807 1701//1701
f 1700//1700 1806//1806 1807//1807
f 1701//1701 1808//1808 1702//1702
f 1701//1701 1807//1807 1808//1808
f 1702//1702 1809//1809 1703//1703
f 1702//1702 1808//1808 1809//1809
f 1703//1703 1810//1810 1704//1704
f 1703//1703 1809//1809 1810//1810
f 1704//1704 1811//1811 1705//1705
f 1704//1704 1810//1810 1811//1811
f 1705//1705 1812//1812 1706//1706
f 1705//1705 1811//1811 1812//1812
f 1706//1706 1813//1813 1707//1707
f 1706//1706 1812//1812 1813//1813
f 1707//1707 1814//1814 1708//1708
f 1707//1707 1813//1813 1814//1814
f 1708//1708 1815//1815 1709//1709
f 1708//1708 1814//1814 1815//1815
f 1709//1709 1816//1816 1710//1710
f 1709//1709 1815//1815 1816//1816
f 1710//1710 1817//1817 1711//1711
f 1710//1710 1816//1816 1817//1817
f 1711//1711 1818//1818 1712//1712
f 1711//1711 1817//1817 1818//1818
f 1712//1712 1819//1819 1713//1713
f 1712//1712 1818//1818 1819//1819
f 1713//1713 1820//1820 1714//1714
f 1713//1713 1819//1819 1820//1820
f 1714//1714 1821//1821 1715//1715
f 1714//1714 1820//1820 1821//1821
f 1715//1715 1822//1822 1716//1716
f 1715//1715 1821//1821 1822//1822
f 1716//1716 1823//1823 1717//1717
f 1716//1716 1822//1822 1823//1823
f 1717//1717 1824//1824 1718//1718
f 1717//1717 1823//1823 1824//1824
f 1718//1718 1825//1825 1719//1719
f 1718//1718 1824//1824 1825//1825
f 1719//1719 1826//1826 1720//1720
f 1719//1719 1825//1825 1826//1826
f 1720//1720 1827//1827 1721//1721
f 1720//1720 1826//1826 1827//1827
f 1721//1721 1828//1828 1722//1722
f 1721//1721 1827//1827 1828//1828
f 1722//1722 1829//1829 1723//1723
f 1722//1722 1828//1828 1829//1829
f 1723//1723 1830//1830 1724//1724
f 1723//1723 1829//1829 1830//1830
f 1724//1724 1831//1831 1725//1725
f 1724//1724 1830//1830 1831//1831
f 1725//1725 1832//1832 1726//1726
f 1725//1725 1831//1831 1832//1832
f 1726//1726 1833//1833 1727//1727
f 1726//1726 1832//1832 1833//1833
f 1727//1727 1834//1834 1728//1728
f 1727//1727 1833//1833 1834//1834
f 1728//1728 1835//1835 1729//1729
f 1728//1728 1834//1834 1835//1835
f 1729//1729 1836//1836 1730//1730
f 1729//1729 1835//1835 1836//1836
f 1730//1730 1837//1837 1731//1731
f 1730//1730 1836//1836 1837//1837
f 1731//1731 1838//1838 1732//1732
f 1731//1731 1837//1837 1838//1838
f 1732//1732 1839//1839 1733//1733
f 1732//1732 1838//1838 1839//1839
f 1733//1733 1840//1840 1734//1734
f 1733//1733 1839//1839 1840//1840
f 1734//1734 1841//1841 1735//1735
f 1734//1734 1840//1840 1841//1841
f 1735//1735 1842//1842 1736//1736
f 1735//1735 1841//1841 1842//1842
f 1736//1736 1843//1843 1737//1737
f 1736//1736 1842//1842 1843//1843
f 1737//1737 1844//1844 1738//1738
f 1737//1737 1843//1843 1844//1844
f 1738//1738 1845//1845 1739//1739
f 1738//1738 1844//1844 1845//1845
f 1739//1739 1846//1846 1740//1740
f 1739//1739 1845//1845 1846//1846
f 1740//1740 1847//1847 1741//1741
f 1740//1740 1846//1846 1847//1847
f 1741//1741 1848//1848 1742//1742
f 1741//1741 1847//1847 1848//1848
f 1742//1742 1849//1849 1743//1743
f 1742//1742 1848//1848 1849//1849
f 1743//1743 1850//1850 1744//1744
f 1743//1743 1849//1849 1850//1850
f 1744//1744 1851//1851 1745//1745
f 1744//1744 1850//1850 1851//1851
f 1745//1745 1852//1852 1746//1746
f 1745//1745 1851//1851 1852//1852
f 1746//1746 1853//1853 1747//1747
f 1746//1746 1852//1852 1853//1853
f 1747//1747 1854//1854 1748//1748
f 1747//1747 1853//1853 1854//1854
f 1748//1748 1855//1855 1749//1749
f 1748//1748 1854//1854 1855//1855
f 1749//1749 1856//1856 1750//1750
f 1749//1749 1855//1855 1856//1856
f 1750//1750 1857//1857 1751//1751
f 1750//1750 1856//1856 1857//1857
f 1751//1751 1858//1858 1752//1752
f 1751//1751 1857//1857 1858//1858
f 1752//1752 1859//1859 1753//1753
f 1752//1752 1858//1858 1859//1859
f 1753//1753 1860//1860 1754//1754
f 1753//1753 1859//1859 1860//1860
f 1754//1754 1861//1861 1755//1755
f 1754//1754 1860//1860 1861//1861
f 1755//1755 1862//1862 1756//1756
f 1755//1755 1861//1861 1862//1862
f 1756//1756 1863//1863 1757//1757
f 1756//1756 1862//1862 1863//1863
f 1757//1757 1864//1864 1758//1758
f 1757//1757 1863//1863 1864//1864
f 1758//1758 1865//1865 1759//1759
f 1758//1758 1864//1864 1865//1865
f 1759//1759 1866//1866 1760//1760
f 1759//1759 1865//1865 1866//1866
f 1760//1760 1867//1867 1761//1761
f 1760//1760 1866//1866 1867//1867
f 1761//1761 1868//1868 1762//1762
f 1761//1761 1867//1867 1868//1868
f 1762//1762 1869//1869 1763//1763
f 1762//1762 1868//1868 1869//1869
f 1763//1763 1870//1870 1764//1764
f 1763//1763 1869//1869 1870//1870
f 1764//1764 1871//1871 1765//1765
f 1764//1764 1870//1870 1871//1871
f 1765//1765 1872//1872 1766//1766
f 1765//1765 1871//1871 1872//1872
f 1766//1766 1873//1873 1767//1767
f 1766//1766 1872//1872 1873//1873
f 1767//1767 1874//1874 1768//1768
f 1767//1767 1873//1873 1874//1874
f 1768//1768 1875//1875 1769//1769
f 1768//1768 1874//1874 1875//1875
f 1769//1769 1876//1876 1770//1770
f 1769//1769 1875//1875 1876//1876
f 1770//1770 1877//1877 1771//1771
f 1770//1770 1876//1876 1877//1877
f 1771//1771 1878//1878 1772//1772
f 1771//1771 1877//1877 1878//1878
f 1772//1772 1879//1879 1773//1773
f 1772//1772 1878//1878 1879//1879
f 1773//1773 1880//1880 1774//1774
f 1773//1773 1879//1879 1880//1880
f 1774//1774 1881//1881 1775//1775
f 1774//1774 1880//1880 1881//1881
f 1775//1775 1882//1882 1776//1776
f 1775//1775 1881//1881 1882//1882
f 1776//1776 1883//1883 1777//1777
f 1776//1776 1882//1882 1883//1883
f 1777//1777 1884//1884 1778//1778
f 1777//1777 1883//1883 1884//1884
f 1778//1778 1885//1885 1779//1779
f 1778//1778 1884//1884 1885//1885
f 1779//1779 1886//1886 1780//1780
f 1779//1779 1885//1885 1886//1886
f 1780//1780 1887//1887 1781//1781
f 1780//1780 1886//1886 1887//1887
f 1781//1781 1888//1888 1782//1782
f 1781//1781 1887//1887 1888//1888
f 1782//1782 1889//1889 1783//1783
f 1782//1782 1888//1888 1889//1889
f 1783//1783 1890//1890 1784//1784
f 1783//1783 1889//1889 1890//1890
f 1784//1784 1891//1891 1785//1785
f 1784//1784 1890//1890 1891//1891
f 1785//1785 1892//1892 1786//1786
f 1785//1785 1891//1891 1892//1892
f 1786//1786 1893//1893 1787//1787
f 1786//1786 1892//1892 1893//1893
f 1787//1787 1894//1894 1788//1788
f 1787//1787 1893//1893 1894//1894
f 1788//1788 1895//1895 1789//1789
f 1788//1788 1894//1894 1895//1895
f 1789//1789 1896//1896 1790//1790
f 1789//1789 1895//1895 1896//1896
f 1790//1790 1897//1897 1791//1791
f 1790//1790 1896//1896 1897//1897
f 1791//1791 1898//1898 1792//1792
f 1791//1791 1897//1897 1898//1898
f 1792//1792 1899//1899 1793//1793
f 1792//1792 1898//1898 1899//1899
f 1793//1793 1900//1900 1794//1794
f 1793//1793 1899//1899 1900//1900
f 1794//1794 1901//1901 1795//1795
f 1794//1794 1900//1900 1901//1901
f 1795//1795 1902//1902 1796//1796
f 1795//1795 1901//1901 1902//1902
f 1796//1796 1903//1903 1797//1797
f 1796//1796 1902//1902 1903//1903
f 1797//1797 1904//1904 1798//1798
f 1797//1797 1903//1903 1904//1904
f 1798//1798 1905//1905 1799//1799
f 1798//1798 1904//1904 1905//1905
f 1799//1799 1906//1906 1800//1800
f 1799//1799 1905//1905 1906//1906
f 1800//1800 1907//1907 1801//1801
f 1800//1800 1906//1906 1907//1907
f 1801//1801 1908//1908 1802//1802
f 1801//1801 1907//1907 1908//1908
f 1802//1802 1909//1909 1803//1803
f 1802//1802 1908//1908 1909//1909
f 1803//1803 1910//1910 1804//1804
f 1803//1803 1909//1909 1910//1910
f 1804//1804 1910//1910 214//214
f 1//1 1911//1911 1805//1805
f 1805//1805 1912//1912 1806//1806
f 1805//1805 1911//1911 1912//1912
f 1806//1806 1913//1913 1807//1807
f 1806//1806 1912//1912 1913//1913
f 1807//1807 1914//1914 1808//1808
f 1807//1807 1913//1913 1914//1914
f 1808//1808 1915//1915 1809//1809
f 1808//1808 1914//1914 1915//1915
f 1809//1809 1916//1916 1810//1810
f 1809//1809 1915//1915 1916//1916
f 1810//1810 1917//1917 1811//1811
f 1810//1810 1916//1916 1917//1917
f 1811//1811 1918//1918 1812//1812
f 1811//1811 1917//1917 1918//1918
f 1812//1812 1919//1919 1813//1813
f 1812//1812 1918//1918 1919//1919
f 1813//1813 1920//1920 1814//1814
f 1813//1813 1919//1919 1920//1920
f 1814//1814 1921//1921 1815//1815
f 1814//1814 1920//1920 1921//1921
f 1815//1815 1922//1922 1816//1816
f 1815//1815 1921//1921 1922//1922
f 1816//1816 1923//1923 1817//1817
f 1816//1816 1922//1922 1923//1923
f 1817//1817 1924//1924 1818//1818
f 1817//1817 1923//1923 1924//1924
f 1818//1818 1925//1925 1819//1819
f 1818//1818 1924//1924 1925//1925
f 1819//1819 1926//1926 1820//1820
f 1819//1819 1925//1925 1926//1926
f 1820//1820 1927//1927 1821//1821
f 1820//1820 1926//1926 1927//1927
f 1821//1821 1928//1928 1822//1822
f 1821//1821 1927//1927 1928//1928
f 1822//1822 1929//1929 1823//1823
f 1822//1822 1928//1928 1929//1929
f 1823//1823 1930//1930 1824//1824
f 1823//1823 1929//1929 1930//1930
f 1824//1824 1931//1931 1825//1825
f 1824//1824 1930//1930 1931//1931
f 1825//1825 1932//1932 1826//1826
f 1825//1825 1931//1931 1932//1932
f 1826//1826 1933//1933 1827//1827
f 1826//1826 1932//1932 1933//1933
f 1827//1827 1934//1934 1828//1828
f 1827//1827 1933//1933 1934//1934
f 1828//1828 1935//1935 1829//1829
f 1828//1828 1934//1934 1935//1935
f 1829//1829 1936//1936 1830//1830
f 1829//1829 1935//1935 1936//1936
f 1830//1830 1937//1937 1831//1831
f 1830//1830 1936//1936 1937//1937
f 1831//1831 1938//1938 1832//1832
f 1831//1831 1937//1937 1938//1938
f 1832//1832 1939//1939 1833//1833
f 1832//1832 1938//1938 1939//1939
f 1833//1833 1940//1940 1834//1834
f 1833//1833 1939//1939 1940//1940
f 1834//1834 1941//1941 1835//1835
f 1834//1834 1940//1940 1941//1941
f 1835//1835 1942//1942 1836//1836
f 1835//1835 1941//1941 1942//1942
f 1836//1836 1943//1943 1837//1837
f 1836//1836 1942//1942 1943//1943
f 1837//1837 1944//1944 1838//1838
f 1837//1837 1943//1943 1944//1944
f 1838//1838 1945//1945 1839//1839
f 1838//1838 1944//1944 1945//1945
f 1839//1839 1946//1946 1840//1840
f 1839//1839 1945//1945 1946//1946
f 1840//1840 1947//1947 1841//1841
f 1840//1840 1946//1946 1947//1947
f 1841//1841 1948//1948 1842//1842
f 1841//1841 1947//1947 1948//1948
f 1842//1842 1949//1949 1843//1843
f 1842//1842 1948//1948 1949//1949
f 1843//1843 1950//1950 1844//1844
f 1843//1843 1949//1949 1950//1950
f 1844//1844 1951//1951 1845//1845
f 1844//1844 1950//1950 1951//1951
f 1845//1845 1952//1952 1846//1846
f 1845//1845 1951//1951 1952//1952
f 1846//1846 1953//1953 1847//1847
f 1846//1846 1952//1952 1953//1953
f 1847//1847 1954//1954 1848//1848
f 1847//1847 1953//1953 1954//1954
f 1848//1848 1955//1955 1849//1849
f 1848//1848 1954//1954 1955//1955
f 1849//1849 1956//1956 1850//1850
f 1849//1849 1955//1955 1956//1956
f 1850//1850 1957//1957 1851//1851
f 1850//1850 1956//1956 1957//1957
f 1851//1851 1958//1958 1852//1852
f 1851//1851 1957//1957 1958//1958
f 1852//1852 1959//1959 1853//1853
f 1852//1852 1958//1958 1959//1959
f 1853//1853 1960//1960 1854//1854
f 1853//1853 1959//1959 1960//1960
f 1854//1854 1961//1961 1855//1855
f 1854//1854 1960//1960 1961//1961
f 1855//1855 1962//1962 1856//1856
f 1855//1855 1961//1961 1962//1962
f 1856//1856 1963//1963 1857//1857
f 1856//1856 1962//1962 1963//1963
f 1857//1857 1964//1964 1858//1858
f 1857//1857 1963//1963 1964//1964
f 1858//1858 1965//1965 1859//1859
f 1858//1858 1964//1964 1965//1965
f 1859//1859 1966//1966 1860//1860
f 1859//1859 1965//1965 1966//1966
f 1860//1860 1967//1967 1861//1861
f 1860//1860 1966//1966 1967//1967
f 1861//1861 1968//1968 1862//1862
f 1861//1861 1967//1967 1968//1968
f 1862//1862 1969//1969 1863//1863
f 1862//1862 1968//1968 1969//1969
f 1863//1863 1970//1970 1864//1864
f 1863//1863 1969//1969 1970//1970
f 1864//1864 1971//1971 1865//1865
f 1864//1864 1970//1970 1971//1971
f 1865//1865 1972//1972 1866//1866
f 1865//1865 1971//1971 1972//1972
f 1866//1866 1973//1973 1867//1867
f 1866//1866 1972//1972 1973//1973
f 1867//1867 1974//1974 1868//1868
f 1867//1867 1973//1973 1974//1974
f 1868//1868 1975//1975 1869//1869
f 1868//1868 1974//1974 1975//1975
f 1869//1869 1976//1976 1870//1870
f 1869//1869 1975//1975 1976//1976
f 1870//1870 1977//1977 1871//1871
f 1870//1870 1976//1976 1977//1977
f 1871//1871 1978//1978 1872//1872
f 1871//1871 1977//1977 1978//1978
f 1872//1872 1979//1979 1873//1873
f 1872//1872 1978//1978 1979//1979
f 1873//1873 1980//1980 1874//1874
f 1873//1873 1979//1979 1980//1980
f 1874//1874 1981//1981 1875//1875
f 1874//1874 1980//1980 1981//1981
f 1875//1875 1982//1982 1876//1876
f 1875//1875 1981//1981 1982//1982
f 1876//1876 1983//1983 1877//1877
f 1876//1876 1982//1982 1983//1983
f 1877//1877 1984//1984 1878//1878
f 1877//1877 1983//1983 1984//1984
f 1878//1878 1985//1985 1879//1879
f 1878//1878 1984//1984 1985//1985
f 1879//1879 1986//1986 1880//1880
f 1879//1879 1985//1985 1986//1986
f 1880//1880 1987//1987 1881//1881
f 1880//1880 1986//1986 1987//1987
f 1881//1881 1988//1988 1882//1882
f 1881//1881 1987//1987 1988//1988
f 1882//1882 1989//1989 1883//1883
f 1882//1882 1988//1988 1989//1989
f 1883//1883 1990//1990 1884//1884
f 1883//1883 1989//1989 1990//1990
f 1884//1884 1991//1991 1885//1885
f 1884//1884 1990//1990 1991//1991
f 1885//1885 1992//1992 1886//1886
f 1885//1885 1991//1991 1992//1992
f 1886//1886 1993//1993 1887//1887
f 1886//1886 1992//1992 1993//1993
f 1887//1887 1994//1994 1888//1888
f 1887//1887 1993//1993 1994//1994
f 1888//1888 1995//1995 1889//1889
f 1888//1888 1994//1994 1995//1995
f 1889//1889 1996//1996 1890//1890
f 1889//1889 1995//1995 1996//1996
f 1890//1890 1997//1997 1891//1891
f 1890//1890 1996//1996 1997//1997
f 1891//1891 1998//1998 1892//1892
f 1891//1891 1997//1997 1998//1998
f 1892//1892 1999//1999 1893//1893
f 1892//1892 1998//1998 1999//1999
f 1893//1893 2000//2000 1894//1894
f 1893//1893 1999//1999 2000//2000
f 1894//1894 2001//2001 1895//1895
f 1894//1894 2000//2000 2001//2001
f 1895//1895 2002//2002 1896//1896
f 1895//1895 2001//2001 2002//2002
f 1896//1896 2003//2003 1897//1897
f 1896//1896 2002//2002 2003//2003
f 1897//1897 2004//2004 1898//1898
f 1897//1897 2003//2003 2004//2004
f 1898//1898 2005//2005 1899//1899
f 1898//1898 2004//2004 2005//2005
f 1899//1899 2006//2006 1900//1900
f 1899//1899 2005//2005 2006//2006
f 1900//1900 2007//2007 1901//1901
f 1900//1900 2006//2006 2007//2007
f 1901//1901 2008//2008 1902//1902
f 1901//1901 2007//2007 2008//2008
f 1902//1902 2009//2009 1903//1903
f 1902//1902 2008//2008 2009//2009
f 1903//1903 2010//2010 1904//1904
f 1903//1903 2009//2009 2010//2010
f 1904//1904 2011//2011 1905//1905
f 1904//1904 2010//2010 2011//2011
f 1905//1905 2012//2012 1906//1906
f 1905//1905 2011//2011 2012//2012
f 1906//1906 2013//2013 1907//1907
f 1906//1906 2012//2012 2013//2013
f 1907//1907 2014//2014 1908//1908
f 1907//1907 2013//2013 2014//2014
f 1908//1908 2015//2015 1909//1909
f 1908//1908 2014//2014 2015//2015
f 1909//1909 2016//2016 1910//1910
f 1909//1909 2015//2015 2016//2016
f 1910//1910 2016//2016 214//214
f 1//1 2017//2017 1911//1911
f 1911//1911 2018//2018 1912//1912
f 1911//1911 2017//2017 2018//2018
f 1912//1912 2019//2019 1913//1913
f 1912//1912 2018//2018 2019//2019
f 1913//1913 2020//2020 1914//1914
f 1913//1913 2019//2019 2020//2020
f 1914//1914 2021//2021 1915//1915
f 1914//1914 2020//2020 2021//2021
f 1915//1915 2022//2022 1916//1916
f 1915//1915 2021//2021 2022//2022
f 1916//1916 2023//2023 1917//1917
f 1916//1916 2022//2022 2023//2023
f 1917//1917 2024//2024 1918//1918
f 1917//1917 2023//2023 2024//2024
f 1918//1918 2025//2025 1919//1919
f 1918//1918 2024//2024 2025//2025
f 1919//1919 2026//2026 1920//1920
f 1919//1919 2025//2025 2026//2026
f 1920//1920 2027//2027 1921//1921
f 1920//1920 2026//2026 2027//2027
f 1921//1921 2028//2028 1922//1922
f 1921//1921 2027//2027 2028//2028
f 1922//1922 2029//2029 1923//1923
f 1922//1922 2028//2028 2029//2029
f 1923//1923 2030//2030 1924//1924
f 1923//1923 2029//2029 2030//2030
f 1924//1924 2031//2031 1925//1925
f 1924//1924 2030//2030 2031//2031
f 1925//1925 2032//2032 1926//1926
f 1925//1925 2031//2031 2032//2032
f 1926//1926 2033//2033 1927//1927
f 1926//1926 2032//2032 2033//2033
f 1927//1927 2034//2034 1928//1928
f 1927//1927 2033//2033 2034//2034
f 1928//1928 2035//2035 1929//1929
f 1928//1928 2034//2034 2035//2035
f 1929//1929 2036//2036 1930//1930
f 1929//1929 2035//2035 2036//2036
f 1930//1930 2037//2037 1931//1931
f 1930//1930 2036//2036 2037//2037
f 1931//1931 2038//2038 1932//1932
f 1931//1931 2037//2037 2038//2038
f 1932//1932 2039//2039 1933//1933
f 1932//1932 2038//2038 2039//2039
f 1933//1933 2040//2040 1934//1934
f 1933//1933 2039//2039 2040//2040
f 1934//1934 2041//2041 1935//1935
f 1934//1934 2040//2040 2041//2041
f 1935//1935 2042//2042 1936//1936
f 1935//1935 2041//2041 2042//2042
f 1936//1936 2043//2043 1937//1937
f 1936//1936 2042//2042 2043//2043
f 1937//1937 2044//2044 1938//1938
f 1937//1937 2043//2043 2044//2044
f 1938//1938 2045//2045 1939//1939
f 1938//1938 2044//2044 2045//2045
f 1939//1939 2046//2046 1940//1940
f 1939//1939 2045//2045 2046//2046
f 1940//1940 2047//2047 1941//1941
f 1940//1940 2046//2046 2047//2047
f 1941//1941 2048//2048 1942//1942
f 1941//1941 2047//2047 2048//2048
f 1942//1942 2049//2049 1943//1943
f 1942//1942 2048//2048 2049//2049
f 1943//1943 2050//2050 1944//1944
f 1943//1943 2049//2049 2050//2050
f 1944//1944 2051//2051 1945//1945
f 1944//1944 2050//2050 2051//2051
f 1945//1945 2052//2052 1946//1946
f 1945//1945 2051//2051 2052//2052
f 1946//1946 2053//2053 1947//1947
f 1946//1946 2052//2052 2053//2053
f 1947//1947 2054//2054 1948//1948
f 1947//1947 2053//2053 2054//2054
f 1948//1948 2055//2055 1949//1949
f 1948//1948 2054//2054 2055//2055
f 1949//1949 2056//2056 1950//1950
f 1949//1949 2055//2055 2056//2056
f 1950//1950 2057//2057 1951//1951
f 1950//1950 2056//2056 2057//2057
f 1951//1951 2058//2058 1952//1952
f 1951//1951 2057//2057 2058//2058
f 1952//1952 2059//2059 1953//1953
f 1952//1952 2058//2058 2059//2059
f 1953//1953 2060//2060 1954//1954
f 1953//1953 2059//2059 2060//2060
f 1954//1954 2061//2061 1955//1955
f 1954//1954 2060//2060 2061//2061
f 1955//1955 2062//2062 1956//1956
f 1955//1955 2061//2061 2062//2062
f 1956//1956 2063//2063 1957//1957
f 1956//1956 2062//2062 2063//2063
f 1957//1957 2064//2064 1958//1958
f 1957//1957 2063//2063 2064//2064
f 1958//1958 2065//2065 1959//1959
f 1958//1958 2064//2064 2065//2065
f 1959//1959 2066//2066 1960//1960
f 1959//1959 2065//2065 2066//2066
f 1960//1960 2067//2067 1961//1961
f 1960//1960 2066//2066 2067//2067
f 1961//1961 2068//2068 1962//1962
f 1961//1961 2067//2067 2068//2068
f 1962//1962 2069//2069 1963//1963
f 1962//1962 2068//2068 2069//2069
f 1963//1963 2070//2070 1964//1964
f 1963//1963 2069//2069 2070//2070
f 1964//1964 2071//2071 1965//1965
f 1964//1964 2070//2070 2071//2071
f 1965//1965 2072//2072 1966//1966
f 1965//1965 2071//2071 2072//2072
f 1966//1966 2073//2073 1967//1967
f 1966//1966 2072//2072 2073//2073
f 1967//1967 2074//2074 1968//1968
f 1967//1967 2073//2073 2074//2074
f 1968//1968 2075//2075 1969//1969
f 1968//1968 2074//2074 2075//2075
f 1969//1969 2076//2076 1970//1970
f 1969//1969 2075//2075 2076//2076
f 1970//1970 2077//2077 1971//1971
f 1970//1970 2076//2076 2077//2077
f 1971//1971 2078//2078 1972//1972
f 1971//1971 2077//2077 2078//2078
f 1972//1972 2079//2079 1973//1973
f 1972//1972 2078//2078 2079//2079
f 1973//1973 2080//2080 1974//1974
f 1973//1973 2079//2079 2080//2080
f 1974//1974 2081//2081 1975//1975
f 1974//1974 2080//2080 2081//2081
f 1975//1975 2082//2082 1976//1976
f 1975//1975 2081//2081 2082//2082
f 1976//1976 2083//2083 1977//1977
f 1976//1976 2082//2082 2083//2083
f 1977//1977 2084//2084 1978//1978
f 1977//1977 2083//2083 2084//2084
f 1978//1978 2085//2085 1979//1979
f 1978//1978 2084//2084 2085//2085
f 1979//1979 2086//2086 1980//1980
f 1979//1979 2085//2085 2086//2086
f 1980//1980 2087//2087 1981//1981
f 1980//1980 2086//2086 2087//2087
f 1981//1981 2088//2088 1982//1982
f 1981//1981 2087//2087 2088//2088
f 1982//1982 2089//2089 1983//1983
f 1982//1982 2088//2088 2089//2089
f 1983//1983 2090//2090 1984//1984
f 1983//1983 2089//2089 2090//2090
f 1984//1984 2091//2091 1985//1985
f 1984//1984 2090//2090 2091//2091
f 1985//1985 2092//2092 1986//1986
f 1985//1985 2091//2091 2092//2092
f 1986//1986 2093//2093 1987//1987
f 1986//1986 2092//2092 2093//2093
f 1987//1987 2094//2094 1988//1988
f 1987//1987 2093//2093 2094//2094
f 1988//1988 2095//2095 1989//1989
f 1988//1988 2094//2094 2095//2095
f 1989//1989 2096//2096 1990//1990
f 1989//1989 2095//2095 2096//2096
f 1990//1990 2097//2097 1991//1991
f 1990//1990 2096//2096 2097//2097
f 1991//1991 2098//2098 1992//1992
f 1991//1991 2097//2097 2098//2098
f 1992//1992 2099//2099 1993//1993
f 1992//1992 2098//2098 2099//2099
f 1993//1993 2100//2100 1994//1994
f 1993//1993 2099//2099 2100//2100
f 1994//1994 2101//2101 1995//1995
f 1994//1994 2100//2100 2101//2101
f 1995//1995 2102//2102 1996//1996
f 1995//1995 2101//2101 2102//2102
f 1996//1996 2103//2103 1997//1997
f 1996//1996 2102//2102 2103//2103
f 1997//1997 2104//2104 1998//1998
f 1997//1997 2103//2103 2104//2104
f 1998//1998 2105//2105 1999//1999
f 1998//1998 2104//2104 2105//2105
f 1999//1999 2106//2106 2000//2000
f 1999//1999 2105//2105 2106//2106
f 2000//2000 2107//2107 2001//2001
f 2000//2000 2106//2106 2107//2107
f 2001//2001 2108//2108 2002//2002
f 2001//2001 2107//2107 2108//2108
f 2002//2002 2109//2109 2003//2003
f 2002//2002 2108//2108 2109//2109
f 2003//2003 2110//2110 2004//2004
f 2003//2003 2109//2109 2110//2110
f 2004//2004 2111//2111 2005//2005
f 2004//2004 2110//2110 2111//2111
f 2005//2005 2112//2112 2006//2006
f 2005//2005 2111//2111 2112//2112
f 2006//2006 2113//2113 2007//2007
f 2006//2006 2112//2112 2113//2113
f 2007//2007 2114//2114 2008//2008
f 2007//2007 2113//2113 2114//2114
f 2008//2008 2115//2115 2009//2009
f 2008//2008 2114//2114 2115//2115
f 2009//2009 2116//2116 2010//2010
f 2009//2009 2115//2115 2116//2116
f 2010//2010 2117//2117 2011//2011
f 2010//2010 2116//2116 2117//2117
f 2011//2011 2118//2118 2012//2012
f 2011//2011 2117//2117 2118//2118
f 2012//2012 2119//2119 2013//2013
f 2012//2012 2118//2118 2119//2119
f 2013//2013 2120//2120 2014//2014
f 2013//2013 2119//2119 2120//2120
f 2014//2014 2121//2121 2015//2015
f 2014//2014 2120//2120 2121//2121
f 2015//2015 2122//2122 2016//2016
f 2015//2015 2121//2121 2122//2122
f 2016//2016 2122//2122 214//214
f 1//1 2123//2123 2017//2017
f 2017//2017 2124//2124 2018//2018
f 2017//2017 2123//2123 2124//2124
f 2018//2018 2125//2125 2019//2019
f 2018//2018 2124//2124 2125//2125
f 2019//2019 2126//2126 2020//2020
f 2019//2019 2125//2125 2126//2126
f 2020//2020 2127//2127 2021//2021
f 2020//2020 2126//2126 2127//2127
f 2021//2021 2128//2128 2022//2022
f 2021//2021 2127//2127 2128//2128
f 2022//2022 2129//2129 2023//2023
f 2022//2022 2128//2128 2129//2129
f 2023//2023 2130//2130 2024//2024
f 2023//2023 2129//2129 2130//2130
f 2024//2024 2131//2131 2025//2025
f 2024//2024 2130//2130 2131//2131
f 2025//2025 2132//2132 2026//2026
f 2025//2025 2131//2131 2132//2132
f 2026//2026 2133//2133 2027//2027
f 2026//2026 2132//2132 2133//2133
f 2027//2027 2134//2134 2028//2028
f 2027//2027 2133//2133 2134//2134
f 2028//2028 2135//2135 2029//2029
f 2028//2028 2134//2134 2135//2135
f 2029//2029 2136//2136 2030//2030
f 2029//2029 2135//2135 2136//2136
f 2030//2030 2137//2137 2031//2031
f 2030//2030 2136//2136 2137//2137
f 2031//2031 2138//2138 2032//2032
f 2031//2031 2137//2137 2138//2138
f 2032//2032 2139//2139 2033//2033
f 2032//2032 2138//2138 2139//2139
f 2033//2033 2140//2140 2034//2034
f 2033//2033 2139//2139 2140//2140
f 2034//2034 2141//2141 2035//2035
f 2034//2034 2140//2140 2141//2141
f 2035//2035 2142//2142 2036//2036
f 2035//2035 2141//2141 2142//2142
f 2036//2036 2143//2143 2037//2037
f 2036//2036 2142//2142 2143//2143
f 2037//2037 2144//2144 2038//2038
f 2037//2037 2143//2143 2144//2144
f 2038//2038 2145//2145 2039//2039
f 2038//2038 2144//2144 2145//2145
f 2039//2039 2146//2146 2040//2040
f 2039//2039 2145//2145 2146//2146
f 2040//2040 2147//2147 2041//2041
f 2040//2040 2146//2146 2147//2147
f 2041//2041 2148//2148 2042//2042
f 2041//2041 2147//2147 2148//2148
f 2042//2042 2149//2149 2043//2043
f 2042//2042 2148//2148 2149//2149
f 2043//2043 2150//2150 2044//2044
f 2043//2043 2149//2149 2150//2150
f 2044//2044 2151//2151 2045//2045
f 2044//2044 2150//2150 2151//2151
f 2045//2045 2152//2152 2046//2046
f 2045//2045 2151//2151 2152//2152
f 2046//2046 2153//2153 2047//2047
f 2046//2046 2152//2152 2153//2153
f 2047//2047 2154//2154 2048//2048
f 2047//2047 2153//2153 2154//2154
f 2048//2048 2155//2155 2049//2049
f 2048//2048 2154//2154 2155//2155
f 2049//2049 2156//2156 2050//2050
f 2049//2049 2155//2155 2156//2156
f 2050//2050 2157//2157 2051//2051
f 2050//2050 2156//2156 2157//2157
f 2051//2051 2158//2158 2052//2052
f 2051//2051 2157//2157 2158//2158
f 2052//2052 2159//2159 2053//2053
f 2052//2052 2158//2158 2159//2159
f 2053//2053 2160//2160 2054//2054
f 2053//2053 2159//2159 2160//2160
f 2054//2054 2161//2161 2055//2055
f 2054//2054 2160//2160 2161//2161
f 2055//2055 2162//2162 2056//2056
f 2055//2055 2161//2161 2162//2162
f 2056//2056 2163//2163 2057//2057
f 2056//2056 2162//2162 2163//2163
f 2057//2057 2164//2164 2058//2058
f 2057//2057 2163//2163 2164//2164
f 2058//2058 2165//2165 2059//2059
f 2058//2058 2164//2164 2165//2165
f 2059//2059 2166//2166 2060//2060
f 2059//2059 2165//2165 2166//2166
f 2060//2060 2167//2167 2061//2061
f 2060//2060 2166//2166 2167//2167
f 2061//2061 2168//2168 2062//2062
f 2061//2061 2167//2167 2168//2168
f 2062//2062 2169//2169 2063//2063
f 2062//2062 2168//2168 2169//2169
f 2063//2063 2170//2170 2064//2064
f 2063//2063 2169//2169 2170//2170
f 2064//2064 2171//2171 2065//2065
f 2064//2064 2170//2170 2171//2171
f 2065//2065 2172//2172 2066//2066
f 2065//2065 2171//2171 2172//2172
f 2066//2066 2173//2173 2067//2067
f 2066//2066 2172//2172 2173//2173
f 2067//2067 2174//2174 2068//2068
f 2067//2067 2173//2173 2174//2174
f 2068//2068 2175//2175 2069//2069
f 2068//2068 2174//2174 2175//2175
f 2069//2069 2176//2176 2070//2070
f 2069//2069 2175//2175 2176//2176
f 2070//2070 2177//2177 2071//2071
f 2070//2070 2176//2176 2177//2177
f 2071//2071 2178//2178 2072//2072
f 2071//2071 2177//2177 2178//2178
f 2072//2072 2179//2179 2073//2073
f 2072//2072 2178//2178 2179//2179
f 2073//2073 2180//2180 2074//2074
f 2073//2073 2179//2179 2180//2180
f 2074//2074 2181//2181 2075//2075
f 2074//2074 2180//2180 2181//2181
f 2075//2075 2182//2182 2076//2076
f 2075//2075 2181//2181 2182//2182
f 2076//2076 2183//2183 2077//2077
f 2076//2076 2182//2182 2183//2183
f 2077//2077 2184//2184 2078//2078
f 2077//2077 2183//2183 2184//2184
f 2078//2078 2185//2185 2079//2079
f 2078//2078 2184//2184 2185//2185
f 2079//2079 2186//2186 2080//2080
f 2079//2079 2185//2185 2186//2186
f 2080//2080 2187//2187 2081//2081
f 2080//2080 2186//2186 2187//2187
f 2081//2081 2188//2188 2082//2082
f 2081//2081 2187//2187 2188//2188
f 2082//2082 2189//2189 2083//2083
f 2082//2082 2188//2188 2189//2189
f 2083//2083 2190//2190 2084//2084
f 2083//2083 2189//2189 2190//2190
f 2084//2084 2191//2191 2085//2085
f 2084//2084 2190//2190 2191//2191
f 2085//2085 2192//2192 2086//2086
f 2085//2085 2191//2191 2192//2192
f 2086//2086 2193//2193 2087//2087
f 2086//2086 2192//2192 2193//2193
f 2087//2087 2194//2194 2088//2088
f 2087//2087 2193//2193 2194//2194
f 2088//2088 2195//2195 2089//2089
f 2088//2088 2194//2194 2195//2195
f 2089//2089 2196//2196 2090//2090
f 2089//2089 2195//2195 2196//2196
f 2090//2090 2197//2197 2091//2091
f 2090//2090 2196//2196 2197//2197
f 2091//2091 2198//2198 2092//2092
f 2091//2091 2197//2197 2198//2198
f 2092//2092 2199//2199 2093//2093
f 2092//2092 2198//2198 2199//2199
f 2093//2093 2200//2200 2094//2094
f 2093//2093 2199//2199 2200//2200
f 2094//2094 2201//2201 2095//2095
f 2094//2094 2200//2200 2201//2201
f 2095//2095 2202//2202 2096//2096
f 2095//2095 2201//2201 2202//2202
f 2096//2096 2203//2203 2097//2097
f 2096//2096 2202//2202 2203//2203
f 2097//2097 2204//2204 2098//2098
f 2097//2097 2203//2203 2204//2204
f 2098//2098 2205//2205 2099//2099
f 2098//2098 2204//2204 2205//2205
f 2099//2099 2206//2206 2100//2100
f 2099//2099 2205//2205 2206//2206
f 2100//2100 2207//2207 2101//2101
f 2100//2100 2206//2206 2207//2207
f 2101//2101 2208//2208 2102//2102
f 2101//2101 2207//2207 2208//2208
f 2102//2102 2209//2209 2103//2103
f 2102//2102 2208//2208 2209//2209
f 2103//2103 2210//2210 2104//2104
f 2103//2103 2209//2209 2210//2210
f 2104//2104 2211//2211 2105//2105
f 2104//2104 2210//2210 2211//2211
f 2105//2105 2212//2212 2106//2106
f 2105//2105 2211//2211 2212//2212
f 2106//2106 2213//2213 2107//2107
f 2106//2106 2212//2212 2213//2213
f 2107//2107 2214//2214 2108//2108
f 2107//2107 2213//2213 2214//2214
f 2108//2108 2215//2215 2109//2109
f 2108//2108 2214//2214 2215//2215
f 2109//2109 2216//2216 2110//2110
f 2109//2109 2215//2215 2216//2216
f 2110//2110 2217//2217 2111//2111
f 2110//2110 2216//2216 2217//2217
f 2111//2111 2218//2218 2112//2112
f 2111//2111 2217//2217 2218//2218
f 2112//2112 2219//2219 2113//2113
f 2112//2112 2218//2218 2219//2219
f 2113//2113 2220//2220 2114//2114
f 2113//2113 2219//2219 2220//2220
f 2114//2114 2221//2221 2115//2115
f 2114//2114 2220//2220 2221//2221
f 2115//2115 2222//2222 2116//2116
f 2115//2115 2221//2221 2222//2222
f 2116//2116 2223//2223 2117//2117
f 2116//2116 2222//2222 2223//2223
f 2117//2117 2224//2224 2118//2118
f 2117//2117 2223//2223 2224//2224
f 2118//2118 2225//2225 2119//2119
f 2118//2118 2224//2224 2225//2225
f 2119//2119 2226//2226 2120//2120
f 2119//2119 2225//2225 2226//2226
f 2120//2120 2227//2227 2121//2121
f 2120//2120 2226//2226 2227//2227
f 2121//2121 2228//2228 2122//2122
f 2121//2121 2227//2227 2228//2228
f 2122//2122 2228//2228 214//214
f 1//1 2229//2229 2123//2123
f 2123//2123 2230//2230 2124//2124
f 2123//2123 2229//2229 2230//2230
f 2124//2124 2231//2231 2125//2125
f 2124//2124 2230//2230 2231//2231
f 2125//2125 2232//2232 2126//2126
f 2125//2125 2231//2231 2232//2232
f 2126//2126 2233//2233 2127//2127
f 2126//2126 2232//2232 2233//2233
f 2127//2127 2234//2234 2128//2128
f 2127//2127 2233//2233 2234//2234
f 2128//2128 2235//2235 2129//2129
f 2128//2128 2234//2234 2235//2235
f 2129//2129 2236//2236 2130//2130
f 2129//2129 2235//2235 2236//2236
f 2130//2130 2237//2237 2131//2131
f 2130//2130 2236//2236 2237//2237
f 2131//2131 2238//2238 2132//2132
f 2131//2131 2237//2237 2238//2238
f 2132//2132 2239//2239 2133//2133
f 2132//2132 2238//2238 2239//2239
f 2133//2133 2240//2240 2134//2134
f 2133//2133 2239//2239 2240//2240
f 2134//2134 2241//2241 2135//2135
f 2134//2134 2240//2240 2241//2241
f 2135//2135 2242//2242 2136//2136
f 2135//2135 2241//2241 2242//2242
f 2136//2136 2243//2243 2137//2137
f 2136//2136 2242//2242 2243//2243
f 2137//2137 2244//2244 2138//2138
f 2137//2137 2243//2243 2244//2244
f 2138//2138 2245//2245 2139//2139
f 2138//2138 2244//2244 2245//2245
f 2139//2139 2246//2246 2140//2140
f 2139//2139 2245//2245 2246//2246
f 2140//2140 2247//2247 2141//2141
f 2140//2140 2246//2246 2247//2247
f 2141//2141 2248//2248 2142//2142
f 2141//2141 2247//2247 2248//2248
f 2142//2142 2249//2249 2143//2143
f 2142//2142 2248//2248 2249//2249
f 2143//2143 2250//2250 2144//2144
f 2143//2143 2249//2249 2250//2250
f 2144//2144 2251//2251 2145//2145
f 2144//2144 2250//2250 2251//2251
f 2145//2145 2252//2252 2146//2146
f 2145//2145 2251//2251 2252//2252
f 2146//2146 2253//2253 2147//2147
f 2146//2146 2252//2252 2253//2253
f 2147//2147 2254//2254 2148//2148
f 2147//2147 2253//2253 2254//2254
f 2148//2148 2255//2255 2149//2149
f 2148//2148 2254//2254 2255//2255
f 2149//2149 2256//2256 2150//2150
f 2149//2149 2255//2255 2256//2256
f 2150//2150 2257//2257 2151//2151
f 2150//2150 2256//2256 2257//2257
f 2151//2151 2258//2258 2152//2152
f 2151//2151 2257//2257 2258//2258
f 2152//2152 2259//2259 2153//2153
f 2152//2152 2258//2258 2259//2259
f 2153//2153 2260//2260 2154//2154
f 2153//2153 2259//2259 2260//2260
f 2154//2154 2261//2261 2155//2155
f 2154//2154 2260//2260 2261//2261
f 2155//2155 2262//2262 2156//2156
f 2155//2155 2261//2261 2262//2262
f 2156//2156 2263//2263 2157//2157
f 2156//2156 2262//2262 2263//2263
f 2157//2157 2264//2264 2158//2158
f 2157//2157 2263//2263 2264//2264
f 2158//2158 2265//2265 2159//2159
f 2158//2158 2264//2264 2265//2265
f 2159//2159 2266//2266 2160//2160
f 2159//2159 2265//2265 2266//2266
f 2160//2160 2267//2267 2161//2161
f 2160//2160 2266//2266 2267//2267
f 2161//2161 2268//2268 2162//2162
f 2161//2161 2267//2267 2268//2268
f 2162//2162 2269//2269 2163//2163
f 2162//2162 2268//2268 2269//2269
f 2163//2163 2270//2270 2164//2164
f 2163//2163 2269//2269 2270//2270
f 2164//2164 2271//2271 2165//2165
f 2164//2164 2270//2270 2271//2271
f 2165//2165 2272//2272 2166//2166
f 2165//2165 2271//2271 2272//2272
f 2166//2166 2273//2273 2167//2167
f 2166//2166 2272//2272 2273//2273
f 2167//2167 2274//2274 2168//2168
f 2167//2167 2273//2273 2274//2274
f 2168//2168 2275//2275 2169//2169
f 2168//2168 2274//2274 2275//2275
f 2169//2169 2276//2276 2170//2170
f 2169//2169 2275//2275 2276//2276
f 2170//2170 2277//2277 2171//2171
f 2170//2170 2276//2276 2277//2277
f 2171//2171 2278//2278 2172//2172
f 2171//2171 2277//2277 2278//2278
f 2172//2172 2279//2279 2173//2173
f 2172//2172 2278//2278 2279//2279
f 2173//2173 2280//2280 2174//2174
f 2173//2173 2279//2279 2280//2280
f 2174//2174 2281//2281 2175//2175
f 2174//2174 2280//2280 2281//2281
f 2175//2175 2282//2282 2176//2176
f 2175//2175 2281//2281 2282//2282
f 2176//2176 2283//2283 2177//2177
f 2176//2176 2282//2282 2283//2283
f 2177//2177 2284//2284 2178//2178
f 2177//2177 2283//2283 2284//2284
f 2178//2178 2285//2285 2179//2179
f 2178//2178 2284//2284 2285//2285
f 2179//2179 2286//2286 2180//2180
f 2179//2179 2285//2285 2286//2286
f 2180//2180 2287//2287 2181//2181
f 2180//2180 2286//2286 2287//2287
f 2181//2181 2288//2288 2182//2182
f 2181//2181 2287//2287 2288//2288
f 2182//2182 2289//2289 2183//2183
f 2182//2182 2288//2288 2289//2289
f 2183//2183 2290//2290 2184//2184
f 2183//2183 2289//2289 2290//2290
f 2184//2184 2291//2291 2185//2185
f 2184//2184 2290//2290 2291//2291
f 2185//2185 2292//2292 2186//2186
f 2185//2185 2291//2291 2292//2292
f 2186//2186 2293//2293 2187//2187
f 2186//2186 2292//2292 2293//2293
f 2187//2187 2294//2294 2188//2188
f 2187//2187 2293//2293 2294//2294
f 2188//2188 2295//2295 2189//2189
f 2188//2188 2294//2294 2295//2295
f 2189//2189 2296//2296 2190//2190
f 2189//2189 2295//2295 2296//2296
f 2190//2190 2297//2297 2191//2191
f 2190//2190 2296//2296 2297//2297
f 2191//2191 2298//2298 2192//2192
f 2191//2191 2297//2297 2298//2298
f 2192//2192 2299//2299 2193//2193
f 2192//2192 2298//2298 2299//2299
f 2193//2193 2300//2300 2194//2194
f 2193//2193 2299//2299 2300//2300
f 2194//2194 2301//2301 2195//2195
f 2194//2194 2300//2300 2301//2301
f 2195//2195 2302//2302 2196//2196
f 2195//2195 2301//2301 2302//2302
f 2196//2196 2303//2303 2197//2197
f 2196//2196 2302//2302 2303//2303
f 2197//2197 2304//2304 2198//2198
f 2197//2197 2303//2303 2304//2304
f 2198//2198 2305//2305 2199//2199
f 2198//2198 2304//2304 2305//2305
f 2199//2199 2306//2306 2200//2200
f 2199//2199 2305//2305 2306//2306
f 2200//2200 2307//2307 2201//2201
f 2200//2200 2306//2306 2307//2307
f 2201//2201 2308//2308 2202//2202
f 2201//2201 2307//2307 2308//2308
f 2202//2202 2309//2309 2203//2203
f 2202//2202 2308//2308 2309//2309
f 2203//2203 2310//2310 2204//2204
f 2203//2203 2309//2309 2310//2310
f 2204//2204 2311//2311 2205//2205
f 2204//2204 2310//2310 2311//2311
f 2205//2205 2312//2312 2206//2206
f 2205//2205 2311//2311 2312//2312
f 2206//2206 2313//2313 2207//2207
f 2206//2206 2312//2312 2313//2313
f 2207//2207 2314//2314 2208//2208
f 2207//2207 2313//2313 2314//2314
f 2208//2208 2315//2315 2209//2209
f 2208//2208 2314//2314 2315//2315
f 2209//2209 2316//2316 2210//2210
f 2209//2209 2315//2315 2316//2316
f 2210//2210 2317//2317 2211//2211
f 2210//2210 2316//2316 2317//2317
f 2211//2211 2318//2318 2212//2212
f 2211//2211 2317//2317 2318//2318
f 2212//2212 2319//2319 2213//2213
f 2212//2212 2318//2318 2319//2319
f 2213//2213 2320//2320 2214//2214
f 2213//2213 2319//2319 2320//2320
f 2214//2214 2321//2321 2215//2215
f 2214//2214 2320//2320 2321//2321
f 2215//2215 2322//2322 2216//2216
f 2215//2215 2321//2321 2322//2322
f 2216//2216 2323//2323 2217//2217
f 2216//2216 2322//2322 2323//2323
f 2217//2217 2324//2324 2218//2218
f 2217//2217 2323//2323 2324//2324
f 2218//2218 2325//2325 2219//2219
f 2218//2218 2324//2324 2325//2325
f 2219//2219 2326//2326 2220//2220
f 2219//2219 2325//2325 2326//2326
f 2220//2220 2327//2327 2221//2221
f 2220//2220 2326//2326 2327//2327
f 2221//2221 2328//2328 2222//2222
f 2221//2221 2327//2327 2328//2328
f 2222//2222 2329//2329 2223//2223
f 2222//2222 2328//2328 2329//2329
f 2223//2223 2330//2330 2224//2224
f 2223//2223 2329//2329 2330//2330
f 2224//2224 2331//2331 2225//2225
f 2224//2224 2330//2330 2331//2331
f 2225//2225 2332//2332 2226//2226
f 2225//2225 2331//2331 2332//2332
f 2226//2226 2333//2333 2227//2227
f 2226//2226 2332//2332 2333//2333
f 2227//2227 2334//2334 2228//2228
f 2227//2227 2333//2333 2334//2334
f 2228//2228 2334//2334 214//214
f 1//1 2335//2335 2229//2229
f 2229//2229 2336//2336 2230//2230
f 2229//2229 2335//2335 2336//2336
f 2230//2230 2337//2337 2231//2231
f 2230//2230 2336//2336 2337//2337
f 2231//2231 2338//2338 2232//2232
f 2231//2231 2337//2337 2338//2338
f 2232//2232 2339//2339 2233//2233
f 2232//2232 2338//2338 2339//2339
f 2233//2233 2340//2340 2234//2234
f 2233//2233 2339//2339 2340//2340
f 2234//2234 2341//2341 2235//2235
f 2234//2234 2340//2340 2341//2341
f 2235//2235 2342//2342 2236//2236
f 2235//2235 2341//2341 2342//2342
f 2236//2236 2343//2343 2237//2237
f 2236//2236 2342//2342 2343//2343
f 2237//2237 2344//2344 2238//2238
f 2237//2237 2343//2343 2344//2344
f 2238//2238 2345//2345 2239//2239
f 2238//2238 2344//2344 2345//2345
f 2239//2239 2346//2346 2240//2240
f 2239//2239 2345//2345 2346//2346
f 2240//2240 2347//2347 2241//2241
f 2240//2240 2346//2346 2347//2347
f 2241//2241 2348//2348 2242//2242
f 2241//2241 2347//2347 2348//2348
f 2242//2242 2349//2349 2243//2243
f 2242//2242 2348//2348 2349//2349
f 2243//2243 2350//2350 2244//2244
f 2243//2243 2349//2349 2350//2350
f 2244//2244 2351//2351 2245//2245
f 2244//2244 2350//2350 2351//2351
f 2245//2245 2352//2352 2246//2246
f 2245//2245 2351//2351 2352//2352
f 2246//2246 2353//2353 2247//2247
f 2246//2246 2352//2352 2353//2353
f 2247//2247 2354//2354 2248//2248
f 2247//2247 2353//2353 2354//2354
f 2248//2248 2355//2355 2249//2249
f 2248//2248 2354//2354 2355//2355
f 2249//2249 2356//2356 2250//2250
f 2249//2249 2355//2355 2356//2356
f 2250//2250 2357//2357 2251//2251
f 2250//2250 2356//2356 2357//2357
f 2251//2251 2358//2358 2252//2252
f 2251//2251 2357//2357 2358//2358
f 2252//2252 2359//2359 2253//2253
f 2252//2252 2358//2358 2359//2359
f 2253//2253 2360//2360 2254//2254
f 2253//2253 2359//2359 2360//2360
f 2254//2254 2361//2361 2255//2255
f 2254//2254 2360//2360 2361//2361
f 2255//2255 2362//2362 2256//2256
f 2255//2255 2361//2361 2362//2362
f 2256//2256 2363//2363 2257//2257
f 2256//2256 2362//2362 2363//2363
f 2257//2257 2364//2364 2258//2258
f 2257//2257 2363//2363 2364//2364
f 2258//2258 2365//2365 2259//2259
f 2258//2258 2364//2364 2365//2365
f 2259//2259 2366//2366 2260//2260
f 2259//2259 2365//2365 2366//2366
f 2260//2260 2367//2367 2261//2261
f 2260//2260 2366//2366 2367//2367
f 2261//2261 2368//2368 2262//2262
f 2261//2261 2367//2367 2368//2368
f 2262//2262 2369//2369 2263//2263
f 2262//2262 2368//2368 2369//2369
f 2263//2263 2370//2370 2264//2264
f 2263//2263 2369//2369 2370//2370
f 2264//2264 2371//2371 2265//2265
f 2264//2264 2370//2370 2371//2371
f 2265//2265 2372//2372 2266//2266
f 2265//2265 2371//2371 2372//2372
f 2266//2266 2373//2373 2267//2267
f 2266//2266 2372//2372 2373//2373
f 2267//2267 2374//2374 2268//2268
f 2267//2267 2373//2373 2374//2374
f 2268//2268 2375//2375 2269//2269
f 2268//2268 2374//2374 2375//2375
f 2269//2269 2376//2376 2270//2270
f 2269//2269 2375//2375 2376//2376
f 2270//2270 2377//2377 2271//2271
f 2270//2270 2376//2376 2377//2377
f 2271//2271 2378//2378 2272//2272
f 2271//2271 2377//2377 2378//2378
f 2272//2272 2379//2379 2273//2273
f 2272//2272 2378//2378 2379//2379
f 2273//2273 2380//2380 2274//2274
f 2273//2273 2379//2379 2380//2380
f 2274//2274 2381//2381 2275//2275
f 2274//2274 2380//2380 2381//2381
f 2275//2275 2382//2382 2276//2276
f 2275//2275 2381//2381 2382//2382
f 2276//2276 2383//2383 2277//2277
f 2276//2276 2382//2382 2383//2383
f 2277//2277 2384//2384 2278//2278
f 2277//2277 2383//2383 2384//2384
f 2278//2278 2385//2385 2279//2279
f 2278//2278 2384//2384 2385//2385
f 2279//2279 2386//2386 2280//2280
f 2279//2279 2385//2385 2386//2386
f 2280//2280 2387//2387 2281//2281
f 2280//2280 2386//2386 2387//2387
f 2281//2281 2388//2388 2282//2282
f 2281//2281 2387//2387 2388//2388
f 2282//2282 2389//2389 2283//2283
f 2282//2282 2388//2388 2389//2389
f 2283//2283 2390//2390 2284//2284
f 2283//2283 2389//2389 2390//2390
f 2284//2284 2391//2391 2285//2285
f 2284//2284 2390//2390 2391//2391
f 2285//2285 2392//2392 2286//2286
f 2285//2285 2391//2391 2392//2392
f 2286//2286 2393//2393 2287//2287
f 2286//2286 2392//2392 2393//2393
f 2287//2287 2394//2394 2288//2288
f 2287//2287 2393//2393 2394//2394
f 2288//2288 2395//2395 2289//2289
f 2288//2288 2394//2394 2395//2395
f 2289//2289 2396//2396 2290//2290
f 2289//2289 2395//2395 2396//2396
f 2290//2290 2397//2397 2291//2291
f 2290//2290 2396//2396 2397//2397
f 2291//2291 2398//2398 2292//2292
f 2291//2291 2397//2397 2398//2398
f 2292//2292 2399//2399 2293//2293
f 2292//2292 2398//2398 2399//2399
f 2293//2293 2400//2400 2294//2294
f 2293//2293 2399//2399 2400//2400
f 2294//2294 2401//2401 2295//2295
f 2294//2294 2400//2400 2401//2401
f 2295//2295 2402//2402 2296//2296
f 2295//2295 2401//2401 2402//2402
f 2296//2296 2403//2403 2297//2297
f 2296//2296 2402//2402 2403//2403
f 2297//2297 2404//2404 2298//2298
f 2297//2297 2403//2403 2404//2404
f 2298//2298 2405//2405 2299//2299
f 2298//2298 2404//2404 2405//2405
f 2299//2299 2406//2406 2300//2300
f 2299//2299 2405//2405 2406//2406
f 2300//2300 2407//2407 2301//2301
f 2300//2300 2406//2406 2407//2407
f 2301//2301 2408//2408 2302//2302
f 2301//2301 2407//2407 2408//2408
f 2302//2302 2409//2409 2303//2303
f 2302//2302 2408//2408 2409//2409
f 2303//2303 2410//2410 2304//2304
f 2303//2303 2409//2409 2410//2410
f 2304//2304 2411//2411 2305//2305
f 2304//2304 2410//2410 2411//2411
f 2305//2305 2412//2412 2306//2306
f 2305//2305 2411//2411 2412//2412
f 2306//2306 2413//2413 2307//2307
f 2306//2306 2412//2412 2413//2413
f 2307//2307 2414//2414 2308//2308
f 2307//2307 2413//2413 2414//2414
f 2308//2308 2415//2415 2309//2309
f 2308//2308 2414//2414 2415//2415
f 2309//2309 2416//2416 2310//2310
f 2309//2309 2415//2415 2416//2416
f 2310//2310 2417//2417 2311//2311
f 2310//2310 2416//2416 2417//2417
f 2311//2311 2418//2418 2312//2312
f 2311//2311 2417//2417 2418//2418
f 2312//2312 2419//2419 2313//2313
f 2312//2312 2418//2418 2419//2419
f 2313//2313 2420//2420 2314//2314
f 2313//2313 2419//2419 2420//2420
f 2314//2314 2421//2421 2315//2315
f 2314//2314 2420//2420 2421//2421
f 2315//2315 2422//2422 2316//2316
f 2315//2315 2421//2421 2422//2422
f 2316//2316 2423//2423 2317//2317
f 2316//2316 2422//2422 2423//2423
f 2317//2317 2424//2424 2318//2318
f 2317//2317 2423//2423 2424//2424
f 2318//2318 2425//2425 2319//2319
f 2318//2318 2424//2424 2425//2425
f 2319//2319 2426//2426 2320//2320
f 2319//2319 2425//2425 2426//2426
f 2320//2320 2427//2427 2321//2321
f 2320//2320 2426//2426 2427//2427
f 2321//2321 2428//2428 2322//2322
f 2321//2321 2427//2427 2428//2428
f 2322//2322 2429//2429 2323//2323
f 2322//2322 2428//2428 2429//2429
f 2323//2323 2430//2430 2324//2324
f 2323//2323 2429//2429 2430//2430
f 2324//2324 2431//2431 2325//2325
f 2324//2324 2430//2430 2431//2431
f 2325//2325 2432//2432 2326//2326
f 2325//2325 2431//2431 2432//2432
f 2326//2326 2433//2433 2327//2327
f 2326//2326 2432//2432 2433//2433
f 2327//2327 2434//2434 2328//2328
f 2327//2327 2433//2433 2434//2434
f 2328//2328 2435//2435 2329//2329
f 2328//2328 2434//2434 2435//2435
f 2329//2329 2436//2436 2330//2330
f 2329//2329 2435//2435 2436//2436
f 2330//2330 2437//2437 2331//2331
f 2330//2330 2436//2436 2437//2437
f 2331//2331 2438//2438 2332//2332
f 2331//2331 2437//2437 2438//2438
f 2332//2332 2439//2439 2333//2333
f 2332//2332 2438//2438 2439//2439
f 2333//2333 2440//2440 2334//2334
f 2333//2333 2439//2439 2440//2440
f 2334//2334 2440//2440 214//214
f 1//1 2441//2441 2335//2335
f 2335//2335 2442//2442 2336//2336
f 2335//2335 2441//2441 2442//2442
f 2336//2336 2443//2443 2337//2337
f 2336//2336 2442//2442 2443//2443
f 2337//2337 2444//2444 2338//2338
f 2337//2337 2443//2443 2444//2444
f 2338//2338 2445//2445 2339//2339
f 2338//2338 2444//2444 2445//2445
f 2339//2339 2446//2446 2340//2340
f 2339//2339 2445//2445 2446//2446
f 2340//2340 2447//2447 2341//2341
f 2340//2340 2446//2446 2447//2447
f 2341//2341 2448//2448 2342//2342
f 2341//2341 2447//2447 2448//2448
f 2342//2342 2449//2449 2343//2343
f 2342//2342 2448//2448 2449//2449
f 2343//2343 2450//2450 2344//2344
f 2343//2343 2449//2449 2450//2450
f 2344//2344 2451//2451 2345//2345
f 2344//2344 2450//2450 2451//2451
f 2345//2345 2452//2452 2346//2346
f 2345//2345 2451//2451 2452//2452
f 2346//2346 2453//2453 2347//2347
f 2346//2346 2452//2452 2453//2453
f 2347//2347 2454//2454 2348//2348
f 2347//2347 2453//2453 2454//2454
f 2348//2348 2455//2455 2349//2349
f 2348//2348 2454//2454 2455//2455
f 2349//2349 2456//2456 2350//2350
f 2349//2349 2455//2455 2456//2456
f 2350//2350 2457//2457 2351//2351
f 2350//2350 2456//2456 2457//2457
f 2351//2351 2458//2458 2352//2352
f 2351//2351 2457//2457 2458//2458
f 2352//2352 2459//2459 2353//2353
f 2352//2352 2458//2458 2459//2459
f 2353//2353 2460//2460 2354//2354
f 2353//2353 2459//2459 2460//2460
f 2354//2354 2461//2461 2355//2355
f 2354//2354 2460//2460 2461//2461
f 2355//2355 2462//2462 2356//2356
f 2355//2355 2461//2461 2462//2462
f 2356//2356 2463//2463 2357//2357
f 2356//2356 2462//2462 2463//2463
f 2357//2357 2464//2464 2358//2358
f 2357//2357 2463//2463 2464//2464
f 2358//2358 2465//2465 2359//2359
f 2358//2358 2464//2464 2465//2465
f 2359//2359 2466//2466 2360//2360
f 2359//2359 2465//2465 2466//2466
f 2360//2360 2467//2467 2361//2361
f 2360//2360 2466//2466 2467//2467
f 2361//2361 2468//2468 2362//2362
f 2361//2361 2467//2467 2468//2468
f 2362//2362 2469//2469 2363//2363
f 2362//2362 2468//2468 2469//2469
f 2363//2363 2470//2470 2364//2364
f 2363//2363 2469//2469 2470//2470
f 2364//2364 2471//2471 2365//2365
f 2364//2364 2470//2470 2471//2471
f 2365//2365 2472//2472 2366//2366
f 2365//2365 2471//2471 2472//2472
f 2366//2366 2473//2473 2367//2367
f 2366//2366 2472//2472 2473//2473
f 2367//2367 2474//2474 2368//2368
f 2367//2367 2473//2473 2474//2474
f 2368//2368 2475//2475 2369//2369
f 2368//2368 2474//2474 2475//2475
f 2369//2369 2476//2476 2370//2370
f 2369//2369 2475//2475 2476//2476
f 2370//2370 2477//2477 2371//2371
f 2370//2370 2476//2476 2477//2477
f 2371//2371 2478//2478 2372//2372
f 2371//2371 2477//2477 2478//2478
f 2372//2372 2479//2479 2373//2373
f 2372//2372 2478//2478 2479//2479
f 2373//2373 2480//2480 2374//2374
f 2373//2373 2479//2479 2480//2480
f 2374//2374 2481//2481 2375//2375
f 2374//2374 2480//2480 2481//2481
f 2375//2375 2482//2482 2376//2376
f 2375//2375 2481//2481 2482//2482
f 2376//2376 2483//2483 2377//2377
f 2376//2376 2482//2482 2483//2483
f 2377//2377 2484//2484 2378//2378
f 2377//2377 2483//2483 2484//2484
f 2378//2378 2485//2485 2379//2379
f 2378//2378 2484//2484 2485//2485
f 2379//2379 2486//2486 2380//2380
f 2379//2379 2485//2485 2486//2486
f 2380//2380 2487//2487 2381//2381
f 2380//2380 2486//2486 2487//2487
f 2381//2381 2488//2488 2382//2382
f 2381//2381 2487//2487 2488//2488
f 2382//2382 2489//2489 2383//2383
f 2382//2382 2488//2488 2489//2489
f 2383//2383 2490//2490 2384//2384
f 2383//2383 2489//2489 2490//2490
f 2384//2384 2491//2491 2385//2385
f 2384//2384 2490//2490 2491//2491
f 2385//2385 2492//2492 2386//2386
f 2385//2385 2491//2491 2492//2492
f 2386//2386 2493//2493 2387//2387
f 2386//2386 2492//2492 2493//2493
f 2387//2387 2494//2494 2388//2388
f 2387//2387 2493//2493 2494//2494
f 2388//2388 2495//2495 2389//2389
f 2388//2388 2494//2494 2495//2495
f 2389//2389 2496//2496 2390//2390
f 2389//2389 2495//2495 2496//2496
f 2390//2390 2497//2497 2391//2391
f 2390//2390 2496//2496 2497//2497
f 2391//2391 2498//2498 2392//2392
f 2391//2391 2497//2497 2498//2498
f 2392//2392 2499//2499 2393//2393
f 2392//2392 2498//2498 2499//2499
f 2393//2393 2500//2500 2394//2394
f 2393//2393 2499//2499 2500//2500
f 2394//2394 2501//2501 2395//2395
f 2394//2394 2500//2500 2501//2501
f 2395//2395 2502//2502 2396//2396
f 2395//2395 2501//2501 2502//2502
f 2396//2396 2503//2503 2397//2397
f 2396//2396 2502//2502 2503//2503
f 2397//2397 2504//2504 2398//2398
f 2397//2397 2503//2503 2504//2504
f 2398//2398 2505//2505 2399//2399
f 2398//2398 2504//2504 2505//2505
f 2399//2399 2506//2506 2400//2400
f 2399//2399 2505//2505 2506//2506
f 2400//2400 2507//2507 2401//2401
f 2400//2400 2506//2506 2507//2507
f 2401//2401 2508//2508 2402//2402
f 2401//2401 2507//2507 2508//2508
f 2402//2402 2509//2509 2403//2403
f 2402//2402 2508//2508 2509//2509
f 2403//2403 2510//2510 2404//2404
f 2403//2403 2509//2509 2510//2510
f 2404//2404 2511//2511 2405//2405
f 2404//2404 2510//2510 2511//2511
f 2405//2405 2512//2512 2406//2406
f 2405//2405 2511//2511 2512//2512
f 2406//2406 2513//2513 2407//2407
f 2406//2406 2512//2512 2513//2513
f 2407//2407 2514//2514 2408//2408
f 2407//2407 2513//2513 2514//2514
f 2408//2408 2515//2515 2409//2409
f 2408//2408 2514//2514 2515//2515
f 2409//2409 2516//2516 2410//2410
f 2409//2409 2515//2515 2516//2516
f 2410//2410 2517//2517 2411//2411
f 2410//2410 2516//2516 2517//2517
f 2411//2411 2518//2518 2412//2412
f 2411//2411 2517//2517 2518//2518
f 2412//2412 2519//2519 2413//2413
f 2412//2412 2518//2518 2519//2519
f 2413//2413 2520//2520 2414//2414
f 2413//2413 2519//2519 2520//2520
f 2414//2414 2521//2521 2415//2415
f 2414//2414 2520//2520 2521//2521
f 2415//2415 2522//2522 2416//2416
f 2415//2415 2521//2521 2522//2522
f 2416//2416 2523//2523 2417//2417
f 2416//2416 2522//2522 2523//2523
f 2417//2417 2524//2524 2418//2418
f 2417//2417 2523//2523 2524//2524
f 2418//2418 2525//2525 2419//2419
f 2418//2418 2524//2524 2525//2525
f 2419//2419 2526//2526 2420//2420
f 2419//2419 2525//2525 2526//2526
f 2420//2420 2527//2527 2421//2421
f 2420//2420 2526//2526 2527//2527
f 2421//2421 2528//2528 2422//2422
f 2421//2421 2527//2527 2528//2528
f 2422//2422 2529//2529 2423//2423
f 2422//2422 2528//2528 2529//2529
f 2423//2423 2530//2530 2424//2424
f 2423//2423 2529//2529 2530//2530
f 2424//2424 2531//2531 2425//2425
f 2424//2424 2530//2530 2531//2531
f 2425//2425 2532//2532 2426//2426
f 2425//2425 2531//2531 2532//2532
f 2426//2426 2533//2533 2427//2427
f 2426//2426 2532//2532 2533//2533
f 2427//2427 2534//2534 2428//2428
f 2427//2427 2533//2533 2534//2534
f 2428//2428 2535//2535 2429//2429
f 2428//2428 2534//2534 2535//2535
f 2429//2429 2536//2536 2430//2430
f 2429//2429 2535//2535 2536//2536
f 2430//2430 2537//2537 2431//2431
f 2430//2430 2536//2536 2537//2537
f 2431//2431 2538//2538 2432//2432
f 2431//2431 2537//2537 2538//2538
f 2432//2432 2539//2539 2433//2433
f 2432//2432 2538//2538 2539//2539
f 2433//2433 2540//2540 2434//2434
f 2433//2433 2539//2539 2540//2540
f 2434//2434 2541//2541 2435//2435
f 2434//2434 2540//2540 2541//2541
f 2435//2435 2542//2542 2436//2436
f 2435//2435 2541//2541 2542//2542
f 2436//2436 2543//2543 2437//2437
f 2436//2436 2542//2542 2543//2543
f 2437//2437 2544//2544 2438//2438
f 2437//2437 2543//2543 2544//2544
f 2438//2438 2545//2545 2439//2439
f 2438//2438 2544//2544 2545//2545
f 2439//2439 2546//2546 2440//2440
f 2439//2439 2545//2545 2546//2546
f 2440//2440 2546//2546 214//214
f 1//1 2547//2547 2441//2441
f 2441//2441 2548//2548 2442//2442
f 2441//2441 2547//2547 2548//2548
f 2442//2442 2549//2549 2443//2443
f 2442//2442 2548//2548 2549//2549
f 2443//2443 2550//2550 2444//2444
f 2443//2443 2549//2549 2550//2550
f 2444//2444 2551//2551 2445//2445
f 2444//2444 2550//2550 2551//2551
f 2445//2445 2552//2552 2446//2446
f 2445//2445 2551//2551 2552//2552
f 2446//2446 2553//2553 2447//2447
f 2446//2446 2552//2552 2553//2553
f 2447//2447 2554//2554 2448//2448
f 2447//2447 2553//2553 2554//2554
f 2448//2448 2555//2555 2449//2449
f 2448//2448 2554//2554 2555//2555
f 2449//2449 2556//2556 2450//2450
f 2449//2449 2555//2555 2556//2556
f 2450//2450 2557//2557 2451//2451
f 2450//2450 2556//2556 2557//2557
f 2451//2451 2558//2558 2452//2452
f 2451//2451 2557//2557 2558//2558
f 2452//2452 2559//2559 2453//2453
f 2452//2452 2558//2558 2559//2559
f 2453//2453 2560//2560 2454//2454
f 2453//2453 2559//2559 2560//2560
f 2454//2454 2561//2561 2455//2455
f 2454//2454 2560//2560 2561//2561
f 2455//2455 2562//2562 2456//2456
f 2455//2455 2561//2561 2562//2562
f 2456//2456 2563//2563 2457//2457
f 2456//2456 2562//2562 2563//2563
f 2457//2457 2564//2564 2458//2458
f 2457//2457 2563//2563 2564//2564
f 2458//2458 2565//2565 2459//2459
f 2458//2458 2564//2564 2565//2565
f 2459//2459 2566//2566 2460//2460
f 2459//2459 2565//2565 2566//2566
f 2460//2460 2567//2567 2461//2461
f 2460//2460 2566//2566 2567//2567
f 2461//2461 2568//2568 2462//2462
f 2461//2461 2567//2567 2568//2568
f 2462//2462 2569//2569 2463//2463
f 2462//2462 2568//2568 2569//2569
f 2463//2463 2570//2570 2464//2464
f 2463//2463 2569//2569 2570//2570
f 2464//2464 2571//2571 2465//2465
f 2464//2464 2570//2570 2571//2571
f 2465//2465 2572//2572 2466//2466
f 2465//2465 2571//2571 2572//2572
f 2466//2466 2573//2573 2467//2467
f 2466//2466 2572//2572 2573//2573
f 2467//2467 2574//2574 2468//2468
f 2467//2467 2573//2573 2574//2574
f 2468//2468 2575//2575 2469//2469
f 2468//2468 2574//2574 2575//2575
f 2469//2469 2576//2576 2470//2470
f 2469//2469 2575//2575 2576//2576
f 2470//2470 2577//2577 2471//2471
f 2470//2470 2576//2576 2577//2577
f 2471//2471 2578//2578 2472//2472
f 2471//2471 2577//2577 2578//2578
f 2472//2472 2579//2579 2473//2473
f 2472//2472 2578//2578 2579//2579
f 2473//2473 2580//2580 2474//2474
f 2473//2473 2579//2579 2580//2580
f 2474//2474 2581//2581 2475//2475
f 2474//2474 2580//2580 2581//2581
f 2475//2475 2582//2582 2476//2476
f 2475//2475 2581//2581 2582//2582
f 2476//2476 2583//2583 2477//2477
f 2476//2476 2582//2582 2583//2583
f 2477//2477 2584//2584 2478//2478
f 2477//2477 2583//2583 2584//2584
f 2478//2478 2585//2585 2479//2479
f 2478//2478 2584//2584 2585//2585
f 2479//2479 2586//2586 2480//2480
f 2479//2479 2585//2585 2586//2586
f 2480//2480 2587//2587 2481//2481
f 2480//2480 2586//2586 2587//2587
f 2481//2481 2588//2588 2482//2482
f 2481//2481 2587//2587 2588//2588
f 2482//2482 2589//2589 2483//2483
f 2482//2482 2588//2588 2589//2589
f 2483//2483 2590//2590 2484//2484
f 2483//2483 2589//2589 2590//2590
f 2484//2484 2591//2591 2485//2485
f 2484//2484 2590//2590 2591//2591
f 2485//2485 2592//2592 2486//2486
f 2485//2485 2591//2591 2592//2592
f 2486//2486 2593//2593 2487//2487
f 2486//2486 2592//2592 2593//2593
f 2487//2487 2594//2594 2488//2488
f 2487//2487 2593//2593 2594//2594
f 2488//2488 2595//2595 2489//2489
f 2488//2488 2594//2594 2595//2595
f 2489//2489 2596//2596 2490//2490
f 2489//2489 2595//2595 2596//2596
f 2490//2490 2597//2597 2491//2491
f 2490//2490 2596//2596 2597//2597
f 2491//2491 2598//2598 2492//2492
f 2491//2491 2597//2597 2598//2598
f 2492//2492 2599//2599 2493//2493
f 2492//2492 2598//2598 2599//2599
f 2493//2493 2600//2600 2494//2494
f 2493//2493 2599//2599 2600//2600
f 2494//2494 2601//2601 2495//2495
f 2494//2494 2600//2600 2601//2601
f 2495//2495 2602//2602 2496//2496
f 2495//2495 2601//2601 2602//2602
f 2496//2496 2603//2603 2497//2497
f 2496//2496 2602//2602 2603//2603
f 2497//2497 2604//2604 2498//2498
f 2497//2497 2603//2603 2604//2604
f 2498//2498 2605//2605 2499//2499
f 2498//2498 2604//2604 2605//2605
f 2499//2499 2606//2606 2500//2500
f 2499//2499 2605//2605 2606//2606
f 2500//2500 2607//2607 2501//2501
f 2500//2500 2606//2606 2607//2607
f 2501//2501 2608//2608 2502//2502
f 2501//2501 2607//2607 2608//2608
f 2502//2502 2609//2609 2503//2503
f 2502//2502 2608//2608 2609//2609
f 2503//2503 2610//2610 2504//2504
f 2503//2503 2609//2609 2610//2610
f 2504//2504 2611//2611 2505//2505
f 2504//2504 2610//2610 2611//2611
f 2505//2505 2612//2612 2506//2506
f 2505//2505 2611//2611 2612//2612
f 2506//2506 2613//2613 2507//2507
f 2506//2506 2612//2612 2613//2613
f 2507//2507 2614//2614 2508//2508
f 2507//2507 2613//2613 2614//2614
f 2508//2508 2615//2615 2509//2509
f 2508//2508 2614//2614 2615//2615
f 2509//2509 2616//2616 2510//2510
f 2509//2509 2615//2615 2616//2616
f 2510//2510 2617//2617 2511//2511
f 2510//2510 2616//2616 2617//2617
f 2511//2511 2618//2618 2512//2512
f 2511//2511 2617//2617 2618//2618
f 2512//2512 2619//2619 2513//2513
f 2512//2512 2618//2618 2619//2619
f 2513//2513 2620//2620 2514//2514
f 2513//2513 2619//2619 2620//2620
f 2514//2514 2621//2621 2515//2515
f 2514//2514 2620//2620 2621//2621
f 2515//2515 2622//2622 2516//2516
f 2515//2515 2621//2621 2622//2622
f 2516//2516 2623//2623 2517//2517
f 2516//2516 2622//2622 2623//2623
f 2517//2517 2624//2624 2518//2518
f 2517//2517 2623//2623 2624//2624
f 2518//2518 2625//2625 2519//2519
f 2518//2518 2624//2624 2625//2625
f 2519//2519 2626//2626 2520//2520
f 2519//2519 2625//2625 2626//2626
f 2520//2520 2627//2627 2521//2521
f 2520//2520 2626//2626 2627//2627
f 2521//2521 2628//2628 2522//2522
f 2521//2521 2627//2627 2628//2628
f 2522//2522 2629//2629 2523//2523
f 2522//2522 2628//2628 2629//2629
f 2523//2523 2630//2630 2524//2524
f 2523//2523 2629//2629 2630//2630
f 2524//2524 2631//2631 2525//2525
f 2524//2524 2630//2630 2631//2631
f 2525//2525 2632//2632 2526//2526
f 2525//2525 2631//2631 2632//2632
f 2526//2526 2633//2633 2527//2527
f 2526//2526 2632//2632 2633//2633
f 2527//2527 2634//2634 2528//2528
f 2527//2527 2633//2633 2634//2634
f 2528//2528 2635//2635 2529//2529
f 2528//2528 2634//2634 2635//2635
f 2529//2529 2636//2636 2530//2530
f 2529//2529 2635//2635 2636//2636
f 2530//2530 2637//2637 2531//2531
f 2530//2530 2636//2636 2637//2637
f 2531//2531 2638//2638 2532//2532
f 2531//2531 2637//2637 2638//2638
f 2532//2532 2639//2639 2533//2533
f 2532//2532 2638//2638 2639//2639
f 2533//2533 2640//2640 2534//2534
f 2533//2533 2639//2639 2640//2640
f 2534//2534 2641//2641 2535//2535
f 2534//2534 2640//2640 2641//2641
f 2535//2535 2642//2642 2536//2536
f 2535//2535 2641//2641 2642//2642
f 2536//2536 2643//2643 2537//2537
f 2536//2536 2642//2642 2643//2643
f 2537//2537 2644//2644 2538//2538
f 2537//2537 2643//2643 2644//2644
f 2538//2538 2645//2645 2539//2539
f 2538//2538 2644//2644 2645//2645
f 2539//2539 2646//2646 2540//2540
f 2539//2539 2645//2645 2646//2646
f 2540//2540 2647//2647 2541//2541
f 2540//2540 2646//2646 2647//2647
f 2541//2541 2648//2648 2542//2542
f 2541//2541 2647//2647 2648//2648
f 2542//2542 2649//2649 2543//2543
f 2542//2542 2648//2648 2649//2649
f 2543//2543 2650//2650 2544//2544
f 2543//2543 2649//2649 2650//2650
f 2544//2544 2651//2651 2545//2545
f 2544//2544 2650//2650 2651//2651
f 2545//2545 2652//2652 2546//2546
f 2545//2545 2651//2651 2652//2652
f 2546//2546 2652//2652 214//214
f 1//1 2653//2653 2547//2547
f 2547//2547 2654//2654 2548//2548
f 2547//2547 2653//2653 2654//2654
f 2548//2548 2655//2655 2549//2549
f 2548//2548 2654//2654 2655//2655
f 2549//2549 2656//2656 2550//2550
f 2549//2549 2655//2655 2656//2656
f 2550//2550 2657//2657 2551//2551
f 2550//2550 2656//2656 2657//2657
f 2551//2551 2658//2658 2552//2552
f 2551//2551 2657//2657 2658//2658
f 2552//2552 2659//2659 2553//2553
f 2552//2552 2658//2658 2659//2659
f 2553//2553 2660//2660 2554//2554
f 2553//2553 2659//2659 2660//2660
f 2554//2554 2661//2661 2555//2555
f 2554//2554 2660//2660 2661//2661
f 2555//2555 2662//2662 2556//2556
f 2555//2555 2661//2661 2662//2662
f 2556//2556 2663//2663 2557//2557
f 2556//2556 2662//2662 2663//2663
f 2557//2557 2664//2664 2558//2558
f 2557//2557 2663//2663 2664//2664
f 2558//2558 2665//2665 2559//2559
f 2558//2558 2664//2664 2665//2665
f 2559//2559 2666//2666 2560//2560
f 2559//2559 2665//2665 2666//2666
f 2560//2560 2667//2667 2561//2561
f 2560//2560 2666//2666 2667//2667
f 2561//2561 2668//2668 2562//2562
f 2561//2561 2667//2667 2668//2668
f 2562//2562 2669//2669 2563//2563
f 2562//2562 2668//2668 2669//2669
f 2563//2563 2670//2670 2564//2564
f 2563//2563 2669//2669 2670//2670
f 2564//2564 2671//2671 2565//2565
f 2564//2564 2670//2670 2671//2671
f 2565//2565 2672//2672 2566//2566
f 2565//2565 2671//2671 2672//2672
f 2566//2566 2673//2673 2567//2567
f 2566//2566 2672//2672 2673//2673
f 2567//2567 2674//2674 2568//2568
f 2567//2567 2673//2673 2674//2674
f 2568//2568 2675//2675 2569//2569
f 2568//2568 2674//2674 2675//2675
f 2569//2569 2676//2676 2570//2570
f 2569//2569 2675//2675 2676//2676
f 2570//2570 2677//2677 2571//2571
f 2570//2570 2676//2676 2677//2677
f 2571//2571 2678//2678 2572//2572
f 2571//2571 2677//2677 2678//2678
f 2572//2572 2679//2679 2573//2573
f 2572//2572 2678//2678 2679//2679
f 2573//2573 2680//2680 2574//2574
f 2573//2573 2679//2679 2680//2680
f 2574//2574 2681//2681 2575//2575
f 2574//2574 2680//2680 2681//2681
f 2575//2575 2682//2682 2576//2576
f 2575//2575 2681//2681 2682//2682
f 2576//2576 2683//2683 2577//2577
f 2576//2576 2682//2682 2683//2683
f 2577//2577 2684//2684 2578//2578
f 2577//2577 2683//2683 2684//2684
f 2578//2578 2685//2685 2579//2579
f 2578//2578 2684//2684 2685//2685
f 2579//2579 2686//2686 2580//2580
f 2579//2579 2685//2685 2686//2686
f 2580//2580 2687//2687 2581//2581
f 2580//2580 2686//2686 2687//2687
f 2581//2581 2688//2688 2582//2582
f 2581//2581 2687//2687 2688//2688
f 2582//2582 2689//2689 2583//2583
f 2582//2582 2688//2688 2689//2689
f 2583//2583 2690//2690 2584//2584
f 2583//2583 2689//2689 2690//2690
f 2584//2584 2691//2691 2585//2585
f 2584//2584 2690//2690 2691//2691
f 2585//2585 2692//2692 2586//2586
f 2585//2585 2691//2691 2692//2692
f 2586//2586 2693//2693 2587//2587
f 2586//2586 2692//2692 2693//2693
f 2587//2587 2694//2694 2588//2588
f 2587//2587 2693//2693 2694//2694
f 2588//2588 2695//2695 2589//2589
f 2588//2588 2694//2694 2695//2695
f 2589//2589 2696//2696 2590//2590
f 2589//2589 2695//2695 2696//2696
f 2590//2590 2697//2697 2591//2591
f 2590//2590 2696//2696 2697//2697
f 2591//2591 2698//2698 2592//2592
f 2591//2591 2697//2697 2698//2698
f 2592//2592 2699//2699 2593//2593
f 2592//2592 2698//2698 2699//2699
f 2593//2593 2700//2700 2594//2594
f 2593//2593 2699//2699 2700//2700
f 2594//2594 2701//2701 2595//2595
f 2594//2594 2700//2700 2701//2701
f 2595//2595 2702//2702 2596//2596
f 2595//2595 2701//2701 2702//2702
f 2596//2596 2703//2703 2597//2597
f 2596//2596 2702//2702 2703//2703
f 2597//2597 2704//2704 2598//2598
f 2597//2597 2703//2703 2704//2704
f 2598//2598 2705//2705 2599//2599
f 2598//2598 2704//2704 2705//2705
f 2599//2599 2706//2706 2600//2600
f 2599//2599 2705//2705 2706//2706
f 2600//2600 2707//2707 2601//2601
f 2600//2600 2706//2706 2707//2707
f 2601//2601 2708//2708 2602//2602
f 2601//2601 2707//2707 2708//2708
f 2602//2602 2709//2709 2603//2603
f 2602//2602 2708//2708 2709//2709
f 2603//2603 2710//2710 2604//2604
f 2603//2603 2709//2709 2710//2710
f 2604//2604 2711//2711 2605//2605
f 2604//2604 2710//2710 2711//2711
f 2605//2605 2712//2712 2606//2606
f 2605//2605 2711//2711 2712//2712
f 2606//2606 2713//2713 2607//2607
f 2606//2606 2712//2712 2713//2713
f 2607//2607 2714//2714 2608//2608
f 2607//2607 2713//2713 2714//2714
f 2608//2608 2715//2715 2609//2609
f 2608//2608 2714//2714 2715//2715
f 2609//2609 2716//2716 2610//2610
f 2609//2609 2715//2715 2716//2716
f 2610//2610 2717//2717 2611//2611
f 2610//2610 2716//2716 2717//2717
f 2611//2611 2718//2718 2612//2612
f 2611//2611 2717//2717 2718//2718
f 2612//2612 2719//2719 2613//2613
f 2612//2612 2718//2718 2719//2719
f 2613//2613 2720//2720 2614//2614
f 2613//2613 2719//2719 2720//2720
f 2614//2614 2721//2721 2615//2615
f 2614//2614 2720//2720 2721//2721
f 2615//2615 2722//2722 2616//2616
f 2615//2615 2721//2721 2722//2722
f 2616//2616 2723//2723 2617//2617
f 2616//2616 2722//2722 2723//2723
f 2617//2617 2724//2724 2618//2618
f 2617//2617 2723//2723 2724//2724
f 2618//2618 2725//2725 2619//2619
f 2618//2618 2724//2724 2725//2725
f 2619//2619 2726//2726 2620//2620
f 2619//2619 2725//2725 2726//2726
f 2620//2620 2727//2727 2621//2621
f 2620//2620 2726//2726 2727//2727
f 2621//2621 2728//2728 2622//2622
f 2621//2621 2727//2727 2728//2728
f 2622//2622 2729//2729 2623//2623
f 2622//2622 2728//2728 2729//2729
f 2623//2623 2730//2730 2624//2624
f 2623//2623 2729//2729 2730//2730
f 2624//2624 2731//2731 2625//2625
f 2624//2624 2730//2730 2731//2731
f 2625//2625 2732//2732 2626//2626
f 2625//2625 2731//2731 2732//2732
f 2626//2626 2733//2733 2627//2627
f 2626//2626 2732//2732 2733//2733
f 2627//2627 2734//2734 2628//2628
f 2627//2627 2733//2733 2734//2734
f 2628//2628 2735//2735 2629//2629
f 2628//2628 2734//2734 2735//2735
f 2629//2629 2736//2736 2630//2630
f 2629//2629 2735//2735 2736//2736
f 2630//2630 2737//2737 2631//2631
f 2630//2630 2736//2736 2737//2737
f 2631//2631 2738//2738 2632//2632
f 2631//2631 2737//2737 2738//2738
f 2632//2632 2739//2739 2633//2633
f 2632//2632 2738//2738 2739//2739
f 2633//2633 2740//2740 2634//2634
f 2633//2633 2739//2739 2740//2740
f 2634//2634 2741//2741 2635//2635
f 2634//2634 2740//2740 2741//2741
f 2635//2635 2742//2742 2636//2636
f 2635//2635 2741//2741 2742//2742
f 2636//2636 2743//2743 2637//2637
f 2636//2636 2742//2742 2743//2743
f 2637//2637 2744//2744 2638//2638
f 2637//2637 2743//2743 2744//2744
f 2638//2638 2745//2745 2639//2639
f 2638//2638 2744//2744 2745//2745
f 2639//2639 2746//2746 2640//2640
f 2639//2639 2745//2745 2746//2746
f 2640//2640 2747//2747 2641//2641
f 2640//2640 2746//2746 2747//2747
f 2641//2641 2748//2748 2642//2642
f 2641//2641 2747//2747 2748//2748
f 2642//2642 2749//2749 2643//2643
f 2642//2642 2748//2748 2749//2749
f 2643//2643 2750//2750 2644//2644
f 2643//2643 2749//2749 2750//2750
f 2644//2644 2751//2751 2645//2645
f 2644//2644 2750//2750 2751//2751
f 2645//2645 2752//2752 2646//2646
f 2645//2645 2751//2751 2752//2752
f 2646//2646 2753//2753 2647//2647
f 2646//2646 2752//2752 2753//2753
f 2647//2647 2754//2754 2648//2648
f 2647//2647 2753//2753 2754//2754
f 2648//2648 2755//2755 2649//2649
f 2648//2648 2754//2754 2755//2755
f 2649//2649 2756//2756 2650//2650
f 2649//2649 2755//2755 2756//2756
f 2650//2650 2757//2757 2651//2651
f 2650//2650 2756//2756 2757//2757
f 2651//2651 2758//2758 2652//2652
f 2651//2651 2757//2757 2758//2758
f 2652//2652 2758//2758 214//214
f 1//1 2759//2759 2653//2653
f 2653//2653 2760//2760 2654//2654
f 2653//2653 2759//2759 2760//2760
f 2654//2654 2761//2761 2655//2655
f 2654//2654 2760//2760 2761//2761
f 2655//2655 2762//2762 2656//2656
f 2655//2655 2761//2761 2762//2762
f 2656//2656 2763//2763 2657//2657
f 2656//2656 2762//2762 2763//2763
f 2657//2657 2764//2764 2658//2658
f 2657//2657 2763//2763 2764//2764
f 2658//2658 2765//2765 2659//2659
f 2658//2658 2764//2764 2765//2765
f 2659//2659 2766//2766 2660//2660
f 2659//2659 2765//2765 2766//2766
f 2660//2660 2767//2767 2661//2661
f 2660//2660 2766//2766 2767//2767
f 2661//2661 2768//2768 2662//2662
f 2661//2661 2767//2767 2768//2768
f 2662//2662 2769//2769 2663//2663
f 2662//2662 2768//2768 2769//2769
f 2663//2663 2770//2770 2664//2664
f 2663//2663 2769//2769 2770//2770
f 2664//2664 2771//2771 2665//2665
f 2664//2664 2770//2770 2771//2771
f 2665//2665 2772//2772 2666//2666
f 2665//2665 2771//2771 2772//2772
f 2666//2666 2773//2773 2667//2667
f 2666//2666 2772//2772 2773//2773
f 2667//2667 2774//2774 2668//2668
f 2667//2667 2773//2773 2774//2774
f 2668//2668 2775//2775 2669//2669
f 2668//2668 2774//2774 2775//2775
f 2669//2669 2776//2776 2670//2670
f 2669//2669 2775//2775 2776//2776
f 2670//2670 2777//2777 2671//2671
f 2670//2670 2776//2776 2777//2777
f 2671//2671 2778//2778 2672//2672
f 2671//2671 2777//2777 2778//2778
f 2672//2672 2779//2779 2673//2673
f 2672//2672 2778//2778 2779//2779
f 2673//2673 2780//2780 2674//2674
f 2673//2673 2779//2779 2780//2780
f 2674//2674 2781//2781 2675//2675
f 2674//2674 2780//2780 2781//2781
f 2675//2675 2782//2782 2676//2676
f 2675//2675 2781//2781 2782//2782
f 2676//2676 2783//2783 2677//2677
f 2676//2676 2782//2782 2783//2783
f 2677//2677 2784//2784 2678//2678
f 2677//2677 2783//2783 2784//2784
f 2678//2678 2785//2785 2679//2679
f 2678//2678 2784//2784 2785//2785
f 2679//2679 2786//2786 2680//2680
f 2679//2679 2785//2785 2786//2786
f 2680//2680 2787//2787 2681//2681
f 2680//2680 2786//2786 2787//2787
f 2681//2681 2788//2788 2682//2682
f 2681//2681 2787//2787 2788//2788
f 2682//2682 2789//2789 2683//2683
f 2682//2682 2788//2788 2789//2789
f 2683//2683 2790//2790 2684//2684
f 2683//2683 2789//2789 2790//2790
f 2684//2684 2791//2791 2685//2685
f 2684//2684 2790//2790 2791//2791
f 2685//2685 2792//2792 2686//2686
f 2685//2685 2791//2791 2792//2792
f 2686//2686 2793//2793 2687//2687
f 2686//2686 2792//2792 2793//2793
f 2687//2687 2794//2794 2688//2688
f 2687//2687 2793//2793 2794//2794
f 2688//2688 2795//2795 2689//2689
f 2688//2688 2794//2794 2795//2795
f 2689//2689 2796//2796 2690//2690
f 2689//2689 2795//2795 2796//2796
f 2690//2690 2797//2797 2691//2691
f 2690//2690 2796//2796 2797//2797
f 2691//2691 2798//2798 2692//2692
f 2691//2691 2797//2797 2798//2798
f 2692//2692 2799//2799 2693//2693
f 2692//2692 2798//2798 2799//2799
f 2693//2693 2800//2800 2694//2694
f 2693//2693 2799//2799 2800//2800
f 2694//2694 2801//2801 2695//2695
f 2694//2694 2800//2800 2801//2801
f 2695//2695 2802//2802 2696//2696
f 2695//2695 2801//2801 2802//2802
f 2696//2696 2803//2803 2697//2697
f 2696//2696 2802//2802 2803//2803
f 2697//2697 2804//2804 2698//2698
f 2697//2697 2803//2803 2804//2804
f 2698//2698 2805//2805 2699//2699
f 2698//2698 2804//2804 2805//2805
f 2699//2699 2806//2806 2700//2700
f 2699//2699 2805//2805 2806//2806
f 2700//2700 2807//2807 2701//2701
f 2700//2700 2806//2806 2807//2807
f 2701//2701 2808//2808 2702//2702
f 2701//2701 2807//2807 2808//2808
f 2702//2702 2809//2809 2703//2703
f 2702//2702 2808//2808 2809//2809
f 2703//2703 2810//2810 2704//2704
f 2703//2703 2809//2809 2810//2810
f 2704//2704 2811//2811 2705//2705
f 2704//2704 2810//2810 2811//2811
f 2705//2705 2812//2812 2706//2706
f 2705//2705 2811//2811 2812//2812
f 2706//2706 2813//2813 2707//2707
f 2706//2706 2812//2812 2813//2813
f 2707//2707 2814//2814 2708//2708
f 2707//2707 2813//2813 2814//2814
f 2708//2708 2815//2815 2709//2709
f 2708//2708 2814//2814 2815//2815
f 2709//2709 2816//2816 2710//2710
f 2709//2709 2815//2815 2816//2816
f 2710//2710 2817//2817 2711//2711
f 2710//2710 2816//2816 2817//2817
f 2711//2711 2818//2818 2712//2712
f 2711//2711 2817//2817 2818//2818
f 2712//2712 2819//2819 2713//2713
f 2712//2712 2818//2818 2819//2819
f 2713//2713 2820//2820 2714//2714
f 2713//2713 2819//2819 2820//2820
f 2714//2714 2821//2821 2715//2715
f 2714//2714 2820//2820 2821//2821
f 2715//2715 2822//2822 2716//2716
f 2715//2715 2821//2821 2822//2822
f 2716//2716 2823//2823 2717//2717
f 2716//2716 2822//2822 2823//2823
f 2717//2717 2824//2824 2718//2718
f 2717//2717 2823//2823 2824//2824
f 2718//2718 2825//2825 2719//2719
f 2718//2718 2824//2824 2825//2825
f 2719//2719 2826//2826 2720//2720
f 2719//2719 2825//2825 2826//2826
f 2720//2720 2827//2827 2721//2721
f 2720//2720 2826//2826 2827//2827
f 2721//2721 2828//2828 2722//2722
f 2721//2721 2827//2827 2828//2828
f 2722//2722 2829//2829 2723//2723
f 2722//2722 2828//2828 2829//2829
f 2723//2723 2830//2830 2724//2724
f 2723//2723 2829//2829 2830//2830
f 2724//2724 2831//2831 2725//2725
f 2724//2724 2830//2830 2831//2831
f 2725//2725 2832//2832 2726//2726
f 2725//2725 2831//2831 2832//2832
f 2726//2726 2833//2833 2727//2727
f 2726//2726 2832//2832 2833//2833
f 2727//2727 2834//2834 2728//2728
f 2727//2727 2833//2833 2834//2834
f 2728//2728 2835//2835 2729//2729
f 2728//2728 2834//2834 2835//2835
f 2729//2729 2836//2836 2730//2730
f 2729//2729 2835//2835 2836//2836
f 2730//2730 2837//2837 2731//2731
f 2730//2730 2836//2836 2837//2837
f 2731//2731 2838//2838 2732//2732
f 2731//2731 2837//2837 2838//2838
f 2732//2732 2839//2839 2733//2733
f 2732//2732 2838//2838 2839//2839
f 2733//2733 2840//2840 2734//2734
f 2733//2733 2839//2839 2840//2840
f 2734//2734 2841//2841 2735//2735
f 2734//2734 2840//2840 2841//2841
f 2735//2735 2842//2842 2736//2736
f 2735//2735 2841//2841 2842//2842
f 2736//2736 2843//2843 2737//2737
f 2736//2736 2842//2842 2843//2843
f 2737//2737 2844//2844 2738//2738
f 2737//2737 2843//2843 2844//2844
f 2738//2738 2845//2845 2739//2739
f 2738//2738 2844//2844 2845//2845
f 2739//2739 2846//2846 2740//2740
f 2739//2739 2845//2845 2846//2846
f 2740//2740 2847//2847 2741//2741
f 2740//2740 2846//2846 2847//2847
f 2741//2741 2848//2848 2742//2742
f 2741//2741 2847//2847 2848//2848
f 2742//2742 2849//2849 2743//2743
f 2742//2742 2848//2848 2849//2849
f 2743//2743 2850//2850 2744//2744
f 2743//2743 2849//2849 2850//2850
f 2744//2744 2851//2851 2745//2745
f 2744//2744 2850//2850 2851//2851
f 2745//2745 2852//2852 2746//2746
f 2745//2745 2851//2851 2852//2852
f 2746//2746 2853//2853 2747//2747
f 2746//2746 2852//2852 2853//2853
f 2747//2747 2854//2854 2748//2748
f 2747//2747 2853//2853 2854//2854
f 2748//2748 2855//2855 2749//2749
f 2748//2748 2854//2854 2855//2855
f 2749//2749 2856//2856 2750//2750
f 2749//2749 2855//2855 2856//2856
f 2750//2750 2857//2857 2751//2751
f 2750//2750 2856//2856 2857//2857
f 2751//2751 2858//2858 2752//2752
f 2751//2751 2857//2857 2858//2858
f 2752//2752 2859//2859 2753//2753
f 2752//2752 2858//2858 2859//2859
f 2753//2753 2860//2860 2754//2754
f 2753//2753 2859//2859 2860//2860
f 2754//2754 2861//2861 2755//2755
f 2754//2754 2860//2860 2861//2861
f 2755//2755 2862//2862 2756//2756
f 2755//2755 2861//2861 2862//2862
f 2756//2756 2863//2863 2757//2757
f 2756//2756 2862//2862 2863//2863
f 2757//2757 2864//2864 2758//2758
f 2757//2757 2863//2863 2864//2864
f 2758//2758 2864//2864 214//214
f 1//1 2865//2865 2759//2759
f 2759//2759 2866//2866 2760//2760
f 2759//2759 2865//2865 2866//2866
f 2760//2760 2867//2867 2761//2761
f 2760//2760 2866//2866 2867//2867
f 2761//2761 2868//2868 2762//2762
f 2761//2761 2867//2867 2868//2868
f 2762//2762 2869//2869 2763//2763
f 2762//2762 2868//2868 2869//2869
f 2763//2763 2870//2870 2764//2764
f 2763//2763 2869//2869 2870//2870
f 2764//2764 2871//2871 2765//2765
f 2764//2764 2870//2870 2871//2871
f 2765//2765 2872//2872 2766//2766
f 2765//2765 2871//2871 2872//2872
f 2766//2766 2873//2873 2767//2767
f 2766//2766 2872//2872 2873//2873
f 2767//2767 2874//2874 2768//2768
f 2767//2767 2873//2873 2874//2874
f 2768//2768 2875//2875 2769//2769
f 2768//2768 2874//2874 2875//2875
f 2769//2769 2876//2876 2770//2770
f 2769//2769 2875//2875 2876//2876
f 2770//2770 2877//2877 2771//2771
f 2770//2770 2876//2876 2877//2877
f 2771//2771 2878//2878 2772//2772
f 2771//2771 2877//2877 2878//2878
f 2772//2772 2879//2879 2773//2773
f 2772//2772 2878//2878 2879//2879
f 2773//2773 2880//2880 2774//2774
f 2773//2773 2879//2879 2880//2880
f 2774//2774 2881//2881 2775//2775
f 2774//2774 2880//2880 2881//2881
f 2775//2775 2882//2882 2776//2776
f 2775//2775 2881//2881 2882//2882
f 2776//2776 2883//2883 2777//2777
f 2776//2776 2882//2882 2883//2883
f 2777//2777 2884//2884 2778//2778
f 2777//2777 2883//2883 2884//2884
f 2778//2778 2885//2885 2779//2779
f 2778//2778 2884//2884 2885//2885
f 2779//2779 2886//2886 2780//2780
f 2779//2779 2885//2885 2886//2886
f 2780//2780 2887//2887 2781//2781
f 2780//2780 2886//2886 2887//2887
f 2781//2781 2888//2888 2782//2782
f 2781//2781 2887//2887 2888//2888
f 2782//2782 2889//2889 2783//2783
f 2782//2782 2888//2888 2889//2889
f 2783//2783 2890//2890 2784//2784
f 2783//2783 2889//2889 2890//2890
f 2784//2784 2891//2891 2785//2785
f 2784//2784 2890//2890 2891//2891
f 2785//2785 2892//2892 2786//2786
f 2785//2785 2891//2891 2892//2892
f 2786//2786 2893//2893 2787//2787
f 2786//2786 2892//2892 2893//2893
f 2787//2787 2894//2894 2788//2788
f 2787//2787 2893//2893 2894//2894
f 2788//2788 2895//2895 2789//2789
f 2788//2788 2894//2894 2895//2895
f 2789//2789 2896//2896 2790//2790
f 2789//2789 2895//2895 2896//2896
f 2790//2790 2897//2897 2791//2791
f 2790//2790 2896//2896 2897//2897
f 2791//2791 2898//2898 2792//2792
f 2791//2791 2897//2897 2898//2898
f 2792//2792 2899//2899 2793//2793
f 2792//2792 2898//2898 2899//2899
f 2793//2793 2900//2900 2794//2794
f 2793//2793 2899//2899 2900//2900
f 2794//2794 2901//2901 2795//2795
f 2794//2794 2900//2900 2901//2901
f 2795//2795 2902//2902 2796//2796
f 2795//2795 2901//2901 2902//2902
f 2796//2796 2903//2903 2797//2797
f 2796//2796 2902//2902 2903//2903
f 2797//2797 2904//2904 2798//2798
f 2797//2797 2903//2903 2904//2904
f 2798//2798 2905//2905 2799//2799
f 2798//2798 2904//2904 2905//2905
f 2799//2799 2906//2906 2800//2800
f 2799//2799 2905//2905 2906//2906
f 2800//2800 2907//2907 2801//2801
f 2800//2800 2906//2906 2907//2907
f 2801//2801 2908//2908 2802//2802
f 2801//2801 2907//2907 2908//2908
f 2802//2802 2909//2909 2803//2803
f 2802//2802 2908//2908 2909//2909
f 2803//2803 2910//2910 2804//2804
f 2803//2803 2909//2909 2910//2910
f 2804//2804 2911//2911 2805//2805
f 2804//2804 2910//2910 2911//2911
f 2805//2805 2912//2912 2806//2806
f 2805//2805 2911//2911 2912//2912
f 2806//2806 2913//2913 2807//2807
f 2806//2806 2912//2912 2913//2913
f 2807//2807 2914//2914 2808//2808
f 2807//2807 2913//2913 2914//2914
f 2808//2808 2915//2915 2809//2809
f 2808//2808 2914//2914 2915//2915
f 2809//2809 2916//2916 2810//2810
f 2809//2809 2915//2915 2916//2916
f 2810//2810 2917//2917 2811//2811
f 2810//2810 2916//2916 2917//2917
f 2811//2811 2918//2918 2812//2812
f 2811//2811 2917//2917 2918//2918
f 2812//2812 2919//2919 2813//2813
f 2812//2812 2918//2918 2919//2919
f 2813//2813 2920//2920 2814//2814
f 2813//2813 2919//2919 2920//2920
f 2814//2814 2921//2921 2815//2815
f 2814//2814 2920//2920 2921//2921
f 2815//2815 2922//2922 2816//2816
f 2815//2815 2921//2921 2922//2922
f 2816//2816 2923//2923 2817//2817
f 2816//2816 2922//2922 2923//2923
f 2817//2817 2924//2924 2818//2818
f 2817//2817 2923//2923 2924//2924
f 2818//2818 2925//2925 2819//2819
f 2818//2818 2924//2924 2925//2925
f 2819//2819 2926//2926 2820//2820
f 2819//2819 2925//2925 2926//2926
f 2820//2820 2927//2927 2821//2821
f 2820//2820 2926//2926 2927//2927
f 2821//2821 2928//2928 2822//2822
f 2821//2821 2927//2927 2928//2928
f 2822//2822 2929//2929 2823//2823
f 2822//2822 2928//2928 2929//2929
f 2823//2823 2930//2930 2824//2824
f 2823//2823 2929//2929 2930//2930
f 2824//2824 2931//2931 2825//2825
f 2824//2824 2930//2930 2931//2931
f 2825//2825 2932//2932 2826//2826
f 2825//2825 2931//2931 2932//2932
f 2826//2826 2933//2933 2827//2827
f 2826//2826 2932//2932 2933//2933
f 2827//2827 2934//2934 2828//2828
f 2827//2827 2933//2933 2934//2934
f 2828//2828 2935//2935 2829//2829
f 2828//2828 2934//2934 2935//2935
f 2829//2829 2936//2936 2830//2830
f 2829//2829 2935//2935 2936//2936
f 2830//2830 2937//2937 2831//2831
f 2830//2830 2936//2936 2937//2937
f 2831//2831 2938//2938 2832//2832
f 2831//2831 2937//2937 2938//2938
f 2832//2832 2939//2939 2833//2833
f 2832//2832 2938//2938 2939//2939
f 2833//2833 2940//2940 2834//2834
f 2833//2833 2939//2939 2940//2940
f 2834//2834 2941//2941 2835//2835
f 2834//2834 2940//2940 2941//2941
f 2835//2835 2942//2942 2836//2836
f 2835//2835 2941//2941 2942//2942
f 2836//2836 2943//2943 2837//2837
f 2836//2836 2942//2942 2943//2943
f 2837//2837 2944//2944 2838//2838
f 2837//2837 2943//2943 2944//2944
f 2838//2838 2945//2945 2839//2839
f 2838//2838 2944//2944 2945//2945
f 2839//2839 2946//2946 2840//2840
f 2839//2839 2945//2945 2946//2946
f 2840//2840 2947//2947 2841//2841
f 2840//2840 2946//2946 2947//2947
f 2841//2841 2948//2948 2842//2842
f 2841//2841 2947//2947 2948//2948
f 2842//2842 2949//2949 2843//2843
f 2842//2842 2948//2948 2949//2949
f 2843//2843 2950//2950 2844//2844
f 2843//2843 2949//2949 2950//2950
f 2844//2844 2951//2951 2845//2845
f 2844//2844 2950//2950 2951//2951
f 2845//2845 2952//2952 2846//2846
f 2845//2845 2951//2951 2952//2952
f 2846//2846 2953//2953 2847//2847
f 2846//2846 2952//2952 2953//2953
f 2847//2847 2954//2954 2848//2848
f 2847//2847 2953//2953 2954//2954
f 2848//2848 2955//2955 2849//2849
f 2848//2848 2954//2954 2955//2955
f 2849//2849 2956//2956 2850//2850
f 2849//2849 2955//2955 2956//2956
f 2850//2850 2957//2957 2851//2851
f 2850//2850 2956//2956 2957//2957
f 2851//2851 2958//2958 2852//2852
f 2851//2851 2957//2957 2958//2958
f 2852//2852 2959//2959 2853//2853
f 2852//2852 2958//2958 2959//2959
f 2853//2853 2960//2960 2854//2854
f 2853//2853 2959//2959 2960//2960
f 2854//2854 2961//2961 2855//2855
f 2854//2854 2960//2960 2961//2961
f 2855//2855 2962//2962 2856//2856
f 2855//2855 2961//2961 2962//2962
f 2856//2856 2963//2963 2857//2857
f 2856//2856 2962//2962 2963//2963
f 2857//2857 2964//2964 2858//2858
f 2857//2857 2963//2963 2964//2964
f 2858//2858 2965//2965 2859//2859
f 2858//2858 2964//2964 2965//2965
f 2859//2859 2966//2966 2860//2860
f 2859//2859 2965//2965 2966//2966
f 2860//2860 2967//2967 2861//2861
f 2860//2860 2966//2966 2967//2967
f 2861//2861 2968//2968 2862//2862
f 2861//2861 2967//2967 2968//2968
f 2862//2862 2969//2969 2863//2863
f 2862//2862 2968//2968 2969//2969
f 2863//2863 2970//2970 2864//2864
f 2863//2863 2969//2969 2970//2970
f 2864//2864 2970//2970 214//214
f 1//1 2971//2971 2865//2865
f 2865//2865 2972//2972 2866//2866
f 2865//2865 2971//2971 2972//2972
f 2866//2866 2973//2973 2867//2867
f 2866//2866 2972//2972 2973//2973
f 2867//2867 2974//2974 2868//2868
f 2867//2867 2973//2973 2974//2974
f 2868//2868 2975//2975 2869//2869
f 2868//2868 2974//2974 2975//2975
f 2869//2869 2976//2976 2870//2870
f 2869//2869 2975//2975 2976//2976
f 2870//2870 2977//2977 2871//2871
f 2870//2870 2976//2976 2977//2977
f 2871//2871 2978//2978 2872//2872
f 2871//2871 2977//2977 2978//2978
f 2872//2872 2979//2979 2873//2873
f 2872//2872 2978//2978 2979//2979
f 2873//2873 2980//2980 2874//2874
f 2873//2873 2979//2979 2980//2980
f 2874//2874 2981//2981 2875//2875
f 2874//2874 2980//2980 2981//2981
f 2875//2875 2982//2982 2876//2876
f 2875//2875 2981//2981 2982//2982
f 2876//2876 2983//2983 2877//2877
f 2876//2876 2982//2982 2983//2983
f 2877//2877 2984//2984 2878//2878
f 2877//2877 2983//2983 2984//2984
f 2878//2878 2985//2985 2879//2879
f 2878//2878 2984//2984 2985//2985
f 2879//2879 2986//2986 2880//2880
f 2879//2879 2985//2985 2986//2986
f 2880//2880 2987//2987 2881//2881
f 2880//2880 2986//2986 2987//2987
f 2881//2881 2988//2988 2882//2882
f 2881//2881 2987//2987 2988//2988
f 2882//2882 2989//2989 2883//2883
f 2882//2882 2988//2988 2989//2989
f 2883//2883 2990//2990 2884//2884
f 2883//2883 2989//2989 2990//2990
f 2884//2884 2991//2991 2885//2885
f 2884//2884 2990//2990 2991//2991
f 2885//2885 2992//2992 2886//2886
f 2885//2885 2991//2991 2992//2992
f 2886//2886 2993//2993 2887//2887
f 2886//2886 2992//2992 2993//2993
f 2887//2887 2994//2994 2888//2888
f 2887//2887 2993//2993 2994//2994
f 2888//2888 2995//2995 2889//2889
f 2888//2888 2994//2994 2995//2995
f 2889//2889 2996//2996 2890//2890
f 2889//2889 2995//2995 2996//2996
f 2890//2890 2997//2997 2891//2891
f 2890//2890 2996//2996 2997//2997
f 2891//2891 2998//2998 2892//2892
f 2891//2891 2997//2997 2998//2998
f 2892//2892 2999//2999 2893//2893
f 2892//2892 2998//2998 2999//2999
f 2893//2893 3000//3000 2894//2894
f 2893//2893 2999//2999 3000//3000
f 2894//2894 3001//3001 2895//2895
f 2894//2894 3000//3000 3001//3001
f 2895//2895 3002//3002 2896//2896
f 2895//2895 3001//3001 3002//3002
f 2896//2896 3003//3003 2897//2897
f 2896//2896 3002//3002 3003//3003
f 2897//2897 3004//3004 2898//2898
f 2897//2897 3003//3003 3004//3004
f 2898//2898 3005//3005 2899//2899
f 2898//2898 3004//3004 3005//3005
f 2899//2899 3006//3006 2900//2900
f 2899//2899 3005//3005 3006//3006
f 2900//2900 3007//3007 2901//2901
f 2900//2900 3006//3006 3007//3007
f 2901//2901 3008//3008 2902//2902
f 2901//2901 3007//3007 3008//3008
f 2902//2902 3009//3009 2903//2903
f 2902//2902 3008//3008 3009//3009
f 2903//2903 3010//3010 2904//2904
f 2903//2903 3009//3009 3010//3010
f 2904//2904 3011//3011 2905//2905
f 2904//2904 3010//3010 3011//3011
f 2905//2905 3012//3012 2906//2906
f 2905//2905 3011//3011 3012//3012
f 2906//2906 3013//3013 2907//2907
f 2906//2906 3012//3012 3013//3013
f 2907//2907 3014//3014 2908//2908
f 2907//2907 3013//3013 3014//3014
f 2908//2908 3015//3015 2909//2909
f 2908//2908 3014//3014 3015//3015
f 2909//2909 3016//3016 2910//2910
f 2909//2909 3015//3015 3016//3016
f 2910//2910 3017//3017 2911//2911
f 2910//2910 3016//3016 3017//3017
f 2911//2911 3018//3018 2912//2912
f 2911//2911 3017//3017 3018//3018
f 2912//2912 3019//3019 2913//2913
f 2912//2912 3018//3018 3019//3019
f 2913//2913 3020//3020 2914//2914
f 2913//2913 3019//3019 3020//3020
f 2914//2914 3021//3021 2915//2915
f 2914//2914 3020//3020 3021//3021
f 2915//2915 3022//3022 2916//2916
f 2915//2915 3021//3021 3022//3022
f 2916//2916 3023//3023 2917//2917
f 2916//2916 3022//3022 3023//3023
f 2917//2917 3024//3024 2918//2918
f 2917//2917 3023//3023 3024//3024
f 2918//2918 3025//3025 2919//2919
f 2918//2918 3024//3024 3025//3025
f 2919//2919 3026//3026 2920//2920
f 2919//2919 3025//3025 3026//3026
f 2920//2920 3027//3027 2921//2921
f 2920//2920 3026//3026 3027//3027
f 2921//2921 3028//3028 2922//2922
f 2921//2921 3027//3027 3028//3028
f 2922//2922 3029//3029 2923//2923
f 2922//2922 3028//3028 3029//3029
f 2923//2923 3030//3030 2924//2924
f 2923//2923 3029//3029 3030//3030
f 2924//2924 3031//3031 2925//2925
f 2924//2924 3030//3030 3031//3031
f 2925//2925 3032//3032 2926//2926
f 2925//2925 3031//3031 3032//3032
f 2926//2926 3033//3033 2927//2927
f 2926//2926 3032//3032 3033//3033
f 2927//2927 3034//3034 2928//2928
f 2927//2927 3033//3033 3034//3034
f 2928//2928 3035//3035 2929//2929
f 2928//2928 3034//3034 3035//3035
f 2929//2929 3036//3036 2930//2930
f 2929//2929 3035//3035 3036//3036
f 2930//2930 3037//3037 2931//2931
f 2930//2930 3036//3036 3037//3037
f 2931//2931 3038//3038 2932//2932
f 2931//2931 3037//3037 3038//3038
f 2932//2932 3039//3039 2933//2933
f 2932//2932 3038//3038 3039//3039
f 2933//2933 3040//3040 2934//2934
f 2933//2933 3039//3039 3040//3040
f 2934//2934 3041//3041 2935//2935
f 2934//2934 3040//3040 3041//3041
f 2935//2935 3042//3042 2936//2936
f 2935//2935 3041//3041 3042//3042
f 2936//2936 3043//3043 2937//2937
f 2936//2936 3042//3042 3043//3043
f 2937//2937 3044//3044 2938//2938
f 2937//2937 3043//3043 3044//3044
f 2938//2938 3045//3045 2939//2939
f 2938//2938 3044//3044 3045//3045
f 2939//2939 3046//3046 2940//2940
f 2939//2939 3045//3045 3046//3046
f 2940//2940 3047//3047 2941//2941
f 2940//2940 3046//3046 3047//3047
f 2941//2941 3048//3048 2942//2942
f 2941//2941 3047//3047 3048//3048
f 2942//2942 3049//3049 2943//2943
f 2942//2942 3048//3048 3049//3049
f 2943//2943 3050//3050 2944//2944
f 2943//2943 3049//3049 3050//3050
f 2944//2944 3051//3051 2945//2945
f 2944//2944 3050//3050 3051//3051
f 2945//2945 3052//3052 2946//2946
f 2945//2945 3051//3051 3052//3052
f 2946//2946 3053//3053 2947//2947
f 2946//2946 3052//3052 3053//3053
f 2947//2947 3054//3054 2948//2948
f 2947//2947 3053//3053 3054//3054
f 2948//2948 3055//3055 2949//2949
f 2948//2948 3054//3054 3055//3055
f 2949//2949 3056//3056 2950//2950
f 2949//2949 3055//3055 3056//3056
f 2950//2950 3057//3057 2951//2951
f 2950//2950 3056//3056 3057//3057
f 2951//2951 3058//3058 2952//2952
f 2951//2951 3057//3057 3058//3058
f 2952//2952 3059//3059 2953//2953
f 2952//2952 3058//3058 3059//3059
f 2953//2953 3060//3060 2954//2954
f 2953//2953 3059//3059 3060//3060
f 2954//2954 3061//3061 2955//2955
f 2954//2954 3060//3060 3061//3061
f 2955//2955 3062//3062 2956//2956
f 2955//2955 3061//3061 3062//3062
f 2956//2956 3063//3063 2957//2957
f 2956//2956 3062//3062 3063//3063
f 2957//2957 3064//3064 2958//2958
f 2957//2957 3063//3063 3064//3064
f 2958//2958 3065//3065 2959//2959
f 2958//2958 3064//3064 3065//3065
f 2959//2959 3066//3066 2960//2960
f 2959//2959 3065//3065 3066//3066
f 2960//2960 3067//3067 2961//2961
f 2960//2960 3066//3066 3067//3067
f 2961//2961 3068//3068 2962//2962
f 2961//2961 3067//3067 3068//3068
f 2962//2962 3069//3069 2963//2963
f 2962//2962 3068//3068 3069//3069
f 2963//2963 3070//3070 2964//2964
f 2963//2963 3069//3069 3070//3070
f 2964//2964 3071//3071 2965//2965
f 2964//2964 3070//3070 3071//3071
f 2965//2965 3072//3072 2966//2966
f 2965//2965 3071//3071 3072//3072
f 2966//2966 3073//3073 2967//2967
f 2966//2966 3072//3072 3073//3073
f 2967//2967 3074//3074 2968//2968
f 2967//2967 3073//3073 3074//3074
f 2968//2968 3075//3075 2969//2969
f 2968//2968 3074//3074 3075//3075
f 2969//2969 3076//3076 2970//2970
f 2969//2969 3075//3075 3076//3076
f 2970//2970 3076//3076 214//214
f 1//1 3077//3077 2971//2971
f 2971//2971 3078//3078 2972//2972
f 2971//2971 3077//3077 3078//3078
f 2972//2972 3079//3079 2973//2973
f 2972//2972 3078//3078 3079//3079
f 2973//2973 3080//3080 2974//2974
f 2973//2973 3079//3079 3080//3080
f 2974//2974 3081//3081 2975//2975
f 2974//2974 3080//3080 3081//3081
f 2975//2975 3082//3082 2976//2976
f 2975//2975 3081//3081 3082//3082
f 2976//2976 3083//3083 2977//2977
f 2976//2976 3082//3082 3083//3083
f 2977//2977 3084//3084 2978//2978
f 2977//2977 3083//3083 3084//3084
f 2978//2978 3085//3085 2979//2979
f 2978//2978 3084//3084 3085//3085
f 2979//2979 3086//3086 2980//2980
f 2979//2979 3085//3085 3086//3086
f 2980//2980 3087//3087 2981//2981
f 2980//2980 3086//3086 3087//3087
f 2981//2981 3088//3088 2982//2982
f 2981//2981 3087//3087 3088//3088
f 2982//2982 3089//3089 2983//2983
f 2982//2982 3088//3088 3089//3089
f 2983//2983 3090//3090 2984//2984
f 2983//2983 3089//3089 3090//3090
f 2984//2984 3091//3091 2985//2985
f 2984//2984 3090//3090 3091//3091
f 2985//2985 3092//3092 2986//2986
f 2985//2985 3091//3091 3092//3092
f 2986//2986 3093//3093 2987//2987
f 2986//2986 3092//3092 3093//3093
f 2987//2987 3094//3094 2988//2988
f 2987//2987 3093//3093 3094//3094
f 2988//2988 3095//3095 2989//2989
f 2988//2988 3094//3094 3095//3095
f 2989//2989 3096//3096 2990//2990
f 2989//2989 3095//3095 3096//3096
f 2990//2990 3097//3097 2991//2991
f 2990//2990 3096//3096 3097//3097
f 2991//2991 3098//3098 2992//2992
f 2991//2991 3097//3097 3098//3098
f 2992//2992 3099//3099 2993//2993
f 2992//2992 3098//3098 3099//3099
f 2993//2993 3100//3100 2994//2994
f 2993//2993 3099//3099 3100//3100
f 2994//2994 3101//3101 2995//2995
f 2994//2994 3100//3100 3101//3101
f 2995//2995 3102//3102 2996//2996
f 2995//2995 3101//3101 3102//3102
f 2996//2996 3103//3103 2997//2997
f 2996//2996 3102//3102 3103//3103
f 2997//2997 3104//3104 2998//2998
f 2997//2997 3103//3103 3104//3104
f 2998//2998 3105//3105 2999//2999
f 2998//2998 3104//3104 3105//3105
f 2999//2999 3106//3106 3000//3000
f 2999//2999 3105//3105 3106//3106
f 3000//3000 3107//3107 3001//3001
f 3000//3000 3106//3106 3107//3107
f 3001//3001 3108//3108 3002//3002
f 3001//3001 3107//3107 3108//3108
f 3002//3002 3109//3109 3003//3003
f 3002//3002 3108//3108 3109//3109
f 3003//3003 3110//3110 3004//3004
f 3003//3003 3109//3109 3110//3110
f 3004//3004 3111//3111 3005//3005
f 3004//3004 3110//3110 3111//3111
f 3005//3005 3112//3112 3006//3006
f 3005//3005 3111//3111 3112//3112
f 3006//3006 3113//3113 3007//3007
f 3006//3006 3112//3112 3113//3113
f 3007//3007 3114//3114 3008//3008
f 3007//3007 3113//3113 3114//3114
f 3008//3008 3115//3115 3009//3009
f 3008//3008 3114//3114 3115//3115
f 3009//3009 3116//3116 3010//3010
f 3009//3009 3115//3115 3116//3116
f 3010//3010 3117//3117 3011//3011
f 3010//3010 3116//3116 3117//3117
f 3011//3011 3118//3118 3012//3012
f 3011//3011 3117//3117 3118//3118
f 3012//3012 3119//3119 3013//3013
f 3012//3012 3118//3118 3119//3119
f 3013//3013 3120//3120 3014//3014
f 3013//3013 3119//3119 3120//3120
f 3014//3014 3121//3121 3015//3015
f 3014//3014 3120//3120 3121//3121
f 3015//3015 3122//3122 3016//3016
f 3015//3015 3121//3121 3122//3122
f 3016//3016 3123//3123 3017//3017
f 3016//3016 3122//3122 3123//3123
f 3017//3017 3124//3124 3018//3018
f 3017//3017 3123//3123 3124//3124
f 3018//3018 3125//3125 3019//3019
f 3018//3018 3124//3124 3125//3125
f 3019//3019 3126//3126 3020//3020
f 3019//3019 3125//3125 3126//3126
f 3020//3020 3127//3127 3021//3021
f 3020//3020 3126//3126 3127//3127
f 3021//3021 3128//3128 3022//3022
f 3021//3021 3127//3127 3128//3128
f 3022//3022 3129//3129 3023//3023
f 3022//3022 3128//3128 3129//3129
f 3023//3023 3130//3130 3024//3024
f 3023//3023 3129//3129 3130//3130
f 3024//3024 3131//3131 3025//3025
f 3024//3024 3130//3130 3131//3131
f 3025//3025 3132//3132 3026//3026
f 3025//3025 3131//3131 3132//3132
f 3026//3026 3133//3133 3027//3027
f 3026//3026 3132//3132 3133//3133
f 3027//3027 3134//3134 3028//3028
f 3027//3027 3133//3133 3134//3134
f 3028//3028 3135//3135 3029//3029
f 3028//3028 3134//3134 3135//3135
f 3029//3029 3136//3136 3030//3030
f 3029//3029 3135//3135 3136//3136
f 3030//3030 3137//3137 3031//3031
f 3030//3030 3136//3136 3137//3137
f 3031//3031 3138//3138 3032//3032
f 3031//3031 3137//3137 3138//3138
f 3032//3032 3139//3139 3033//3033
f 3032//3032 3138//3138 3139//3139
f 3033//3033 3140//3140 3034//3034
f 3033//3033 3139//3139 3140//3140
f 3034//3034 3141//3141 3035//3035
f 3034//3034 3140//3140 3141//3141
f 3035//3035 3142//3142 3036//3036
f 3035//3035 3141//3141 3142//3142
f 3036//3036 3143//3143 3037//3037
f 3036//3036 3142//3142 3143//3143
f 3037//3037 3144//3144 3038//3038
f 3037//3037 3143//3143 3144//3144
f 3038//3038 3145//3145 3039//3039
f 3038//3038 3144//3144 3145//3145
f 3039//3039 3146//3146 3040//3040
f 3039//3039 3145//3145 3146//3146
f 3040//3040 3147//3147 3041//3041
f 3040//3040 3146//3146 3147//3147
f 3041//3041 3148//3148 3042//3042
f 3041//3041 3147//3147 3148//3148
f 3042//3042 3149//3149 3043//3043
f 3042//3042 3148//3148 3149//3149
f 3043//3043 3150//3150 3044//3044
f 3043//3043 3149//3149 3150//3150
f 3044//3044 3151//3151 3045//3045
f 3044//3044 3150//3150 3151//3151
f 3045//3045 3152//3152 3046//3046
f 3045//3045 3151//3151 3152//3152
f 3046//3046 3153//3153 3047//3047
f 3046//3046 3152//3152 3153//3153
f 3047//3047 3154//3154 3048//3048
f 3047//3047 3153//3153 3154//3154
f 3048//3048 3155//3155 3049//3049
f 3048//3048 3154//3154 3155//3155
f 3049//3049 3156//3156 3050//3050
f 3049//3049 3155//3155 3156//3156
f 3050//3050 3157//3157 3051//3051
f 3050//3050 3156//3156 3157//3157
f 3051//3051 3158//3158 3052//3052
f 3051//3051 3157//3157 3158//3158
f 3052//3052 3159//3159 3053//3053
f 3052//3052 3158//3158 3159//3159
f 3053//3053 3160//3160 3054//3054
f 3053//3053 3159//3159 3160//3160
f 3054//3054 3161//3161 3055//3055
f 3054//3054 3160//3160 3161//3161
f 3055//3055 3162//3162 3056//3056
f 3055//3055 3161//3161 3162//3162
f 3056//3056 3163//3163 3057//3057
f 3056//3056 3162//3162 3163//3163
f 3057//3057 3164//3164 3058//3058
f 3057//3057 3163//3163 3164//3164
f 3058//3058 3165//3165 3059//3059
f 3058//3058 3164//3164 3165//3165
f 3059//3059 3166//3166 3060//3060
f 3059//3059 3165//3165 3166//3166
f 3060//3060 3167//3167 3061//3061
f 3060//3060 3166//3166 3167//3167
f 3061//3061 3168//3168 3062//3062
f 3061//3061 3167//3167 3168//3168
f 3062//3062 3169//3169 3063//3063
f 3062//3062 3168//3168 3169//3169
f 3063//3063 3170//3170 3064//3064
f 3063//3063 3169//3169 3170//3170
f 3064//3064 3171//3171 3065//3065
f 3064//3064 3170//3170 3171//3171
f 3065//3065 3172//3172 3066//3066
f 3065//3065 3171//3171 3172//3172
f 3066//3066 3173//3173 3067//3067
f 3066//3066 3172//3172 3173//3173
f 3067//3067 3174//3174 3068//3068
f 3067//3067 3173//3173 3174//3174
f 3068//3068 3175//3175 3069//3069
f 3068//3068 3174//3174 3175//3175
f 3069//3069 3176//3176 3070//3070
f 3069//3069 3175//3175 3176//3176
f 3070//3070 3177//3177 3071//3071
f 3070//3070 3176//3176 3177//3177
f 3071//3071 3178//3178 3072//3072
f 3071//3071 3177//3177 3178//3178
f 3072//3072 3179//3179 3073//3073
f 3072//3072 3178//3178 3179//3179
f 3073//3073 3180//3180 3074//3074
f 3073//3073 3179//3179 3180//3180
f 3074//3074 3181//3181 3075//3075
f 3074//3074 3180//3180 3181//3181
f 3075//3075 3182//3182 3076//3076
f 3075//3075 3181//3181 3182//3182
f 3076//3076 3182//3182 214//214
f 1//1 3183//3183 3077//3077
f 3077//3077 3184//3184 3078//3078
f 3077//3077 3183//3183 3184//3184
f 3078//3078 3185//3185 3079//3079
f 3078//3078 3184//3184 3185//3185
f 3079//3079 3186//3186 3080//3080
f 3079//3079 3185//3185 3186//3186
f 3080//3080 3187//3187 3081//3081
f 3080//3080 3186//3186 3187//3187
f 3081//3081 3188//3188 3082//3082
f 3081//3081 3187//3187 3188//3188
f 3082//3082 3189//3189 3083//3083
f 3082//3082 3188//3188 3189//3189
f 3083//3083 3190//3190 3084//3084
f 3083//3083 3189//3189 3190//3190
f 3084//3084 3191//3191 3085//3085
f 3084//3084 3190//3190 3191//3191
f 3085//3085 3192//3192 3086//3086
f 3085//3085 3191//3191 3192//3192
f 3086//3086 3193//3193 3087//3087
f 3086//3086 3192//3192 3193//3193
f 3087//3087 3194//3194 3088//3088
f 3087//3087 3193//3193 3194//3194
f 3088//3088 3195//3195 3089//3089
f 3088//3088 3194//3194 3195//3195
f 3089//3089 3196//3196 3090//3090
f 3089//3089 3195//3195 3196//3196
f 3090//3090 3197//3197 3091//3091
f 3090//3090 3196//3196 3197//3197
f 3091//3091 3198//3198 3092//3092
f 3091//3091 3197//3197 3198//3198
f 3092//3092 3199//3199 3093//3093
f 3092//3092 3198//3198 3199//3199
f 3093//3093 3200//3200 3094//3094
f 3093//3093 3199//3199 3200//3200
f 3094//3094 3201//3201 3095//3095
f 3094//3094 3200//3200 3201//3201
f 3095//3095 3202//3202 3096//3096
f 3095//3095 3201//3201 3202//3202
f 3096//3096 3203//3203 3097//3097
f 3096//3096 3202//3202 3203//3203
f 3097//3097 3204//3204 3098//3098
f 3097//3097 3203//3203 3204//3204
f 3098//3098 3205//3205 3099//3099
f 3098//3098 3204//3204 3205//3205
f 3099//3099 3206//3206 3100//3100
f 3099//3099 3205//3205 3206//3206
f 3100//3100 3207//3207 3101//3101
f 3100//3100 3206//3206 3207//3207
f 3101//3101 3208//3208 3102//3102
f 3101//3101 3207//3207 3208//3208
f 3102//3102 3209//3209 3103//3103
f 3102//3102 3208//3208 3209//3209
f 3103//3103 3210//3210 3104//3104
f 3103//3103 3209//3209 3210//3210
f 3104//3104 3211//3211 3105//3105
f 3104//3104 3210//3210 3211//3211
f 3105//3105 3212//3212 3106//3106
f 3105//3105 3211//3211 3212//3212
f 3106//3106 3213//3213 3107//3107
f 3106//3106 3212//3212 3213//3213
f 3107//3107 3214//3214 3108//3108
f 3107//3107 3213//3213 3214//3214
f 3108//3108 3215//3215 3109//3109
f 3108//3108 3214//3214 3215//3215
f 3109//3109 3216//3216 3110//3110
f 3109//3109 3215//3215 3216//3216
f 3110//3110 3217//3217 3111//3111
f 3110//3110 3216//3216 3217//3217
f 3111//3111 3218//3218 3112//3112
f 3111//3111 3217//3217 3218//3218
f 3112//3112 3219//3219 3113//3113
f 3112//3112 3218//3218 3219//3219
f 3113//3113 3220//3220 3114//3114
f 3113//3113 3219//3219 3220//3220
f 3114//3114 3221//3221 3115//3115
f 3114//3114 3220//3220 3221//3221
f 3115//3115 3222//3222 3116//3116
f 3115//3115 3221//3221 3222//3222
f 3116//3116 3223//3223 3117//3117
f 3116//3116 3222//3222 3223//3223
f 3117//3117 3224//3224 3118//3118
f 3117//3117 3223//3223 3224//3224
f 3118//3118 3225//3225 3119//3119
f 3118//3118 3224//3224 3225//3225
f 3119//3119 3226//3226 3120//3120
f 3119//3119 3225//3225 3226//3226
f 3120//3120 3227//3227 3121//3121
f 3120//3120 3226//3226 3227//3227
f 3121//3121 3228//3228 3122//3122
f 3121//3121 3227//3227 3228//3228
f 3122//3122 3229//3229 3123//3123
f 3122//3122 3228//3228 3229//3229
f 3123//3123 3230//3230 3124//3124
f 3123//3123 3229//3229 3230//3230
f 3124//3124 3231//3231 3125//3125
f 3124//3124 3230//3230 3231//3231
f 3125//3125 3232//3232 3126//3126
f 3125//3125 3231//3231 3232//3232
f 3126//3126 3233//3233 3127//3127
f 3126//3126 3232//3232 3233//3233
f 3127//3127 3234//3234 3128//3128
f 3127//3127 3233//3233 3234//3234
f 3128//3128 3235//3235 3129//3129
f 3128//3128 3234//3234 3235//3235
f 3129//3129 3236//3236 3130//3130
f 3129//3129 3235//3235 3236//3236
f 3130//3130 3237//3237 3131//3131
f 3130//3130 3236//3236 3237//3237
f 3131//3131 3238//3238 3132//3132
f 3131//3131 3237//3237 3238//3238
f 3132//3132 3239//3239 3133//3133
f 3132//3132 3238//3238 3239//3239
f 3133//3133 3240//3240 3134//3134
f 3133//3133 3239//3239 3240//3240
f 3134//3134 3241//3241 3135//3135
f 3134//3134 3240//3240 3241//3241
f 3135//3135 3242//3242 3136//3136
f 3135//3135 3241//3241 3242//3242
f 3136//3136 3243//3243 3137//3137
f 3136//3136 3242//3242 3243//3243
f 3137//3137 3244//3244 3138//3138
f 3137//3137 3243//3243 3244//3244
f 3138//3138 3245//3245 3139//3139
f 3138//3138 3244//3244 3245//3245
f 3139//3139 3246//3246 3140//3140
f 3139//3139 3245//3245 3246//3246
f 3140//3140 3247//3247 3141//3141
f 3140//3140 3246//3246 3247//3247
f 3141//3141 3248//3248 3142//3142
f 3141//3141 3247//3247 3248//3248
f 3142//3142 3249//3249 3143//3143
f 3142//3142 3248//3248 3249//3249
f 3143//3143 3250//3250 3144//3144
f 3143//3143 3249//3249 3250//3250
f 3144//3144 3251//3251 3145//3145
f 3144//3144 3250//3250 3251//3251
f 3145//3145 3252//3252 3146//3146
f 3145//3145 3251//3251 3252//3252
f 3146//3146 3253//3253 3147//3147
f 3146//3146 3252//3252 3253//3253
f 3147//3147 3254//3254 3148//3148
f 3147//3147 3253//3253 3254//3254
f 3148//3148 3255//3255 3149//3149
f 3148//3148 3254//3254 3255//3255
f 3149//3149 3256//3256 3150//3150
f 3149//3149 3255//3255 3256//3256
f 3150//3150 3257//3257 3151//3151
f 3150//3150 3256//3256 3257//3257
f 3151//3151 3258//3258 3152//3152
f 3151//3151 3257//3257 3258//3258
f 3152//3152 3259//3259 3153//3153
f 3152//3152 3258//3258 3259//3259
f 3153//3153 3260//3260 3154//3154
f 3153//3153 3259//3259 3260//3260
f 3154//3154 3261//3261 3155//3155
f 3154//3154 3260//3260 3261//3261
f 3155//3155 3262//3262 3156//3156
f 3155//3155 3261//3261 3262//3262
f 3156//3156 3263//3263 3157//3157
f 3156//3156 3262//3262 3263//3263
f 3157//3157 3264//3264 3158//3158
f 3157//3157 3263//3263 3264//3264
f 3158//3158 3265//3265 3159//3159
f 3158//3158 3264//3264 3265//3265
f 3159//3159 3266//3266 3160//3160
f 3159//3159 3265//3265 3266//3266
f 3160//3160 3267//3267 3161//3161
f 3160//3160 3266//3266 3267//3267
f 3161//3161 3268//3268 3162//3162
f 3161//3161 3267//3267 3268//3268
f 3162//3162 3269//3269 3163//3163
f 3162//3162 3268//3268 3269//3269
f 3163//3163 3270//3270 3164//3164
f 3163//3163 3269//3269 3270//3270
f 3164//3164 3271//3271 3165//3165
f 3164//3164 3270//3270 3271//3271
f 3165//3165 3272//3272 3166//3166
f 3165//3165 3271//3271 3272//3272
f 3166//3166 3273//3273 3167//3167
f 3166//3166 3272//3272 3273//3273
f 3167//3167 3274//3274 3168//3168
f 3167//3167 3273//3273 3274//3274
f 3168//3168 3275//3275 3169//3169
f 3168//3168 3274//3274 3275//3275
f 3169//3169 3276//3276 3170//3170
f 3169//3169 3275//3275 3276//3276
f 3170//3170 3277//3277 3171//3171
f 3170//3170 3276//3276 3277//3277
f 3171//3171 3278//3278 3172//3172
f 3171//3171 3277//3277 3278//3278
f 3172//3172 3279//3279 3173//3173
f 3172//3172 3278//3278 3279//3279
f 3173//3173 3280//3280 3174//3174
f 3173//3173 3279//3279 3280//3280
f 3174//3174 3281//3281 3175//3175
f 3174//3174 3280//3280 3281//3281
f 3175//3175 3282//3282 3176//3176
f 3175//3175 3281//3281 3282//3282
f 3176//3176 3283//3283 3177//3177
f 3176//3176 3282//3282 3283//3283
f 3177//3177 3284//3284 3178//3178
f 3177//3177 3283//3283 3284//3284
f 3178//3178 3285//3285 3179//3179
f 3178//3178 3284//3284 3285//3285
f 3179//3179 3286//3286 3180//3180
f 3179//3179 3285//3285 3286//3286
f 3180//3180 3287//3287 3181//3181
f 3180//3180 3286//3286 3287//3287
f 3181//3181 3288//3288 3182//3182
f 3181//3181 3287//3287 3288//3288
f 3182//3182 3288//3288 214//214
f 1//1 3289//3289 3183//3183
f 3183//3183 3290//3290 3184//3184
f 3183//3183 3289//3289 3290//3290
f 3184//3184 3291//3291 3185//3185
f 3184//3184 3290//3290 3291//3291
f 3185//3185 3292//3292 3186//3186
f 3185//3185 3291//3291 3292//3292
f 3186//3186 3293//3293 3187//3187
f 3186//3186 3292//3292 3293//3293
f 3187//3187 3294//3294 3188//3188
f 3187//3187 3293//3293 3294//3294
f 3188//3188 3295//3295 3189//3189
f 3188//3188 3294//3294 3295//3295
f 3189//3189 3296//3296 3190//3190
f 3189//3189 3295//3295 3296//3296
f 3190//3190 3297//3297 3191//3191
f 3190//3190 3296//3296 3297//3297
f 3191//3191 3298//3298 3192//3192
f 3191//3191 3297//3297 3298//3298
f 3192//3192 3299//3299 3193//3193
f 3192//3192 3298//3298 3299//3299
f 3193//3193 3300//3300 3194//3194
f 3193//3193 3299//3299 3300//3300
f 3194//3194 3301//3301 3195//3195
f 3194//3194 3300//3300 3301//3301
f 3195//3195 3302//3302 3196//3196
f 3195//3195 3301//3301 3302//3302
f 3196//3196 3303//3303 3197//3197
f 3196//3196 3302//3302 3303//3303
f 3197//3197 3304//3304 3198//3198
f 3197//3197 3303//3303 3304//3304
f 3198//3198 3305//3305 3199//3199
f 3198//3198 3304//3304 3305//3305
f 3199//3199 3306//3306 3200//3200
f 3199//3199 3305//3305 3306//3306
f 3200//3200 3307//3307 3201//3201
f 3200//3200 3306//3306 3307//3307
f 3201//3201 3308//3308 3202//3202
f 3201//3201 3307//3307 3308//3308
f 3202//3202 3309//3309 3203//3203
f 3202//3202 3308//3308 3309//3309
f 3203//3203 3310//3310 3204//3204
f 3203//3203 3309//3309 3310//3310
f 3204//3204 3311//3311 3205//3205
f 3204//3204 3310//3310 3311//3311
f 3205//3205 3312//3312 3206//3206
f 3205//3205 3311//3311 3312//3312
f 3206//3206 3313//3313 3207//3207
f 3206//3206 3312//3312 3313//3313
f 3207//3207 3314//3314 3208//3208
f 3207//3207 3313//3313 3314//3314
f 3208//3208 3315//3315 3209//3209
f 3208//3208 3314//3314 3315//3315
f 3209//3209 3316//3316 3210//3210
f 3209//3209 3315//3315 3316//3316
f 3210//3210 3317//3317 3211//3211
f 3210//3210 3316//3316 3317//3317
f 3211//3211 3318//3318 3212//3212
f 3211//3211 3317//3317 3318//3318
f 3212//3212 3319//3319 3213//3213
f 3212//3212 3318//3318 3319//3319
f 3213//3213 3320//3320 3214//3214
f 3213//3213 3319//3319 3320//3320
f 3214//3214 3321//3321 3215//3215
f 3214//3214 3320//3320 3321//3321
f 3215//3215 3322//3322 3216//3216
f 3215//3215 3321//3321 3322//3322
f 3216//3216 3323//3323 3217//3217
f 3216//3216 3322//3322 3323//3323
f 3217//3217 3324//3324 3218//3218
f 3217//3217 3323//3323 3324//3324
f 3218//3218 3325//3325 3219//3219
f 3218//3218 3324//3324 3325//3325
f 3219//3219 3326//3326 3220//3220
f 3219//3219 3325//3325 3326//3326
f 3220//3220 3327//3327 3221//3221
f 3220//3220 3326//3326 3327//3327
f 3221//3221 3328//3328 3222//3222
f 3221//3221 3327//3327 3328//3328
f 3222//3222 3329//3329 3223//3223
f 3222//3222 3328//3328 3329//3329
f 3223//3223 3330//3330 3224//3224
f 3223//3223 3329//3329 3330//3330
f 3224//3224 3331//3331 3225//3225
f 3224//3224 3330//3330 3331//3331
f 3225//3225 3332//3332 3226//3226
f 3225//3225 3331//3331 3332//3332
f 3226//3226 3333//3333 3227//3227
f 3226//3226 3332//3332 3333//3333
f 3227//3227 3334//3334 3228//3228
f 3227//3227 3333//3333 3334//3334
f 3228//3228 3335//3335 3229//3229
f 3228//3228 3334//3334 3335//3335
f 3229//3229 3336//3336 3230//3230
f 3229//3229 3335//3335 3336//3336
f 3230//3230 3337//3337 3231//3231
f 3230//3230 3336//3336 3337//3337
f 3231//3231 3338//3338 3232//3232
f 3231//3231 3337//3337 3338//3338
f 3232//3232 3339//3339 3233//3233
f 3232//3232 3338//3338 3339//3339
f 3233//3233 3340//3340 3234//3234
f 3233//3233 3339//3339 3340//3340
f 3234//3234 3341//3341 3235//3235
f 3234//3234 3340//3340 3341//3341
f 3235//3235 3342//3342 3236//3236
f 3235//3235 3341//3341 3342//3342
f 3236//3236 3343//3343 3237//3237
f 3236//3236 3342//3342 3343//3343
f 3237//3237 3344//3344 3238//3238
f 3237//3237 3343//3343 3344//3344
f 3238//3238 3345//3345 3239//3239
f 3238//3238 3344//3344 3345//3345
f 3239//3239 3346//3346 3240//3240
f 3239//3239 3345//3345 3346//3346
f 3240//3240 3347//3347 3241//3241
f 3240//3240 3346//3346 3347//3347
f 3241//3241 3348//3348 3242//3242
f 3241//3241 3347//3347 3348//3348
f 3242//3242 3349//3349 3243//3243
f 3242//3242 3348//3348 3349//3349
f 3243//3243 3350//3350 3244//3244
f 3243//3243 3349//3349 3350//3350
f 3244//3244 3351//3351 3245//3245
f 3244//3244 3350//3350 3351//3351
f 3245//3245 3352//3352 3246//3246
f 3245//3245 3351//3351 3352//3352
f 3246//3246 3353//3353 3247//3247
f 3246//3246 3352//3352 3353//3353
f 3247//3247 3354//3354 3248//3248
f 3247//3247 3353//3353 3354//3354
f 3248//3248 3355//3355 3249//3249
f 3248//3248 3354//3354 3355//3355
f 3249//3249 3356//3356 3250//3250
f 3249//3249 3355//3355 3356//3356
f 3250//3250 3357//3357 3251//3251
f 3250//3250 3356//3356 3357//3357
f 3251//3251 3358//3358 3252//3252
f 3251//3251 3357//3357 3358//3358
f 3252//3252 3359//3359 3253//3253
f 3252//3252 3358//3358 3359//3359
f 3253//3253 3360//3360 3254//3254
f 3253//3253 3359//3359 3360//3360
f 3254//3254 3361//3361 3255//3255
f 3254//3254 3360//3360 3361//3361
f 3255//3255 3362//3362 3256//3256
f 3255//3255 3361//3361 3362//3362
f 3256//3256 3363//3363 3257//3257
f 3256//3256 3362//3362 3363//3363
f 3257//3257 3364//3364 3258//3258
f 3257//3257 3363//3363 3364//3364
f 3258//3258 3365//3365 3259//3259
f 3258//3258 3364//3364 3365//3365
f 3259//3259 3366//3366 3260//3260
f 3259//3259 3365//3365 3366//3366
f 3260//3260 3367//3367 3261//3261
f 3260//3260 3366//3366 3367//3367
f 3261//3261 3368//3368 3262//3262
f 3261//3261 3367//3367 3368//3368
f 3262//3262 3369//3369 3263//3263
f 3262//3262 3368//3368 3369//3369
f 3263//3263 3370//3370 3264//3264
f 3263//3263 3369//3369 3370//3370
f 3264//3264 3371//3371 3265//3265
f 3264//3264 3370//3370 3371//3371
f 3265//3265 3372//3372 3266//3266
f 3265//3265 3371//3371 3372//3372
f 3266//3266 3373//3373 3267//3267
f 3266//3266 3372//3372 3373//3373
f 3267//3267 3374//3374 3268//3268
f 3267//3267 3373//3373 3374//3374
f 3268//3268 3375//3375 3269//3269
f 3268//3268 3374//3374 3375//3375
f 3269//3269 3376//3376 3270//3270
f 3269//3269 3375//3375 3376//3376
f 3270//3270 3377//3377 3271//3271
f 3270//3270 3376//3376 3377//3377
f 3271//3271 3378//3378 3272//3272
f 3271//3271 3377//3377 3378//3378
f 3272//3272 3379//3379 3273//3273
f 3272//3272 3378//3378 3379//3379
f 3273//3273 3380//3380 3274//3274
f 3273//3273 3379//3379 3380//3380
f 3274//3274 3381//3381 3275//3275
f 3274//3274 3380//3380 3381//3381
f 3275//3275 3382//3382 3276//3276
f 3275//3275 3381//3381 3382//3382
f 3276//3276 3383//3383 3277//3277
f 3276//3276 3382//3382 3383//3383
f 3277//3277 3384//3384 3278//3278
f 3277//3277 3383//3383 3384//3384
f 3278//3278 3385//3385 3279//3279
f 3278//3278 3384//3384 3385//3385
f 3279//3279 3386//3386 3280//3280
f 3279//3279 3385//3385 3386//3386
f 3280//3280 3387//3387 3281//3281
f 3280//3280 3386//3386 3387//3387
f 3281//3281 3388//3388 3282//3282
f 3281//3281 3387//3387 3388//3388
f 3282//3282 3389//3389 3283//3283
f 3282//3282 3388//3388 3389//3389
f 3283//3283 3390//3390 3284//3284
f 3283//3283 3389//3389 3390//3390
f 3284//3284 3391//3391 3285//3285
f 3284//3284 3390//3390 3391//3391
f 3285//3285 3392//3392 3286//3286
f 3285//3285 3391//3391 3392//3392
f 3286//3286 3393//3393 3287//3287
f 3286//3286 3392//3392 3393//3393
f 3287//3287 3394//3394 3288//3288
f 3287//3287 3393//3393 3394//3394
f 3288//3288 3394//3394 214//214
f 1//1 3//3 3289//3289
f 3289//3289 5//5 3290//3290
f 3289//3289 3//3 5//5
f 3290//3290 7//7 3291//3291
f 3290//3290 5//5 7//7
f 3291//3291 9//9 3292//3292
f 3291//3291 7//7 9//9
f 3292//3292 11//11 3293//3293
f 3292//3292 9//9 11//11
f 3293//3293 13//13 3294//3294
f 3293//3293 11//11 13//13
f 3294//3294 15//15 3295//3295
f 3294//3294 13//13 15//15
f 3295//3295 17//17 3296//3296
f 3295//3295 15//15 17//17
f 3296//3296 19//19 3297//3297
f 3296//3296 17//17 19//19
f 3297//3297 21//21 3298//3298
f 3297//3297 19//19 21//21
f 3298//3298 23//23 3299//3299
f 3298//3298 21//21 23//23
f 3299//3299 25//25 3300//3300
f 3299//3299 23//23 25//25
f 3300//3300 27//27 3301//3301
f 3300//3300 25//25 27//27
f 3301//3301 29//29 3302//3302
f 3301//3301 27//27 29//29
f 3302//3302 31//31 3303//3303
f 3302//3302 29//29 31//31
f 3303//3303 33//33 3304//3304
f 3303//3303 31//31 33//33
f 3304//3304 35//35 3305//3305
f 3304//3304 33//33 35//35
f 3305//3305 37//37 3306//3306
f 3305//3305 35//35 37//37
f 3306//3306 39//39 3307//3307
f 3306//3306 37//37 39//39
f 3307//3307 41//41 3308//3308
f 3307//3307 39//39 41//41
f 3308//3308 43//43 3309//3309
f 3308//3308 41//41 43//43
f 3309//3309 45//45 3310//3310
f 3309//3309 43//43 45//45
f 3310//3310 47//47 3311//3311
f 3310//3310 45//45 47//47
f 3311//3311 49//49 3312//3312
f 3311//3311 47//47 49//49
f 3312//3312 51//51 3313//3313
f 3312//3312 49//49 51//51
f 3313//3313 53//53 3314//3314
f 3313//3313 51//51 53//53
f 3314//3314 55//55 3315//3315
f 3314//3314 53//53 55//55
f 3315//3315 57//57 3316//3316
f 3315//3315 55//55 57//57
f 3316//3316 59//59 3317//3317
f 3316//3316 57//57 59//59
f 3317//3317 61//61 3318//3318
f 3317//3317 59//59 61//61
f 3318//3318 63//63 3319//3319
f 3318//3318 61//61 63//63
f 3319//3319 65//65 3320//3320
f 3319//3319 63//63 65//65
f 3320//3320 67//67 3321//3321
f 3320//3320 65//65 67//67
f 3321//3321 69//69 3322//3322
f 3321//3321 67//67 69//69
f 3322//3322 71//71 3323//3323
f 3322//3322 69//69 71//71
f 3323//3323 73//73 3324//3324
f 3323//3323 71//71 73//73
f 3324//3324 75//75 3325//3325
f 3324//3324 73//73 75//75
f 3325//3325 77//77 3326//3326
f 3325//3325 75//75 77//77
f 3326//3326 79//79 3327//3327
f 3326//3326 77//77 79//79
f 3327//3327 81//81 3328//3328
f 3327//3327 79//79 81//81
f 3328//3328 83//83 3329//3329
f 3328//3328 81//81 83//83
f 3329//3329 85//85 3330//3330
f 3329//3329 83//83 85//85
f 3330//3330 87//87 3331//3331
f 3330//3330 85//85 87//87
f 3331//3331 89//89 3332//3332
f 3331//3331 87//87 89//89
f 3332//3332 91//91 3333//3333
f 3332//3332 89//89 91//91
f 3333//3333 93//93 3334//3334
f 3333//3333 91//91 93//93
f 3334//3334 95//95 3335//3335
f 3334//3334 93//93 95//95
f 3335//3335 97//97 3336//3336
f 3335//3335 95//95 97//97
f 3336//3336 99//99 3337//3337
f 3336//3336 97//97 99//99
f 3337//3337 101//101 3338//3338
f 3337//3337 99//99 101//101
f 3338//3338 103//103 3339//3339
f 3338//3338 101//101 103//103
f 3339//3339 105//105 3340//3340
f 3339//3339 103//103 105//105
f 3340//3340 107//107 3341//3341
f 3340//3340 105//105 107//107
f 3341//3341 109//109 3342//3342
f 3341//3341 107//107 109//109
f 3342//3342 111//111 3343//3343
f 3342//3342 109//109 111//111
f 3343//3343 113//113 3344//3344
f 3343//3343 111//111 113//113
f 3344//3344 115//115 3345//3345
f 3344//3344 113//113 115//115
f 3345//3345 117//117 3346//3346
f 3345//3345 115//115 117//117
f 3346//3346 119//119 3347//3347
f 3346//3346 117//117 119//119
f 3347//3347 121//121 3348//3348
f 3347//3347 119//119 121//121
f 3348//3348 123//123 3349//3349
f 3348//3348 121//121 123//123
f 3349//3349 125//125 3350//3350
f 3349//3349 123//123 125//125
f 3350//3350 127//127 3351//3351
f 3350//3350 125//125 127//127
f 3351//3351 129//129 3352//3352
f 3351//3351 127//127 129//129
f 3352//3352 131//131 3353//3353
f 3352//3352 129//129 131//131
f 3353//3353 133//133 3354//3354
f 3353//3353 131//131 133//133
f 3354//3354 135//135 3355//3355
f 3354//3354 133//133 135//135
f 3355//3355 137//137 3356//3356
f 3355//3355 135//135 137//137
f 3356//3356 139//139 3357//3357
f 3356//3356 137//137 139//139
f 3357//3357 141//141 3358//3358
f 3357//3357 139//139 141//141
f 3358//3358 143//143 3359//3359
f 3358//3358 141//141 143//143
f 3359//3359 145//145 3360//3360
f 3359//3359 143//143 145//145
f 3360//3360 147//147 3361//3361
f 3360//3360 145//145 147//147
f 3361//3361 149//149 3362//3362
f 3361//3361 147//147 149//149
f 3362//3362 151//151 3363//3363
f 3362//3362 149//149 151//151
f 3363//3363 153//153 3364//3364
f 3363//3363 151//151 153//153
f 3364//3364 155//155 3365//3365
f 3364//3364 153//153 155//155
f 3365//3365 157//157 3366//3366
f 3365//3365 155//155 157//157
f 3366//3366 159//159 3367//3367
f 3366//3366 157//157 159//159
f 3367//3367 161//161 3368//3368
f 3367//3367 159//159 161//161
f 3368//3368 163//163 3369//3369
f 3368//3368 161//161 163//163
f 3369//3369 165//165 3370//3370
f 3369//3369 163//163 165//165
f 3370//3370 167//167 3371//3371
f 3370//3370 165//165 167//167
f 3371//3371 169//169 3372//3372
f 3371//3371 167//167 169//169
f 3372//3372 171//171 3373//3373
f 3372//3372 169//169 171//171
f 3373//3373 173//173 3374//3374
f 3373//3373 171//171 173//173
f 3374//3374 175//175 3375//3375
f 3374//3374 173//173 175//175
f 3375//3375 177//177 3376//3376
f 3375//3375 175//175 177//177
f 3376//3376 179//179 3377//3377
f 3376//3376 177//177 179//179
f 3377//3377 181//181 3378//3378
f 3377//3377 179//179 181//181
f 3378//3378 183//183 3379//3379
f 3378//3378 181//181 183//183
f 3379//3379 185//185 3380//3380
f 3379//3379 183//183 185//185
f 3380//3380 187//187 3381//3381
f 3380//3380 185//185 187//187
f 3381//3381 189//189 3382//3382
f 3381//3381 187//187 189//189
f 3382//3382 191//191 3383//3383
f 3382//3382 189//189 191//191
f 3383//3383 193//193 3384//3384
f 3383//3383 191//191 193//193
f 3384//3384 195//195 3385//3385
f 3384//3384 193//193 195//195
f 3385//3385 197//197 3386//3386
f 3385//3385 195//195 197//197
f 3386//3386 199//199 3387//3387
f 3386//3386 197//197 199//199
f 3387//3387 201//201 3388//3388
f 3387//3387 199//199 201//201
f 3388//3388 203//203 3389//3389
f 3388//3388 201//201 203//203
f 3389//3389 205//205 3390//3390
f 3389//3389 203//203 205//205
f 3390//3390 207//207 3391//3391
f 3390//3390 205//205 207//207
f 3391//3391 209//209 3392//3392
f 3391//3391 207//207 209//209
f 3392//3392 211//211 3393//3393
f 3392//3392 209//209 211//211
f 3393//3393 213//213 3394//3394
f 3393//3393 211//211 213//213
f 3394//3394 213//213 214//214
