# This file uses centimeters as units for non-parametric coordinates.

v 0.000001 -0.069604 -0.000001
v 0.543606 -0.069604 -0.095853
v 0.551992 -0.069604 -0.000001
v 0.543606 -0.013101 -0.095853
v 0.551992 -0.013101 -0.000001
v 0.569684 -0.001066 -0.100452
v 0.578472 -0.001066 -0.000001
v 0.594752 0.011077 -0.104872
v 0.603927 0.011077 -0.000001
v 0.617799 0.023438 -0.108935
v 0.627329 0.023438 -0.000001
v 0.637815 0.036124 -0.112465
v 0.647654 0.036124 -0.000001
v 0.653789 0.049244 -0.115282
v 0.663875 0.049244 -0.000001
v 0.664712 0.062907 -0.117208
v 0.674967 0.062907 -0.000001
v 0.669573 0.077221 -0.118065
v 0.679903 0.077221 -0.000001
v 0.667439 0.088963 -0.117688
v 0.677736 0.088963 -0.000001
v 0.659295 0.100507 -0.116253
v 0.669466 0.100507 -0.000001
v 0.646141 0.111885 -0.113933
v 0.656109 0.111885 -0.000001
v 0.628980 0.123131 -0.110907
v 0.638683 0.123131 -0.000001
v 0.608813 0.134278 -0.107351
v 0.618205 0.134278 -0.000001
v 0.586643 0.145359 -0.103442
v 0.595692 0.145359 -0.000001
v 0.563470 0.156406 -0.099356
v 0.572163 0.156406 -0.000001
v 0.563470 0.202636 -0.099356
v 0.572163 0.202636 -0.000001
v 0.586889 0.209306 -0.103485
v 0.595943 0.209306 -0.000001
v 0.608836 0.218307 -0.107355
v 0.618228 0.218307 -0.000001
v 0.628648 0.228880 -0.110849
v 0.638346 0.228880 -0.000001
v 0.645663 0.240269 -0.113849
v 0.655624 0.240269 -0.000001
v 0.659219 0.251713 -0.116239
v 0.669389 0.251713 -0.000001
v 0.668654 0.262457 -0.117902
v 0.678969 0.262457 -0.000001
v 0.673305 0.271741 -0.118722
v 0.683691 0.271741 -0.000001
v 0.671564 0.292461 -0.118416
v 0.681924 0.292461 -0.000001
v 0.659097 0.322430 -0.116217
v 0.669264 0.322430 -0.000001
v 0.636509 0.360107 -0.112234
v 0.646328 0.360107 -0.000001
v 0.604407 0.403950 -0.106574
v 0.613731 0.403950 -0.000001
v 0.563399 0.452417 -0.099343
v 0.572090 0.452417 -0.000001
v 0.514089 0.503968 -0.090649
v 0.522020 0.503968 -0.000001
v 0.457086 0.557061 -0.080597
v 0.464137 0.557061 -0.000001
v 0.454561 0.721432 -0.080152
v 0.461573 0.721432 -0.000001
v 0.366187 0.749745 -0.064569
v 0.371836 0.749745 -0.000001
v 0.366187 0.790838 -0.064569
v 0.371836 0.790838 -0.000001
v 0.371052 0.793856 -0.065427
v 0.376776 0.793856 -0.000001
v 0.376075 0.797045 -0.066313
v 0.381876 0.797045 -0.000001
v 0.381411 0.800576 -0.067254
v 0.387295 0.800576 -0.000001
v 0.387217 0.804618 -0.068278
v 0.393190 0.804618 -0.000001
v 0.393650 0.809344 -0.069412
v 0.399722 0.809344 -0.000001
v 0.400866 0.814924 -0.070684
v 0.407050 0.814924 -0.000001
v 0.409023 0.821528 -0.072123
v 0.415333 0.821528 -0.000001
v 0.416031 0.830565 -0.073359
v 0.422449 0.830565 -0.000001
v 0.415646 0.839329 -0.073291
v 0.422059 0.839329 -0.000001
v 0.409101 0.847868 -0.072136
v 0.415412 0.847868 -0.000001
v 0.397626 0.856226 -0.070113
v 0.403760 0.856226 -0.000001
v 0.382455 0.864448 -0.067438
v 0.388355 0.864448 -0.000001
v 0.364820 0.872580 -0.064328
v 0.370448 0.872580 -0.000001
v 0.345952 0.880666 -0.061002
v 0.351289 0.880666 -0.000001
v 0.289031 1.491920 -0.050965
v 0.293490 1.491920 -0.000001
v 0.225425 1.990740 -0.039749
v 0.228902 1.990740 -0.000001
v 0.270074 1.990950 -0.047622
v 0.274240 1.990950 -0.000001
v 0.270044 2.091590 -0.047617
v 0.274210 2.091590 -0.000001
v 0.292138 2.091572 -0.051512
v 0.296645 2.091572 -0.000001
v 0.292143 2.149422 -0.051513
v 0.296649 2.149422 -0.000001
v 0.344036 2.149404 -0.060664
v 0.349343 2.149404 -0.000001
v 0.344036 2.227793 -0.060664
v 0.349343 2.227793 -0.000001
v 0.408469 2.227765 -0.072025
v 0.414770 2.227765 -0.000001
v 0.408397 2.359363 -0.072012
v 0.414697 2.359363 -0.000001
v 0.293217 2.359552 -0.000001
v 0.288762 2.359552 -0.050917
v 0.000001 2.360005 -0.000001
v 0.518703 -0.069604 -0.188793
v 0.518703 -0.013101 -0.188793
v 0.543586 -0.001066 -0.197850
v 0.567506 0.011077 -0.206556
v 0.589497 0.023438 -0.214560
v 0.608596 0.036124 -0.221511
v 0.623839 0.049244 -0.227060
v 0.634261 0.062907 -0.230853
v 0.638899 0.077221 -0.232541
v 0.636864 0.088963 -0.231800
v 0.629092 0.100507 -0.228972
v 0.616540 0.111885 -0.224403
v 0.600165 0.123131 -0.218443
v 0.580923 0.134278 -0.211439
v 0.559768 0.145359 -0.203739
v 0.537657 0.156406 -0.195692
v 0.537657 0.202636 -0.195692
v 0.560003 0.209306 -0.203825
v 0.580944 0.218307 -0.211447
v 0.599849 0.228880 -0.218328
v 0.616084 0.240269 -0.224237
v 0.629020 0.251713 -0.228945
v 0.638022 0.262457 -0.232222
v 0.642460 0.271741 -0.233837
v 0.640799 0.292461 -0.233233
v 0.628903 0.322430 -0.228902
v 0.607350 0.360107 -0.221058
v 0.576719 0.403950 -0.209909
v 0.537589 0.452417 -0.195667
v 0.490538 0.503968 -0.178542
v 0.436146 0.557061 -0.158745
v 0.433737 0.721432 -0.157868
v 0.349411 0.749745 -0.127176
v 0.349411 0.790838 -0.127176
v 0.354054 0.793856 -0.128866
v 0.358847 0.797045 -0.130610
v 0.363938 0.800576 -0.132463
v 0.369478 0.804618 -0.134480
v 0.375616 0.809344 -0.136714
v 0.382502 0.814924 -0.139220
v 0.390285 0.821528 -0.142053
v 0.396973 0.830565 -0.144487
v 0.396605 0.839329 -0.144353
v 0.390359 0.847868 -0.142080
v 0.379411 0.856226 -0.138095
v 0.364934 0.864448 -0.132826
v 0.348107 0.872580 -0.126701
v 0.330104 0.880666 -0.120148
v 0.275790 1.491920 -0.100380
v 0.215098 1.990740 -0.078290
v 0.257702 1.990950 -0.093796
v 0.257674 2.091590 -0.093786
v 0.278755 2.091572 -0.101459
v 0.278759 2.149422 -0.101461
v 0.328276 2.149404 -0.119483
v 0.328276 2.227793 -0.119483
v 0.389756 2.227765 -0.141860
v 0.389688 2.359363 -0.141835
v 0.275534 2.359552 -0.100287
v 0.478039 -0.069604 -0.275996
v 0.478039 -0.013101 -0.275996
v 0.500972 -0.001066 -0.289237
v 0.523016 0.011077 -0.301964
v 0.543283 0.023438 -0.313665
v 0.560885 0.036124 -0.323828
v 0.574933 0.049244 -0.331938
v 0.584538 0.062907 -0.337484
v 0.588813 0.077221 -0.339952
v 0.586937 0.088963 -0.338869
v 0.579774 0.100507 -0.334733
v 0.568207 0.111885 -0.328055
v 0.553116 0.123131 -0.319342
v 0.535381 0.134278 -0.309103
v 0.515885 0.145359 -0.297847
v 0.495508 0.156406 -0.286082
v 0.495508 0.202636 -0.286082
v 0.516102 0.209306 -0.297972
v 0.535401 0.218307 -0.309115
v 0.552824 0.228880 -0.319173
v 0.567787 0.240268 -0.327812
v 0.579707 0.251713 -0.334695
v 0.588004 0.262457 -0.339485
v 0.592094 0.271741 -0.341846
v 0.590564 0.292461 -0.340963
v 0.579600 0.322430 -0.334633
v 0.559737 0.360107 -0.323164
v 0.531507 0.403950 -0.306866
v 0.495445 0.452417 -0.286046
v 0.452083 0.503968 -0.261010
v 0.401955 0.557061 -0.232069
v 0.399734 0.721432 -0.230787
v 0.322019 0.749745 -0.185918
v 0.322019 0.790838 -0.185918
v 0.326298 0.793856 -0.188389
v 0.330715 0.797045 -0.190939
v 0.335407 0.800576 -0.193648
v 0.340513 0.804618 -0.196595
v 0.346170 0.809344 -0.199862
v 0.352516 0.814924 -0.203526
v 0.359689 0.821528 -0.207667
v 0.365852 0.830565 -0.211225
v 0.365514 0.839329 -0.211030
v 0.359757 0.847868 -0.207706
v 0.349667 0.856226 -0.201881
v 0.336325 0.864448 -0.194178
v 0.320817 0.872580 -0.185225
v 0.304225 0.880666 -0.175645
v 0.254169 1.491920 -0.146745
v 0.198235 1.990739 -0.114452
v 0.237499 1.990950 -0.137121
v 0.237473 2.091590 -0.137106
v 0.256902 2.091572 -0.148323
v 0.256906 2.149422 -0.148325
v 0.302541 2.149404 -0.174672
v 0.302541 2.227793 -0.174672
v 0.359202 2.227765 -0.207385
v 0.359139 2.359363 -0.207349
v 0.253934 2.359552 -0.146609
v 0.422850 -0.069604 -0.354814
v 0.422850 -0.013101 -0.354814
v 0.443135 -0.001066 -0.371835
v 0.462635 0.011077 -0.388197
v 0.480562 0.023438 -0.403240
v 0.496132 0.036124 -0.416305
v 0.508558 0.049244 -0.426731
v 0.517055 0.062907 -0.433861
v 0.520836 0.077221 -0.437033
v 0.519176 0.088963 -0.435641
v 0.512841 0.100507 -0.430325
v 0.502609 0.111885 -0.421739
v 0.489259 0.123131 -0.410538
v 0.473573 0.134278 -0.397375
v 0.456327 0.145359 -0.382904
v 0.438302 0.156406 -0.367779
v 0.438302 0.202636 -0.367779
v 0.456519 0.209306 -0.383065
v 0.473590 0.218307 -0.397390
v 0.489001 0.228880 -0.410321
v 0.502237 0.240268 -0.421427
v 0.512781 0.251713 -0.430275
v 0.520120 0.262457 -0.436433
v 0.523738 0.271741 -0.439469
v 0.522384 0.292461 -0.438333
v 0.512686 0.322430 -0.430195
v 0.495116 0.360107 -0.415452
v 0.470146 0.403950 -0.394500
v 0.438247 0.452417 -0.367733
v 0.399891 0.503968 -0.335549
v 0.355550 0.557061 -0.298342
v 0.353586 0.721432 -0.296694
v 0.284843 0.749745 -0.239012
v 0.284843 0.790838 -0.239012
v 0.288628 0.793856 -0.242188
v 0.292535 0.797045 -0.245466
v 0.296685 0.800576 -0.248949
v 0.301201 0.804618 -0.252738
v 0.306205 0.809344 -0.256937
v 0.311819 0.814924 -0.261647
v 0.318164 0.821528 -0.266971
v 0.323615 0.830565 -0.271546
v 0.323316 0.839329 -0.271295
v 0.318224 0.847868 -0.267022
v 0.309298 0.856226 -0.259532
v 0.297498 0.864448 -0.249630
v 0.283779 0.872580 -0.238120
v 0.269103 0.880666 -0.225805
v 0.224826 1.491920 -0.188652
v 0.175349 1.990739 -0.147136
v 0.210081 1.990950 -0.176279
v 0.210058 2.091590 -0.176259
v 0.227243 2.091572 -0.190680
v 0.227247 2.149422 -0.190683
v 0.267613 2.149404 -0.224554
v 0.267613 2.227793 -0.224554
v 0.317733 2.227765 -0.266609
v 0.317677 2.359363 -0.266563
v 0.224617 2.359552 -0.188477
v 0.354814 -0.069604 -0.422851
v 0.354814 -0.013101 -0.422851
v 0.371835 -0.001066 -0.443136
v 0.388197 0.011077 -0.462635
v 0.403240 0.023438 -0.480563
v 0.416304 0.036124 -0.496132
v 0.426731 0.049244 -0.508558
v 0.433860 0.062907 -0.517055
v 0.437033 0.077221 -0.520836
v 0.435640 0.088963 -0.519176
v 0.430324 0.100507 -0.512841
v 0.421739 0.111885 -0.502609
v 0.410538 0.123131 -0.489260
v 0.397375 0.134278 -0.473573
v 0.382904 0.145359 -0.456327
v 0.367779 0.156406 -0.438303
v 0.367779 0.202636 -0.438303
v 0.383065 0.209306 -0.456519
v 0.397390 0.218307 -0.473590
v 0.410321 0.228880 -0.489002
v 0.421427 0.240268 -0.502237
v 0.430275 0.251713 -0.512781
v 0.436433 0.262457 -0.520121
v 0.439468 0.271741 -0.523738
v 0.438333 0.292461 -0.522384
v 0.430195 0.322430 -0.512686
v 0.415452 0.360106 -0.495117
v 0.394499 0.403950 -0.470146
v 0.367733 0.452417 -0.438247
v 0.335549 0.503968 -0.399891
v 0.298342 0.557061 -0.355550
v 0.296694 0.721432 -0.353586
v 0.239012 0.749745 -0.284843
v 0.239012 0.790838 -0.284843
v 0.242188 0.793856 -0.288628
v 0.245465 0.797045 -0.292535
v 0.248949 0.800576 -0.296685
v 0.252738 0.804618 -0.301201
v 0.256937 0.809344 -0.306205
v 0.261647 0.814924 -0.311819
v 0.266971 0.821528 -0.318164
v 0.271546 0.830564 -0.323615
v 0.271295 0.839329 -0.323316
v 0.267022 0.847868 -0.318224
v 0.259532 0.856226 -0.309298
v 0.249630 0.864448 -0.297498
v 0.238120 0.872580 -0.283780
v 0.225805 0.880666 -0.269103
v 0.188652 1.491920 -0.224826
v 0.147136 1.990739 -0.175349
v 0.176279 1.990950 -0.210081
v 0.176260 2.091590 -0.210058
v 0.190680 2.091572 -0.227244
v 0.190683 2.149422 -0.227247
v 0.224554 2.149404 -0.267613
v 0.224554 2.227793 -0.267613
v 0.266610 2.227765 -0.317733
v 0.266563 2.359363 -0.317677
v 0.188477 2.359552 -0.224617
v 0.275996 -0.069604 -0.478039
v 0.275996 -0.013101 -0.478039
v 0.289237 -0.001066 -0.500972
v 0.301964 0.011077 -0.523016
v 0.313665 0.023438 -0.543283
v 0.323827 0.036124 -0.560885
v 0.331938 0.049244 -0.574933
v 0.337484 0.062907 -0.584539
v 0.339952 0.077221 -0.588813
v 0.338868 0.088963 -0.586937
v 0.334733 0.100507 -0.579774
v 0.328055 0.111885 -0.568207
v 0.319342 0.123131 -0.553116
v 0.309103 0.134278 -0.535381
v 0.297847 0.145359 -0.515885
v 0.286082 0.156406 -0.495508
v 0.286082 0.202636 -0.495508
v 0.297972 0.209306 -0.516102
v 0.309115 0.218307 -0.535401
v 0.319173 0.228880 -0.552824
v 0.327812 0.240268 -0.567787
v 0.334694 0.251713 -0.579707
v 0.339485 0.262457 -0.588004
v 0.341846 0.271741 -0.592094
v 0.340962 0.292461 -0.590564
v 0.334633 0.322430 -0.579600
v 0.323164 0.360106 -0.559737
v 0.306866 0.403950 -0.531507
v 0.286045 0.452417 -0.495445
v 0.261010 0.503968 -0.452083
v 0.232069 0.557061 -0.401955
v 0.230787 0.721432 -0.399734
v 0.185918 0.749745 -0.322019
v 0.185918 0.790838 -0.322019
v 0.188389 0.793856 -0.326298
v 0.190938 0.797045 -0.330715
v 0.193648 0.800576 -0.335407
v 0.196595 0.804618 -0.340513
v 0.199862 0.809344 -0.346170
v 0.203526 0.814924 -0.352516
v 0.207667 0.821528 -0.359689
v 0.211225 0.830565 -0.365852
v 0.211030 0.839329 -0.365514
v 0.207706 0.847868 -0.359757
v 0.201880 0.856226 -0.349667
v 0.194178 0.864448 -0.336325
v 0.185224 0.872580 -0.320817
v 0.175645 0.880666 -0.304225
v 0.146745 1.491920 -0.254169
v 0.114452 1.990739 -0.198236
v 0.137121 1.990950 -0.237499
v 0.137106 2.091590 -0.237473
v 0.148323 2.091572 -0.256902
v 0.148326 2.149422 -0.256906
v 0.174673 2.149404 -0.302541
v 0.174673 2.227793 -0.302541
v 0.207386 2.227765 -0.359202
v 0.207349 2.359363 -0.359139
v 0.146609 2.359552 -0.253934
v 0.188793 -0.069604 -0.518703
v 0.188793 -0.013101 -0.518703
v 0.197850 -0.001067 -0.543586
v 0.206555 0.011077 -0.567506
v 0.214560 0.023438 -0.589497
v 0.221511 0.036124 -0.608596
v 0.227059 0.049244 -0.623839
v 0.230852 0.062907 -0.634261
v 0.232541 0.077221 -0.638899
v 0.231800 0.088963 -0.636864
v 0.228971 0.100507 -0.629092
v 0.224403 0.111885 -0.616540
v 0.218443 0.123131 -0.600166
v 0.211439 0.134278 -0.580923
v 0.203739 0.145359 -0.559768
v 0.195691 0.156406 -0.537657
v 0.195691 0.202636 -0.537657
v 0.203825 0.209306 -0.560003
v 0.211447 0.218307 -0.580945
v 0.218327 0.228880 -0.599849
v 0.224237 0.240268 -0.616084
v 0.228945 0.251713 -0.629020
v 0.232222 0.262457 -0.638022
v 0.233836 0.271741 -0.642460
v 0.233232 0.292461 -0.640799
v 0.228902 0.322430 -0.628903
v 0.221058 0.360106 -0.607350
v 0.209909 0.403950 -0.576719
v 0.195667 0.452417 -0.537589
v 0.178542 0.503968 -0.490538
v 0.158745 0.557061 -0.436146
v 0.157868 0.721432 -0.433737
v 0.127176 0.749745 -0.349411
v 0.127176 0.790838 -0.349411
v 0.128866 0.793856 -0.354054
v 0.130610 0.797045 -0.358847
v 0.132463 0.800576 -0.363938
v 0.134480 0.804618 -0.369478
v 0.136714 0.809344 -0.375616
v 0.139220 0.814924 -0.382502
v 0.142053 0.821528 -0.390286
v 0.144486 0.830565 -0.396973
v 0.144353 0.839329 -0.396606
v 0.142079 0.847868 -0.390359
v 0.138094 0.856226 -0.379411
v 0.132826 0.864448 -0.364935
v 0.126701 0.872580 -0.348107
v 0.120148 0.880666 -0.330104
v 0.100380 1.491920 -0.275790
v 0.078290 1.990739 -0.215098
v 0.093797 1.990950 -0.257702
v 0.093786 2.091590 -0.257674
v 0.101459 2.091572 -0.278755
v 0.101461 2.149422 -0.278759
v 0.119484 2.149404 -0.328276
v 0.119484 2.227792 -0.328276
v 0.141861 2.227765 -0.389757
v 0.141836 2.359363 -0.389688
v 0.100287 2.359552 -0.275534
v 0.095853 -0.069604 -0.543606
v 0.095853 -0.013101 -0.543606
v 0.100451 -0.001067 -0.569684
v 0.104872 0.011077 -0.594752
v 0.108935 0.023438 -0.617799
v 0.112465 0.036124 -0.637815
v 0.115281 0.049244 -0.653789
v 0.117207 0.062907 -0.664712
v 0.118065 0.077221 -0.669573
v 0.117688 0.088963 -0.667440
v 0.116252 0.100507 -0.659295
v 0.113933 0.111885 -0.646141
v 0.110907 0.123131 -0.628980
v 0.107351 0.134278 -0.608813
v 0.103441 0.145359 -0.586643
v 0.099356 0.156406 -0.563470
v 0.099356 0.202636 -0.563470
v 0.103485 0.209306 -0.586889
v 0.107355 0.218307 -0.608836
v 0.110848 0.228880 -0.628648
v 0.113848 0.240268 -0.645663
v 0.116239 0.251713 -0.659219
v 0.117902 0.262457 -0.668654
v 0.118722 0.271741 -0.673305
v 0.118415 0.292461 -0.671564
v 0.116217 0.322430 -0.659097
v 0.112234 0.360106 -0.636509
v 0.106574 0.403950 -0.604407
v 0.099343 0.452417 -0.563399
v 0.090648 0.503968 -0.514089
v 0.080597 0.557061 -0.457086
v 0.080152 0.721432 -0.454561
v 0.064569 0.749745 -0.366187
v 0.064569 0.790838 -0.366187
v 0.065427 0.793856 -0.371052
v 0.066313 0.797045 -0.376075
v 0.067254 0.800576 -0.381411
v 0.068278 0.804618 -0.387217
v 0.069411 0.809344 -0.393650
v 0.070684 0.814924 -0.400866
v 0.072122 0.821528 -0.409023
v 0.073359 0.830565 -0.416031
v 0.073290 0.839329 -0.415647
v 0.072136 0.847868 -0.409101
v 0.070113 0.856226 -0.397626
v 0.067438 0.864448 -0.382455
v 0.064328 0.872580 -0.364820
v 0.061001 0.880666 -0.345952
v 0.050965 1.491920 -0.289031
v 0.039749 1.990739 -0.225425
v 0.047622 1.990950 -0.270074
v 0.047617 2.091590 -0.270045
v 0.051512 2.091572 -0.292138
v 0.051513 2.149422 -0.292143
v 0.060664 2.149404 -0.344036
v 0.060664 2.227792 -0.344036
v 0.072025 2.227765 -0.408469
v 0.072012 2.359363 -0.408397
v 0.050917 2.359552 -0.288762
v 0.000001 -0.069604 -0.551992
v 0.000001 -0.013101 -0.551992
v 0.000001 -0.001067 -0.578472
v 0.000001 0.011077 -0.603927
v 0.000001 0.023438 -0.627329
v 0.000001 0.036124 -0.647654
v 0.000001 0.049244 -0.663875
v 0.000001 0.062907 -0.674967
v 0.000001 0.077221 -0.679903
v 0.000001 0.088963 -0.677736
v 0.000001 0.100507 -0.669466
v 0.000001 0.111885 -0.656109
v 0.000001 0.123131 -0.638683
v 0.000001 0.134278 -0.618205
v 0.000001 0.145359 -0.595692
v 0.000001 0.156406 -0.572163
v 0.000001 0.202636 -0.572163
v 0.000001 0.209306 -0.595943
v 0.000001 0.218307 -0.618228
v 0.000001 0.228880 -0.638346
v 0.000001 0.240268 -0.655624
v 0.000001 0.251713 -0.669389
v 0.000001 0.262457 -0.678969
v 0.000001 0.271741 -0.683691
v 0.000001 0.292461 -0.681924
v 0.000001 0.322430 -0.669264
v 0.000001 0.360106 -0.646328
v 0.000001 0.403950 -0.613731
v 0.000001 0.452417 -0.572090
v 0.000001 0.503968 -0.522020
v 0.000001 0.557061 -0.464137
v 0.000001 0.721432 -0.461573
v 0.000001 0.749745 -0.371836
v 0.000001 0.790838 -0.371836
v 0.000001 0.793856 -0.376776
v 0.000001 0.797045 -0.381876
v 0.000001 0.800576 -0.387295
v 0.000001 0.804618 -0.393190
v 0.000001 0.809344 -0.399722
v 0.000001 0.814924 -0.407050
v 0.000001 0.821528 -0.415333
v 0.000001 0.830565 -0.422450
v 0.000001 0.839329 -0.422059
v 0.000001 0.847868 -0.415412
v 0.000001 0.856226 -0.403760
v 0.000001 0.864448 -0.388355
v 0.000001 0.872580 -0.370448
v 0.000001 0.880666 -0.351289
v 0.000001 1.491920 -0.293490
v 0.000001 1.990739 -0.228902
v 0.000001 1.990950 -0.274240
v 0.000001 2.091590 -0.274211
v 0.000001 2.091572 -0.296645
v 0.000001 2.149422 -0.296650
v 0.000001 2.149404 -0.349344
v 0.000001 2.227792 -0.349344
v 0.000001 2.227765 -0.414770
v 0.000001 2.359363 -0.414698
v 0.000001 2.359552 -0.293217
v -0.095852 -0.069604 -0.543606
v -0.095851 -0.013101 -0.543606
v -0.100450 -0.001067 -0.569684
v -0.104870 0.011077 -0.594752
v -0.108934 0.023438 -0.617799
v -0.112463 0.036124 -0.637815
v -0.115280 0.049244 -0.653789
v -0.117206 0.062907 -0.664712
v -0.118063 0.077221 -0.669573
v -0.117687 0.088963 -0.667439
v -0.116251 0.100507 -0.659295
v -0.113931 0.111885 -0.646141
v -0.110905 0.123131 -0.628980
v -0.107349 0.134278 -0.608813
v -0.103440 0.145359 -0.586642
v -0.099354 0.156406 -0.563470
v -0.099354 0.202636 -0.563470
v -0.103484 0.209306 -0.586889
v -0.107353 0.218307 -0.608836
v -0.110847 0.228880 -0.628648
v -0.113847 0.240268 -0.645663
v -0.116237 0.251713 -0.659219
v -0.117901 0.262457 -0.668654
v -0.118721 0.271741 -0.673305
v -0.118414 0.292461 -0.671564
v -0.116216 0.322430 -0.659097
v -0.112233 0.360106 -0.636509
v -0.106572 0.403950 -0.604407
v -0.099341 0.452417 -0.563399
v -0.090647 0.503968 -0.514089
v -0.080595 0.557061 -0.457086
v -0.080150 0.721432 -0.454561
v -0.064568 0.749745 -0.366187
v -0.064568 0.790838 -0.366187
v -0.065426 0.793856 -0.371052
v -0.066311 0.797045 -0.376075
v -0.067252 0.800576 -0.381411
v -0.068276 0.804618 -0.387217
v -0.069410 0.809344 -0.393650
v -0.070683 0.814924 -0.400866
v -0.072121 0.821528 -0.409023
v -0.073357 0.830565 -0.416031
v -0.073288 0.839329 -0.415647
v -0.072134 0.847868 -0.409101
v -0.070111 0.856226 -0.397626
v -0.067436 0.864448 -0.382455
v -0.064327 0.872580 -0.364820
v -0.061000 0.880666 -0.345952
v -0.050963 1.491920 -0.289031
v -0.039747 1.990739 -0.225425
v -0.047620 1.990950 -0.270074
v -0.047615 2.091590 -0.270045
v -0.051511 2.091572 -0.292138
v -0.051512 2.149422 -0.292143
v -0.060661 2.149404 -0.344036
v -0.060661 2.227792 -0.344036
v -0.072023 2.227765 -0.408469
v -0.072010 2.359363 -0.408397
v -0.050915 2.359552 -0.288763
v -0.188791 -0.069604 -0.518703
v -0.188791 -0.013101 -0.518703
v -0.197848 -0.001067 -0.543586
v -0.206554 0.011077 -0.567506
v -0.214558 0.023438 -0.589497
v -0.221510 0.036124 -0.608596
v -0.227058 0.049244 -0.623839
v -0.230851 0.062907 -0.634261
v -0.232539 0.077221 -0.638899
v -0.231798 0.088963 -0.636864
v -0.228970 0.100507 -0.629092
v -0.224401 0.111885 -0.616540
v -0.218441 0.123131 -0.600165
v -0.211437 0.134278 -0.580923
v -0.203738 0.145359 -0.559768
v -0.195690 0.156406 -0.537657
v -0.195690 0.202636 -0.537657
v -0.203823 0.209306 -0.560003
v -0.211446 0.218307 -0.580944
v -0.218326 0.228880 -0.599849
v -0.224235 0.240268 -0.616084
v -0.228943 0.251713 -0.629019
v -0.232220 0.262457 -0.638022
v -0.233835 0.271741 -0.642460
v -0.233231 0.292461 -0.640799
v -0.228901 0.322430 -0.628903
v -0.221056 0.360106 -0.607350
v -0.209907 0.403950 -0.576719
v -0.195665 0.452417 -0.537589
v -0.178540 0.503968 -0.490538
v -0.158743 0.557061 -0.436146
v -0.157866 0.721432 -0.433737
v -0.127174 0.749745 -0.349411
v -0.127174 0.790838 -0.349411
v -0.128864 0.793856 -0.354054
v -0.130608 0.797045 -0.358847
v -0.132461 0.800576 -0.363938
v -0.134478 0.804618 -0.369478
v -0.136712 0.809344 -0.375616
v -0.139218 0.814924 -0.382502
v -0.142051 0.821528 -0.390285
v -0.144485 0.830565 -0.396973
v -0.144352 0.839329 -0.396605
v -0.142078 0.847868 -0.390359
v -0.138093 0.856226 -0.379411
v -0.132824 0.864448 -0.364935
v -0.126699 0.872580 -0.348107
v -0.120147 0.880666 -0.330104
v -0.100378 1.491920 -0.275790
v -0.078288 1.990739 -0.215098
v -0.093794 1.990950 -0.257702
v -0.093784 2.091590 -0.257674
v -0.101457 2.091572 -0.278755
v -0.101459 2.149422 -0.278759
v -0.119481 2.149404 -0.328276
v -0.119481 2.227792 -0.328276
v -0.141858 2.227765 -0.389757
v -0.141833 2.359363 -0.389688
v -0.100285 2.359552 -0.275534
v -0.275995 -0.069604 -0.478039
v -0.275995 -0.013101 -0.478039
v -0.289235 -0.001066 -0.500972
v -0.301962 0.011077 -0.523016
v -0.313664 0.023438 -0.543283
v -0.323826 0.036124 -0.560885
v -0.331937 0.049244 -0.574933
v -0.337482 0.062907 -0.584538
v -0.339950 0.077221 -0.588813
v -0.338867 0.088963 -0.586936
v -0.334731 0.100507 -0.579774
v -0.328053 0.111885 -0.568207
v -0.319340 0.123131 -0.553116
v -0.309101 0.134278 -0.535381
v -0.297845 0.145359 -0.515885
v -0.286080 0.156406 -0.495508
v -0.286080 0.202636 -0.495508
v -0.297970 0.209306 -0.516102
v -0.309113 0.218307 -0.535401
v -0.319172 0.228880 -0.552824
v -0.327810 0.240268 -0.567787
v -0.334693 0.251713 -0.579707
v -0.339483 0.262457 -0.588004
v -0.341844 0.271741 -0.592094
v -0.340961 0.292461 -0.590564
v -0.334631 0.322430 -0.579600
v -0.323163 0.360106 -0.559737
v -0.306865 0.403950 -0.531507
v -0.286044 0.452417 -0.495445
v -0.261009 0.503968 -0.452083
v -0.232067 0.557061 -0.401955
v -0.230785 0.721432 -0.399734
v -0.185917 0.749745 -0.322019
v -0.185917 0.790838 -0.322019
v -0.188387 0.793856 -0.326298
v -0.190937 0.797045 -0.330715
v -0.193646 0.800576 -0.335407
v -0.196594 0.804618 -0.340513
v -0.199860 0.809344 -0.346170
v -0.203524 0.814924 -0.352516
v -0.207665 0.821528 -0.359689
v -0.211223 0.830565 -0.365852
v -0.211028 0.839329 -0.365514
v -0.207704 0.847868 -0.359757
v -0.201878 0.856226 -0.349667
v -0.194176 0.864448 -0.336325
v -0.185222 0.872580 -0.320817
v -0.175643 0.880666 -0.304225
v -0.146743 1.491920 -0.254170
v -0.114450 1.990739 -0.198236
v -0.137119 1.990950 -0.237500
v -0.137104 2.091590 -0.237474
v -0.148321 2.091572 -0.256902
v -0.148323 2.149422 -0.256906
v -0.174670 2.149404 -0.302541
v -0.174670 2.227793 -0.302541
v -0.207383 2.227765 -0.359202
v -0.207347 2.359363 -0.359139
v -0.146607 2.359552 -0.253934
v -0.354812 -0.069604 -0.422850
v -0.354812 -0.013101 -0.422850
v -0.371834 -0.001066 -0.443135
v -0.388195 0.011077 -0.462635
v -0.403238 0.023438 -0.480562
v -0.416303 0.036124 -0.496132
v -0.426729 0.049244 -0.508558
v -0.433859 0.062907 -0.517055
v -0.437032 0.077221 -0.520835
v -0.435639 0.088963 -0.519176
v -0.430323 0.100507 -0.512841
v -0.421737 0.111885 -0.502609
v -0.410536 0.123131 -0.489260
v -0.397373 0.134278 -0.473572
v -0.382902 0.145359 -0.456327
v -0.367778 0.156406 -0.438302
v -0.367778 0.202636 -0.438302
v -0.383063 0.209306 -0.456519
v -0.397388 0.218307 -0.473590
v -0.410319 0.228880 -0.489001
v -0.421425 0.240268 -0.502237
v -0.430273 0.251713 -0.512781
v -0.436431 0.262457 -0.520120
v -0.439467 0.271741 -0.523738
v -0.438331 0.292461 -0.522384
v -0.430194 0.322430 -0.512686
v -0.415450 0.360106 -0.495116
v -0.394498 0.403950 -0.470146
v -0.367731 0.452417 -0.438247
v -0.335547 0.503968 -0.399891
v -0.298340 0.557061 -0.355550
v -0.296692 0.721432 -0.353586
v -0.239010 0.749745 -0.284843
v -0.239010 0.790838 -0.284843
v -0.242186 0.793856 -0.288628
v -0.245464 0.797045 -0.292535
v -0.248947 0.800576 -0.296685
v -0.252736 0.804618 -0.301201
v -0.256935 0.809344 -0.306205
v -0.261645 0.814924 -0.311819
v -0.266969 0.821528 -0.318164
v -0.271544 0.830564 -0.323615
v -0.271293 0.839329 -0.323316
v -0.267020 0.847868 -0.318224
v -0.259531 0.856226 -0.309298
v -0.249629 0.864448 -0.297498
v -0.238118 0.872580 -0.283779
v -0.225803 0.880666 -0.269103
v -0.188650 1.491920 -0.224826
v -0.147134 1.990739 -0.175350
v -0.176276 1.990950 -0.210081
v -0.176258 2.091590 -0.210058
v -0.190678 2.091572 -0.227244
v -0.190681 2.149422 -0.227247
v -0.224552 2.149404 -0.267613
v -0.224552 2.227793 -0.267613
v -0.266607 2.227765 -0.317733
v -0.266561 2.359363 -0.317677
v -0.188475 2.359552 -0.224618
v -0.422849 -0.069604 -0.354814
v -0.422849 -0.013101 -0.354814
v -0.443134 -0.001066 -0.371835
v -0.462634 0.011077 -0.388197
v -0.480561 0.023438 -0.403239
v -0.496131 0.036124 -0.416304
v -0.508556 0.049244 -0.426731
v -0.517053 0.062907 -0.433860
v -0.520834 0.077221 -0.437033
v -0.519174 0.088963 -0.435640
v -0.512839 0.100507 -0.430324
v -0.502607 0.111885 -0.421739
v -0.489258 0.123131 -0.410537
v -0.473571 0.134278 -0.397375
v -0.456326 0.145359 -0.382904
v -0.438301 0.156406 -0.367779
v -0.438301 0.202636 -0.367779
v -0.456517 0.209306 -0.383065
v -0.473589 0.218307 -0.397389
v -0.489000 0.228880 -0.410321
v -0.502236 0.240268 -0.421427
v -0.512780 0.251713 -0.430275
v -0.520119 0.262457 -0.436433
v -0.523736 0.271741 -0.439468
v -0.522383 0.292461 -0.438333
v -0.512685 0.322430 -0.430195
v -0.495115 0.360107 -0.415452
v -0.470144 0.403950 -0.394499
v -0.438245 0.452417 -0.367733
v -0.399889 0.503968 -0.335548
v -0.355548 0.557061 -0.298342
v -0.353584 0.721432 -0.296694
v -0.284841 0.749745 -0.239012
v -0.284841 0.790838 -0.239012
v -0.288626 0.793856 -0.242187
v -0.292533 0.797045 -0.245465
v -0.296683 0.800576 -0.248949
v -0.301200 0.804618 -0.252738
v -0.306203 0.809344 -0.256937
v -0.311817 0.814924 -0.261647
v -0.318162 0.821528 -0.266971
v -0.323614 0.830565 -0.271545
v -0.323314 0.839329 -0.271294
v -0.318222 0.847868 -0.267022
v -0.309297 0.856226 -0.259532
v -0.297496 0.864448 -0.249630
v -0.283778 0.872580 -0.238119
v -0.269102 0.880666 -0.225804
v -0.224824 1.491920 -0.188652
v -0.175348 1.990739 -0.147136
v -0.210079 1.990950 -0.176279
v -0.210056 2.091590 -0.176260
v -0.227241 2.091572 -0.190680
v -0.227245 2.149422 -0.190683
v -0.267611 2.149404 -0.224554
v -0.267611 2.227793 -0.224555
v -0.317731 2.227765 -0.266610
v -0.317675 2.359363 -0.266563
v -0.224616 2.359552 -0.188477
v -0.478037 -0.069604 -0.275996
v -0.478037 -0.013101 -0.275996
v -0.500970 -0.001066 -0.289237
v -0.523014 0.011077 -0.301964
v -0.543282 0.023438 -0.313665
v -0.560883 0.036124 -0.323827
v -0.574931 0.049244 -0.331938
v -0.584537 0.062907 -0.337484
v -0.588811 0.077221 -0.339952
v -0.586935 0.088963 -0.338868
v -0.579773 0.100507 -0.334733
v -0.568205 0.111885 -0.328055
v -0.553114 0.123131 -0.319341
v -0.535380 0.134278 -0.309103
v -0.515883 0.145359 -0.297847
v -0.495506 0.156406 -0.286082
v -0.495506 0.202636 -0.286082
v -0.516100 0.209306 -0.297972
v -0.535399 0.218307 -0.309114
v -0.552822 0.228880 -0.319173
v -0.567785 0.240268 -0.327812
v -0.579706 0.251713 -0.334694
v -0.588002 0.262457 -0.339485
v -0.592093 0.271741 -0.341846
v -0.590562 0.292461 -0.340962
v -0.579599 0.322430 -0.334633
v -0.559735 0.360107 -0.323164
v -0.531505 0.403950 -0.306866
v -0.495443 0.452417 -0.286045
v -0.452081 0.503968 -0.261010
v -0.401953 0.557061 -0.232069
v -0.399732 0.721432 -0.230787
v -0.322018 0.749745 -0.185918
v -0.322018 0.790838 -0.185918
v -0.326296 0.793856 -0.188389
v -0.330713 0.797045 -0.190938
v -0.335405 0.800576 -0.193648
v -0.340511 0.804618 -0.196595
v -0.346168 0.809344 -0.199862
v -0.352514 0.814924 -0.203526
v -0.359687 0.821528 -0.207667
v -0.365850 0.830565 -0.211225
v -0.365512 0.839329 -0.211030
v -0.359755 0.847868 -0.207706
v -0.349665 0.856226 -0.201881
v -0.336324 0.864448 -0.194178
v -0.320816 0.872580 -0.185224
v -0.304224 0.880666 -0.175645
v -0.254167 1.491920 -0.146745
v -0.198233 1.990739 -0.114452
v -0.237497 1.990950 -0.137121
v -0.237472 2.091590 -0.137106
v -0.256900 2.091572 -0.148323
v -0.256904 2.149422 -0.148326
v -0.302539 2.149404 -0.174673
v -0.302539 2.227793 -0.174673
v -0.359200 2.227765 -0.207386
v -0.359137 2.359363 -0.207349
v -0.253932 2.359552 -0.146609
v -0.518701 -0.069604 -0.188793
v -0.518701 -0.013101 -0.188793
v -0.543584 -0.001066 -0.197849
v -0.567504 0.011077 -0.206555
v -0.589495 0.023438 -0.214559
v -0.608594 0.036124 -0.221511
v -0.623837 0.049244 -0.227059
v -0.634259 0.062907 -0.230852
v -0.638898 0.077221 -0.232541
v -0.636862 0.088963 -0.231800
v -0.629090 0.100507 -0.228971
v -0.616539 0.111885 -0.224403
v -0.600164 0.123131 -0.218442
v -0.580921 0.134278 -0.211439
v -0.559766 0.145359 -0.203739
v -0.537656 0.156406 -0.195691
v -0.537656 0.202636 -0.195691
v -0.560002 0.209306 -0.203825
v -0.580943 0.218307 -0.211447
v -0.599847 0.228880 -0.218327
v -0.616083 0.240269 -0.224237
v -0.629018 0.251713 -0.228945
v -0.638020 0.262457 -0.232221
v -0.642458 0.271741 -0.233836
v -0.640797 0.292461 -0.233232
v -0.628901 0.322430 -0.228902
v -0.607348 0.360107 -0.221058
v -0.576717 0.403950 -0.209909
v -0.537587 0.452417 -0.195667
v -0.490537 0.503968 -0.178542
v -0.436144 0.557061 -0.158745
v -0.433735 0.721432 -0.157868
v -0.349410 0.749745 -0.127176
v -0.349410 0.790838 -0.127176
v -0.354052 0.793856 -0.128866
v -0.358845 0.797045 -0.130610
v -0.363936 0.800576 -0.132463
v -0.369476 0.804618 -0.134479
v -0.375614 0.809344 -0.136714
v -0.382500 0.814924 -0.139220
v -0.390283 0.821528 -0.142053
v -0.396971 0.830565 -0.144486
v -0.396603 0.839329 -0.144353
v -0.390358 0.847868 -0.142080
v -0.379409 0.856226 -0.138094
v -0.364933 0.864448 -0.132826
v -0.348105 0.872580 -0.126701
v -0.330102 0.880666 -0.120148
v -0.275788 1.491920 -0.100380
v -0.215096 1.990740 -0.078290
v -0.257700 1.990950 -0.093797
v -0.257672 2.091590 -0.093786
v -0.278753 2.091572 -0.101460
v -0.278758 2.149422 -0.101461
v -0.328274 2.149404 -0.119484
v -0.328274 2.227793 -0.119484
v -0.389754 2.227765 -0.141861
v -0.389686 2.359363 -0.141836
v -0.275532 2.359552 -0.100287
v -0.543604 -0.069604 -0.095853
v -0.543604 -0.013101 -0.095853
v -0.569682 -0.001066 -0.100451
v -0.594750 0.011077 -0.104872
v -0.617797 0.023438 -0.108935
v -0.637813 0.036124 -0.112465
v -0.653788 0.049244 -0.115281
v -0.664711 0.062907 -0.117207
v -0.669572 0.077221 -0.118065
v -0.667438 0.088963 -0.117688
v -0.659293 0.100507 -0.116252
v -0.646139 0.111885 -0.113933
v -0.628978 0.123131 -0.110907
v -0.608811 0.134278 -0.107351
v -0.586641 0.145359 -0.103441
v -0.563469 0.156406 -0.099356
v -0.563469 0.202636 -0.099356
v -0.586887 0.209306 -0.103485
v -0.608834 0.218307 -0.107355
v -0.628646 0.228880 -0.110848
v -0.645661 0.240269 -0.113848
v -0.659217 0.251713 -0.116239
v -0.668652 0.262457 -0.117902
v -0.673303 0.271741 -0.118722
v -0.671562 0.292461 -0.118415
v -0.659095 0.322430 -0.116217
v -0.636507 0.360107 -0.112234
v -0.604406 0.403950 -0.106574
v -0.563397 0.452417 -0.099343
v -0.514087 0.503968 -0.090649
v -0.457084 0.557061 -0.080597
v -0.454559 0.721432 -0.080152
v -0.366185 0.749745 -0.064569
v -0.366185 0.790838 -0.064569
v -0.371051 0.793856 -0.065427
v -0.376073 0.797045 -0.066313
v -0.381409 0.800576 -0.067254
v -0.387215 0.804618 -0.068278
v -0.393648 0.809344 -0.069412
v -0.400864 0.814924 -0.070684
v -0.409022 0.821528 -0.072123
v -0.416029 0.830565 -0.073359
v -0.415645 0.839329 -0.073290
v -0.409099 0.847868 -0.072136
v -0.397624 0.856226 -0.070113
v -0.382453 0.864448 -0.067438
v -0.364818 0.872580 -0.064328
v -0.345950 0.880666 -0.061002
v -0.289029 1.491920 -0.050965
v -0.225423 1.990740 -0.039750
v -0.270072 1.990950 -0.047623
v -0.270043 2.091590 -0.047617
v -0.292137 2.091572 -0.051513
v -0.292141 2.149422 -0.051514
v -0.344035 2.149404 -0.060664
v -0.344035 2.227793 -0.060664
v -0.408467 2.227765 -0.072025
v -0.408396 2.359363 -0.072012
v -0.288761 2.359552 -0.050918
v -0.551990 -0.069604 -0.000000
v -0.551990 -0.013101 -0.000000
v -0.578470 -0.001066 -0.000000
v -0.603925 0.011077 -0.000000
v -0.627327 0.023438 -0.000000
v -0.647652 0.036124 -0.000000
v -0.663873 0.049244 -0.000000
v -0.674965 0.062907 -0.000000
v -0.679901 0.077221 -0.000000
v -0.677734 0.088963 -0.000000
v -0.669464 0.100507 -0.000000
v -0.656107 0.111885 -0.000000
v -0.638681 0.123131 -0.000000
v -0.618203 0.134278 -0.000000
v -0.595691 0.145359 -0.000000
v -0.572161 0.156406 -0.000000
v -0.572161 0.202636 -0.000000
v -0.595941 0.209306 -0.000000
v -0.618226 0.218307 -0.000000
v -0.638344 0.228880 -0.000000
v -0.655622 0.240269 -0.000000
v -0.669387 0.251713 -0.000000
v -0.678967 0.262457 -0.000000
v -0.683689 0.271741 -0.000000
v -0.681922 0.292461 -0.000000
v -0.669262 0.322430 -0.000000
v -0.646326 0.360107 -0.000000
v -0.613730 0.403950 -0.000001
v -0.572088 0.452417 -0.000001
v -0.522018 0.503968 -0.000001
v -0.464135 0.557061 -0.000001
v -0.461571 0.721432 -0.000001
v -0.371834 0.749745 -0.000001
v -0.371834 0.790838 -0.000001
v -0.376775 0.793856 -0.000001
v -0.381874 0.797045 -0.000001
v -0.387293 0.800576 -0.000001
v -0.393188 0.804618 -0.000001
v -0.399720 0.809344 -0.000001
v -0.407049 0.814924 -0.000001
v -0.415331 0.821528 -0.000001
v -0.422447 0.830565 -0.000001
v -0.422057 0.839329 -0.000001
v -0.415410 0.847868 -0.000001
v -0.403758 0.856226 -0.000001
v -0.388354 0.864448 -0.000001
v -0.370446 0.872580 -0.000001
v -0.351287 0.880666 -0.000001
v -0.293488 1.491920 -0.000001
v -0.228901 1.990740 -0.000001
v -0.274239 1.990950 -0.000001
v -0.274208 2.091590 -0.000001
v -0.296643 2.091572 -0.000001
v -0.296647 2.149422 -0.000001
v -0.349342 2.149404 -0.000001
v -0.349342 2.227793 -0.000001
v -0.414768 2.227765 -0.000001
v -0.414695 2.359363 -0.000001
v -0.293215 2.359552 -0.000001
v -0.543604 -0.069604 0.095852
v -0.543604 -0.013101 0.095852
v -0.569682 -0.001066 0.100450
v -0.594750 0.011077 0.104870
v -0.617797 0.023438 0.108934
v -0.637813 0.036124 0.112463
v -0.653788 0.049244 0.115280
v -0.664711 0.062907 0.117206
v -0.669571 0.077221 0.118063
v -0.667438 0.088963 0.117687
v -0.659293 0.100507 0.116251
v -0.646139 0.111885 0.113931
v -0.628978 0.123131 0.110905
v -0.608811 0.134278 0.107350
v -0.586640 0.145359 0.103440
v -0.563469 0.156406 0.099354
v -0.563469 0.202636 0.099354
v -0.586887 0.209306 0.103484
v -0.608834 0.218307 0.107353
v -0.628646 0.228880 0.110847
v -0.645661 0.240269 0.113847
v -0.659217 0.251713 0.116237
v -0.668652 0.262457 0.117901
v -0.673303 0.271741 0.118721
v -0.671562 0.292461 0.118414
v -0.659095 0.322430 0.116216
v -0.636507 0.360107 0.112233
v -0.604406 0.403950 0.106573
v -0.563397 0.452417 0.099341
v -0.514087 0.503968 0.090647
v -0.457084 0.557061 0.080596
v -0.454559 0.721432 0.080150
v -0.366185 0.749745 0.064568
v -0.366185 0.790838 0.064568
v -0.371051 0.793856 0.065426
v -0.376073 0.797045 0.066311
v -0.381409 0.800576 0.067252
v -0.387215 0.804618 0.068276
v -0.393648 0.809344 0.069410
v -0.400864 0.814924 0.070683
v -0.409022 0.821528 0.072121
v -0.416029 0.830565 0.073357
v -0.415645 0.839329 0.073289
v -0.409099 0.847868 0.072135
v -0.397624 0.856226 0.070111
v -0.382453 0.864448 0.067436
v -0.364818 0.872580 0.064326
v -0.345950 0.880666 0.061000
v -0.289029 1.491920 0.050963
v -0.225423 1.990740 0.039747
v -0.270072 1.990950 0.047620
v -0.270043 2.091590 0.047615
v -0.292137 2.091572 0.051511
v -0.292141 2.149422 0.051511
v -0.344035 2.149404 0.060661
v -0.344035 2.227793 0.060661
v -0.408467 2.227765 0.072023
v -0.408396 2.359363 0.072010
v -0.288761 2.359552 0.050915
v -0.518701 -0.069604 0.188792
v -0.518701 -0.013101 0.188792
v -0.543584 -0.001066 0.197848
v -0.567504 0.011077 0.206554
v -0.589495 0.023438 0.214558
v -0.608594 0.036124 0.221510
v -0.623837 0.049244 0.227058
v -0.634259 0.062907 0.230851
v -0.638898 0.077221 0.232539
v -0.636861 0.088963 0.231799
v -0.629090 0.100507 0.228970
v -0.616539 0.111885 0.224401
v -0.600164 0.123131 0.218441
v -0.580921 0.134278 0.211437
v -0.559766 0.145359 0.203738
v -0.537655 0.156406 0.195691
v -0.537655 0.202636 0.195690
v -0.560002 0.209306 0.203824
v -0.580942 0.218307 0.211446
v -0.599847 0.228880 0.218326
v -0.616083 0.240269 0.224235
v -0.629018 0.251713 0.228943
v -0.638020 0.262457 0.232220
v -0.642458 0.271741 0.233836
v -0.640797 0.292461 0.233231
v -0.628901 0.322430 0.228901
v -0.607348 0.360107 0.221056
v -0.576717 0.403950 0.209907
v -0.537587 0.452417 0.195666
v -0.490537 0.503968 0.178540
v -0.436144 0.557061 0.158743
v -0.433735 0.721432 0.157866
v -0.349410 0.749745 0.127174
v -0.349410 0.790838 0.127174
v -0.354052 0.793856 0.128864
v -0.358845 0.797045 0.130608
v -0.363936 0.800576 0.132461
v -0.369476 0.804618 0.134478
v -0.375614 0.809344 0.136712
v -0.382500 0.814924 0.139218
v -0.390283 0.821528 0.142051
v -0.396971 0.830565 0.144485
v -0.396603 0.839329 0.144352
v -0.390358 0.847868 0.142078
v -0.379409 0.856226 0.138093
v -0.364932 0.864448 0.132824
v -0.348105 0.872580 0.126700
v -0.330102 0.880666 0.120147
v -0.275788 1.491920 0.100378
v -0.215096 1.990740 0.078288
v -0.257700 1.990950 0.093794
v -0.257672 2.091590 0.093784
v -0.278753 2.091572 0.101457
v -0.278758 2.149422 0.101459
v -0.328274 2.149404 0.119481
v -0.328274 2.227793 0.119481
v -0.389754 2.227765 0.141858
v -0.389686 2.359363 0.141833
v -0.275532 2.359552 0.100285
v -0.478037 -0.069604 0.275995
v -0.478037 -0.013101 0.275995
v -0.500970 -0.001066 0.289235
v -0.523014 0.011077 0.301962
v -0.543282 0.023438 0.313664
v -0.560883 0.036124 0.323826
v -0.574931 0.049244 0.331937
v -0.584536 0.062907 0.337482
v -0.588811 0.077221 0.339950
v -0.586935 0.088963 0.338867
v -0.579773 0.100507 0.334731
v -0.568205 0.111885 0.328053
v -0.553114 0.123131 0.319340
v -0.535379 0.134278 0.309102
v -0.515883 0.145359 0.297845
v -0.495506 0.156406 0.286080
v -0.495506 0.202636 0.286080
v -0.516100 0.209306 0.297970
v -0.535399 0.218307 0.309113
v -0.552822 0.228880 0.319172
v -0.567785 0.240269 0.327810
v -0.579706 0.251713 0.334694
v -0.588002 0.262457 0.339484
v -0.592092 0.271741 0.341844
v -0.590562 0.292461 0.340961
v -0.579598 0.322430 0.334631
v -0.559735 0.360107 0.323163
v -0.531505 0.403950 0.306865
v -0.495443 0.452417 0.286044
v -0.452081 0.503968 0.261009
v -0.401953 0.557061 0.232067
v -0.399732 0.721432 0.230785
v -0.322018 0.749745 0.185917
v -0.322018 0.790838 0.185917
v -0.326296 0.793856 0.188387
v -0.330713 0.797045 0.190937
v -0.335405 0.800576 0.193646
v -0.340511 0.804618 0.196594
v -0.346168 0.809344 0.199860
v -0.352514 0.814924 0.203524
v -0.359687 0.821528 0.207665
v -0.365850 0.830565 0.211223
v -0.365512 0.839329 0.211028
v -0.359755 0.847868 0.207704
v -0.349665 0.856226 0.201879
v -0.336324 0.864448 0.194176
v -0.320816 0.872580 0.185223
v -0.304223 0.880666 0.175643
v -0.254167 1.491920 0.146743
v -0.198234 1.990740 0.114449
v -0.237497 1.990950 0.137119
v -0.237472 2.091590 0.137104
v -0.256900 2.091572 0.148321
v -0.256904 2.149422 0.148323
v -0.302539 2.149404 0.174670
v -0.302539 2.227793 0.174670
v -0.359200 2.227765 0.207383
v -0.359137 2.359363 0.207347
v -0.253932 2.359552 0.146607
v -0.422849 -0.069604 0.354812
v -0.422849 -0.013101 0.354812
v -0.443134 -0.001066 0.371834
v -0.462633 0.011077 0.388196
v -0.480560 0.023438 0.403238
v -0.496130 0.036124 0.416303
v -0.508556 0.049244 0.426729
v -0.517053 0.062907 0.433859
v -0.520834 0.077221 0.437032
v -0.519174 0.088963 0.435639
v -0.512839 0.100507 0.430323
v -0.502607 0.111885 0.421737
v -0.489258 0.123131 0.410536
v -0.473571 0.134278 0.397373
v -0.456325 0.145359 0.382902
v -0.438300 0.156406 0.367778
v -0.438300 0.202636 0.367778
v -0.456517 0.209306 0.383063
v -0.473589 0.218307 0.397388
v -0.488999 0.228880 0.410320
v -0.502235 0.240269 0.421425
v -0.512780 0.251714 0.430273
v -0.520118 0.262457 0.436431
v -0.523736 0.271741 0.439467
v -0.522382 0.292461 0.438331
v -0.512685 0.322430 0.430194
v -0.495114 0.360107 0.415450
v -0.470144 0.403950 0.394497
v -0.438245 0.452417 0.367731
v -0.399889 0.503968 0.335547
v -0.355548 0.557061 0.298341
v -0.353584 0.721432 0.296693
v -0.284841 0.749745 0.239010
v -0.284841 0.790838 0.239010
v -0.288626 0.793856 0.242186
v -0.292533 0.797045 0.245464
v -0.296683 0.800576 0.248947
v -0.301199 0.804618 0.252736
v -0.306203 0.809344 0.256935
v -0.311817 0.814924 0.261645
v -0.318162 0.821528 0.266970
v -0.323613 0.830565 0.271544
v -0.323314 0.839329 0.271293
v -0.318222 0.847868 0.267020
v -0.309296 0.856226 0.259531
v -0.297496 0.864448 0.249629
v -0.283778 0.872580 0.238118
v -0.269101 0.880666 0.225803
v -0.224824 1.491920 0.188650
v -0.175348 1.990740 0.147134
v -0.210079 1.990950 0.176276
v -0.210056 2.091590 0.176258
v -0.227242 2.091572 0.190678
v -0.227245 2.149422 0.190681
v -0.267612 2.149404 0.224552
v -0.267612 2.227793 0.224552
v -0.317731 2.227765 0.266607
v -0.317675 2.359363 0.266561
v -0.224616 2.359552 0.188475
v -0.354812 -0.069604 0.422849
v -0.354812 -0.013101 0.422849
v -0.371833 -0.001066 0.443135
v -0.388195 0.011077 0.462634
v -0.403238 0.023438 0.480561
v -0.416302 0.036124 0.496131
v -0.426729 0.049244 0.508556
v -0.433858 0.062907 0.517054
v -0.437031 0.077221 0.520834
v -0.435638 0.088963 0.519174
v -0.430322 0.100507 0.512839
v -0.421737 0.111885 0.502607
v -0.410536 0.123131 0.489258
v -0.397373 0.134278 0.473571
v -0.382902 0.145359 0.456326
v -0.367778 0.156406 0.438301
v -0.367778 0.202636 0.438301
v -0.383063 0.209306 0.456518
v -0.397388 0.218307 0.473589
v -0.410319 0.228880 0.489000
v -0.421425 0.240269 0.502236
v -0.430273 0.251714 0.512780
v -0.436431 0.262457 0.520119
v -0.439466 0.271741 0.523736
v -0.438331 0.292461 0.522383
v -0.430193 0.322430 0.512685
v -0.415450 0.360107 0.495114
v -0.394497 0.403950 0.470144
v -0.367731 0.452417 0.438245
v -0.335546 0.503968 0.399889
v -0.298340 0.557061 0.355548
v -0.296692 0.721432 0.353584
v -0.239010 0.749745 0.284841
v -0.239010 0.790838 0.284841
v -0.242186 0.793856 0.288626
v -0.245464 0.797045 0.292533
v -0.248947 0.800576 0.296683
v -0.252736 0.804618 0.301200
v -0.256935 0.809344 0.306203
v -0.261645 0.814924 0.311817
v -0.266969 0.821528 0.318162
v -0.271544 0.830565 0.323613
v -0.271292 0.839329 0.323314
v -0.267020 0.847868 0.318222
v -0.259530 0.856226 0.309296
v -0.249629 0.864448 0.297496
v -0.238118 0.872580 0.283778
v -0.225803 0.880666 0.269102
v -0.188650 1.491920 0.224824
v -0.147134 1.990740 0.175348
v -0.176277 1.990950 0.210078
v -0.176258 2.091590 0.210056
v -0.190678 2.091572 0.227241
v -0.190681 2.149422 0.227245
v -0.224552 2.149404 0.267611
v -0.224552 2.227793 0.267611
v -0.266607 2.227765 0.317731
v -0.266561 2.359363 0.317674
v -0.188475 2.359552 0.224616
v -0.275994 -0.069604 0.478038
v -0.275994 -0.013101 0.478038
v -0.289235 -0.001066 0.500970
v -0.301962 0.011077 0.523014
v -0.313663 0.023438 0.543282
v -0.323825 0.036124 0.560883
v -0.331936 0.049244 0.574931
v -0.337482 0.062907 0.584537
v -0.339950 0.077221 0.588811
v -0.338866 0.088963 0.586935
v -0.334731 0.100507 0.579773
v -0.328053 0.111885 0.568205
v -0.319340 0.123131 0.553114
v -0.309101 0.134278 0.535380
v -0.297845 0.145359 0.515883
v -0.286080 0.156406 0.495506
v -0.286080 0.202636 0.495506
v -0.297970 0.209306 0.516100
v -0.309113 0.218307 0.535399
v -0.319171 0.228880 0.552822
v -0.327810 0.240269 0.567785
v -0.334693 0.251714 0.579706
v -0.339483 0.262457 0.588002
v -0.341844 0.271741 0.592093
v -0.340960 0.292461 0.590562
v -0.334631 0.322430 0.579599
v -0.323163 0.360107 0.559735
v -0.306865 0.403950 0.531505
v -0.286043 0.452417 0.495443
v -0.261009 0.503968 0.452081
v -0.232067 0.557061 0.401953
v -0.230785 0.721432 0.399732
v -0.185917 0.749745 0.322018
v -0.185917 0.790838 0.322018
v -0.188387 0.793856 0.326296
v -0.190937 0.797045 0.330713
v -0.193646 0.800576 0.335405
v -0.196594 0.804618 0.340511
v -0.199860 0.809344 0.346168
v -0.203524 0.814924 0.352514
v -0.207665 0.821528 0.359687
v -0.211223 0.830565 0.365850
v -0.211028 0.839329 0.365511
v -0.207704 0.847868 0.359755
v -0.201878 0.856226 0.349665
v -0.194176 0.864448 0.336324
v -0.185222 0.872580 0.320816
v -0.175643 0.880666 0.304224
v -0.146743 1.491920 0.254167
v -0.114450 1.990740 0.198233
v -0.137119 1.990950 0.237497
v -0.137104 2.091590 0.237472
v -0.148321 2.091572 0.256900
v -0.148324 2.149422 0.256904
v -0.174671 2.149404 0.302539
v -0.174671 2.227793 0.302539
v -0.207384 2.227765 0.359200
v -0.207347 2.359363 0.359137
v -0.146607 2.359552 0.253931
v -0.188791 -0.069603 0.518701
v -0.188791 -0.013101 0.518701
v -0.197848 -0.001066 0.543584
v -0.206554 0.011077 0.567504
v -0.214558 0.023438 0.589495
v -0.221510 0.036124 0.608595
v -0.227057 0.049244 0.623837
v -0.230851 0.062907 0.634259
v -0.232539 0.077221 0.638898
v -0.231798 0.088963 0.636862
v -0.228969 0.100507 0.629090
v -0.224401 0.111885 0.616539
v -0.218441 0.123131 0.600164
v -0.211437 0.134278 0.580921
v -0.203737 0.145359 0.559766
v -0.195690 0.156406 0.537655
v -0.195690 0.202636 0.537655
v -0.203823 0.209306 0.560002
v -0.211445 0.218307 0.580943
v -0.218326 0.228880 0.599847
v -0.224235 0.240269 0.616083
v -0.228943 0.251714 0.629018
v -0.232220 0.262457 0.638020
v -0.233835 0.271741 0.642458
v -0.233230 0.292461 0.640797
v -0.228901 0.322430 0.628902
v -0.221056 0.360107 0.607348
v -0.209907 0.403950 0.576717
v -0.195665 0.452417 0.537587
v -0.178540 0.503968 0.490537
v -0.158743 0.557061 0.436144
v -0.157866 0.721432 0.433735
v -0.127174 0.749745 0.349409
v -0.127174 0.790838 0.349409
v -0.128864 0.793856 0.354052
v -0.130608 0.797045 0.358845
v -0.132461 0.800576 0.363936
v -0.134478 0.804618 0.369476
v -0.136712 0.809344 0.375614
v -0.139218 0.814924 0.382500
v -0.142051 0.821528 0.390283
v -0.144485 0.830565 0.396971
v -0.144351 0.839329 0.396603
v -0.142078 0.847868 0.390357
v -0.138093 0.856226 0.379409
v -0.132824 0.864448 0.364932
v -0.126699 0.872580 0.348105
v -0.120147 0.880666 0.330102
v -0.100378 1.491920 0.275788
v -0.078288 1.990740 0.215096
v -0.093795 1.990950 0.257700
v -0.093785 2.091590 0.257671
v -0.101457 2.091572 0.278753
v -0.101459 2.149422 0.278758
v -0.119481 2.149404 0.328274
v -0.119482 2.227793 0.328274
v -0.141859 2.227765 0.389754
v -0.141834 2.359363 0.389686
v -0.100285 2.359552 0.275532
v -0.095851 -0.069603 0.543604
v -0.095851 -0.013101 0.543604
v -0.100449 -0.001066 0.569682
v -0.104870 0.011077 0.594750
v -0.108933 0.023438 0.617797
v -0.112463 0.036124 0.637813
v -0.115279 0.049244 0.653788
v -0.117205 0.062907 0.664711
v -0.118063 0.077221 0.669572
v -0.117686 0.088963 0.667438
v -0.116250 0.100507 0.659293
v -0.113931 0.111885 0.646139
v -0.110905 0.123131 0.628978
v -0.107349 0.134278 0.608812
v -0.103440 0.145359 0.586640
v -0.099354 0.156406 0.563469
v -0.099354 0.202636 0.563469
v -0.103483 0.209306 0.586888
v -0.107353 0.218307 0.608834
v -0.110846 0.228880 0.628646
v -0.113846 0.240269 0.645661
v -0.116237 0.251714 0.659217
v -0.117900 0.262457 0.668652
v -0.118721 0.271741 0.673303
v -0.118414 0.292461 0.671562
v -0.116215 0.322430 0.659095
v -0.112233 0.360107 0.636508
v -0.106572 0.403950 0.604406
v -0.099341 0.452417 0.563397
v -0.090646 0.503968 0.514088
v -0.080595 0.557061 0.457084
v -0.080150 0.721432 0.454559
v -0.064567 0.749745 0.366185
v -0.064567 0.790838 0.366185
v -0.065426 0.793856 0.371050
v -0.066311 0.797045 0.376073
v -0.067252 0.800576 0.381409
v -0.068276 0.804618 0.387215
v -0.069410 0.809344 0.393648
v -0.070682 0.814924 0.400864
v -0.072120 0.821528 0.409022
v -0.073357 0.830565 0.416029
v -0.073288 0.839329 0.415644
v -0.072134 0.847868 0.409099
v -0.070111 0.856226 0.397624
v -0.067436 0.864448 0.382454
v -0.064326 0.872580 0.364818
v -0.060999 0.880666 0.345950
v -0.050963 1.491920 0.289029
v -0.039747 1.990740 0.225423
v -0.047620 1.990950 0.270072
v -0.047615 2.091590 0.270043
v -0.051511 2.091572 0.292136
v -0.051512 2.149422 0.292141
v -0.060662 2.149404 0.344035
v -0.060662 2.227793 0.344035
v -0.072023 2.227765 0.408467
v -0.072011 2.359363 0.408395
v -0.050916 2.359552 0.288761
v 0.000001 -0.069603 0.551990
v 0.000001 -0.013101 0.551990
v 0.000001 -0.001066 0.578470
v 0.000001 0.011077 0.603925
v 0.000001 0.023438 0.627327
v 0.000001 0.036124 0.647653
v 0.000001 0.049244 0.663873
v 0.000001 0.062907 0.674965
v 0.000001 0.077221 0.679901
v 0.000001 0.088963 0.677735
v 0.000001 0.100507 0.669464
v 0.000001 0.111885 0.656107
v 0.000001 0.123131 0.638681
v 0.000001 0.134278 0.618203
v 0.000001 0.145359 0.595691
v 0.000001 0.156406 0.572161
v 0.000001 0.202636 0.572161
v 0.000001 0.209306 0.595941
v 0.000001 0.218307 0.618226
v 0.000001 0.228880 0.638344
v 0.000001 0.240269 0.655622
v 0.000001 0.251713 0.669387
v 0.000001 0.262457 0.678967
v 0.000001 0.271741 0.683690
v 0.000001 0.292461 0.681923
v 0.000001 0.322430 0.669262
v 0.000001 0.360107 0.646326
v 0.000001 0.403950 0.613730
v 0.000001 0.452418 0.572088
v 0.000001 0.503968 0.522018
v 0.000001 0.557061 0.464136
v 0.000001 0.721432 0.461571
v 0.000001 0.749745 0.371834
v 0.000001 0.790838 0.371834
v 0.000001 0.793856 0.376775
v 0.000001 0.797045 0.381875
v 0.000001 0.800576 0.387293
v 0.000001 0.804618 0.393188
v 0.000001 0.809344 0.399720
v 0.000001 0.814924 0.407049
v 0.000001 0.821528 0.415331
v 0.000001 0.830565 0.422447
v 0.000001 0.839329 0.422057
v 0.000001 0.847868 0.415410
v 0.000001 0.856226 0.403759
v 0.000001 0.864448 0.388354
v 0.000001 0.872580 0.370446
v 0.000001 0.880666 0.351287
v 0.000001 1.491920 0.293488
v 0.000001 1.990740 0.228901
v 0.000001 1.990950 0.274238
v 0.000001 2.091590 0.274208
v 0.000001 2.091572 0.296643
v 0.000001 2.149422 0.296647
v 0.000001 2.149404 0.349342
v 0.000001 2.227793 0.349342
v 0.000001 2.227765 0.414768
v 0.000001 2.359363 0.414695
v 0.000001 2.359552 0.293215
v 0.095854 -0.069603 0.543604
v 0.095854 -0.013101 0.543604
v 0.100452 -0.001066 0.569682
v 0.104872 0.011077 0.594750
v 0.108936 0.023438 0.617797
v 0.112465 0.036124 0.637813
v 0.115282 0.049244 0.653788
v 0.117208 0.062907 0.664711
v 0.118065 0.077221 0.669572
v 0.117689 0.088963 0.667438
v 0.116253 0.100507 0.659293
v 0.113933 0.111885 0.646139
v 0.110907 0.123131 0.628978
v 0.107352 0.134278 0.608812
v 0.103442 0.145359 0.586640
v 0.099356 0.156406 0.563469
v 0.099356 0.202636 0.563469
v 0.103486 0.209306 0.586887
v 0.107355 0.218307 0.608834
v 0.110849 0.228880 0.628646
v 0.113849 0.240269 0.645661
v 0.116239 0.251714 0.659217
v 0.117903 0.262457 0.668652
v 0.118723 0.271741 0.673303
v 0.118416 0.292461 0.671562
v 0.116218 0.322430 0.659095
v 0.112235 0.360107 0.636507
v 0.106575 0.403950 0.604406
v 0.099344 0.452417 0.563397
v 0.090649 0.503968 0.514088
v 0.080598 0.557061 0.457084
v 0.080152 0.721432 0.454559
v 0.064570 0.749745 0.366184
v 0.064570 0.790838 0.366184
v 0.065427 0.793856 0.371050
v 0.066313 0.797045 0.376073
v 0.067254 0.800576 0.381409
v 0.068278 0.804618 0.387215
v 0.069412 0.809344 0.393648
v 0.070685 0.814924 0.400864
v 0.072123 0.821528 0.409022
v 0.073359 0.830565 0.416029
v 0.073291 0.839329 0.415644
v 0.072137 0.847868 0.409099
v 0.070113 0.856226 0.397624
v 0.067438 0.864448 0.382454
v 0.064329 0.872580 0.364818
v 0.061002 0.880666 0.345950
v 0.050965 1.491920 0.289028
v 0.039749 1.990740 0.225423
v 0.047622 1.990950 0.270072
v 0.047617 2.091590 0.270043
v 0.051512 2.091572 0.292136
v 0.051513 2.149422 0.292141
v 0.060664 2.149404 0.344035
v 0.060664 2.227793 0.344035
v 0.072025 2.227765 0.408467
v 0.072012 2.359363 0.408395
v 0.050917 2.359552 0.288761
v 0.188794 -0.069603 0.518701
v 0.188794 -0.013101 0.518701
v 0.197850 -0.001066 0.543584
v 0.206556 0.011077 0.567503
v 0.214560 0.023438 0.589495
v 0.221512 0.036124 0.608594
v 0.227060 0.049244 0.623836
v 0.230853 0.062907 0.634259
v 0.232541 0.077221 0.638897
v 0.231801 0.088963 0.636861
v 0.228972 0.100507 0.629090
v 0.224403 0.111885 0.616539
v 0.218443 0.123131 0.600164
v 0.211440 0.134278 0.580921
v 0.203740 0.145359 0.559766
v 0.195692 0.156406 0.537655
v 0.195692 0.202636 0.537655
v 0.203826 0.209306 0.560002
v 0.211448 0.218307 0.580943
v 0.218328 0.228880 0.599847
v 0.224237 0.240269 0.616083
v 0.228945 0.251714 0.629018
v 0.232222 0.262457 0.638020
v 0.233837 0.271741 0.642457
v 0.233233 0.292461 0.640797
v 0.228903 0.322430 0.628901
v 0.221058 0.360107 0.607348
v 0.209909 0.403950 0.576717
v 0.195667 0.452417 0.537587
v 0.178542 0.503968 0.490537
v 0.158745 0.557061 0.436144
v 0.157868 0.721432 0.433735
v 0.127176 0.749745 0.349409
v 0.127176 0.790838 0.349409
v 0.128866 0.793856 0.354052
v 0.130610 0.797045 0.358844
v 0.132463 0.800576 0.363936
v 0.134480 0.804618 0.369476
v 0.136714 0.809344 0.375614
v 0.139220 0.814924 0.382500
v 0.142053 0.821528 0.390283
v 0.144487 0.830565 0.396971
v 0.144354 0.839329 0.396603
v 0.142080 0.847868 0.390357
v 0.138095 0.856226 0.379409
v 0.132826 0.864448 0.364932
v 0.126701 0.872580 0.348105
v 0.120149 0.880666 0.330102
v 0.100380 1.491920 0.275788
v 0.078290 1.990740 0.215096
v 0.093797 1.990950 0.257700
v 0.093786 2.091590 0.257671
v 0.101459 2.091572 0.278753
v 0.101461 2.149422 0.278758
v 0.119483 2.149404 0.328274
v 0.119483 2.227793 0.328274
v 0.141861 2.227765 0.389754
v 0.141836 2.359363 0.389686
v 0.100286 2.359552 0.275532
v 0.275997 -0.069604 0.478037
v 0.275997 -0.013101 0.478037
v 0.289237 -0.001066 0.500970
v 0.301964 0.011077 0.523014
v 0.313666 0.023438 0.543282
v 0.323827 0.036124 0.560883
v 0.331938 0.049244 0.574931
v 0.337484 0.062907 0.584536
v 0.339952 0.077221 0.588811
v 0.338869 0.088963 0.586935
v 0.334733 0.100507 0.579773
v 0.328055 0.111885 0.568205
v 0.319342 0.123131 0.553114
v 0.309103 0.134278 0.535379
v 0.297847 0.145359 0.515883
v 0.286082 0.156406 0.495506
v 0.286082 0.202636 0.495506
v 0.297972 0.209306 0.516100
v 0.309115 0.218307 0.535399
v 0.319173 0.228880 0.552822
v 0.327812 0.240269 0.567785
v 0.334694 0.251714 0.579706
v 0.339485 0.262457 0.588002
v 0.341846 0.271741 0.592093
v 0.340963 0.292461 0.590562
v 0.334633 0.322430 0.579599
v 0.323164 0.360107 0.559735
v 0.306866 0.403950 0.531505
v 0.286046 0.452417 0.495443
v 0.261010 0.503968 0.452081
v 0.232069 0.557061 0.401953
v 0.230787 0.721432 0.399732
v 0.185918 0.749745 0.322018
v 0.185918 0.790838 0.322018
v 0.188389 0.793856 0.326296
v 0.190938 0.797045 0.330713
v 0.193648 0.800576 0.335405
v 0.196595 0.804618 0.340511
v 0.199862 0.809344 0.346168
v 0.203526 0.814924 0.352514
v 0.207667 0.821528 0.359687
v 0.211225 0.830565 0.365850
v 0.211030 0.839329 0.365511
v 0.207706 0.847868 0.359755
v 0.201880 0.856226 0.349665
v 0.194178 0.864448 0.336324
v 0.185224 0.872580 0.320816
v 0.175645 0.880666 0.304224
v 0.146745 1.491920 0.254167
v 0.114452 1.990740 0.198233
v 0.137120 1.990950 0.237497
v 0.137106 2.091590 0.237472
v 0.148323 2.091572 0.256900
v 0.148325 2.149422 0.256904
v 0.174672 2.149404 0.302539
v 0.174672 2.227793 0.302539
v 0.207385 2.227765 0.359200
v 0.207349 2.359363 0.359137
v 0.146609 2.359552 0.253932
v 0.354814 -0.069604 0.422849
v 0.354814 -0.013101 0.422849
v 0.371835 -0.001066 0.443134
v 0.388197 0.011077 0.462633
v 0.403240 0.023438 0.480560
v 0.416305 0.036124 0.496130
v 0.426731 0.049244 0.508556
v 0.433861 0.062907 0.517053
v 0.437033 0.077221 0.520834
v 0.435641 0.088963 0.519174
v 0.430325 0.100507 0.512839
v 0.421739 0.111885 0.502607
v 0.410538 0.123131 0.489258
v 0.397375 0.134278 0.473571
v 0.382904 0.145359 0.456326
v 0.367780 0.156406 0.438300
v 0.367780 0.202636 0.438300
v 0.383065 0.209306 0.456517
v 0.397390 0.218307 0.473589
v 0.410321 0.228880 0.488999
v 0.421427 0.240269 0.502235
v 0.430275 0.251714 0.512780
v 0.436433 0.262457 0.520119
v 0.439469 0.271741 0.523736
v 0.438333 0.292461 0.522383
v 0.430195 0.322430 0.512685
v 0.415452 0.360107 0.495114
v 0.394499 0.403950 0.470144
v 0.367733 0.452417 0.438245
v 0.335549 0.503968 0.399889
v 0.298342 0.557061 0.355548
v 0.296694 0.721432 0.353584
v 0.239012 0.749745 0.284841
v 0.239012 0.790838 0.284841
v 0.242188 0.793856 0.288626
v 0.245466 0.797045 0.292532
v 0.248949 0.800576 0.296683
v 0.252738 0.804618 0.301199
v 0.256937 0.809344 0.306203
v 0.261647 0.814924 0.311817
v 0.266971 0.821528 0.318162
v 0.271546 0.830565 0.323613
v 0.271295 0.839329 0.323314
v 0.267022 0.847868 0.318222
v 0.259533 0.856226 0.309296
v 0.249630 0.864448 0.297496
v 0.238120 0.872580 0.283778
v 0.225805 0.880666 0.269102
v 0.188651 1.491920 0.224824
v 0.147136 1.990740 0.175348
v 0.176278 1.990950 0.210078
v 0.176259 2.091590 0.210056
v 0.190680 2.091572 0.227241
v 0.190683 2.149422 0.227245
v 0.224554 2.149404 0.267612
v 0.224554 2.227793 0.267612
v 0.266609 2.227765 0.317731
v 0.266563 2.359363 0.317675
v 0.188476 2.359552 0.224616
v 0.422851 -0.069604 0.354812
v 0.422851 -0.013101 0.354812
v 0.443136 -0.001066 0.371833
v 0.462635 0.011077 0.388195
v 0.480563 0.023438 0.403238
v 0.496132 0.036124 0.416303
v 0.508558 0.049244 0.426729
v 0.517055 0.062907 0.433858
v 0.520836 0.077221 0.437032
v 0.519176 0.088963 0.435638
v 0.512841 0.100507 0.430323
v 0.502609 0.111885 0.421737
v 0.489260 0.123131 0.410536
v 0.473573 0.134278 0.397372
v 0.456327 0.145359 0.382902
v 0.438303 0.156406 0.367777
v 0.438303 0.202636 0.367777
v 0.456519 0.209306 0.383063
v 0.473591 0.218307 0.397388
v 0.489002 0.228880 0.410319
v 0.502237 0.240269 0.421425
v 0.512782 0.251714 0.430273
v 0.520121 0.262457 0.436431
v 0.523738 0.271741 0.439466
v 0.522384 0.292461 0.438331
v 0.512687 0.322430 0.430193
v 0.495117 0.360107 0.415450
v 0.470146 0.403950 0.394497
v 0.438247 0.452417 0.367731
v 0.399891 0.503968 0.335547
v 0.355550 0.557061 0.298340
v 0.353586 0.721432 0.296692
v 0.284843 0.749745 0.239010
v 0.284843 0.790838 0.239010
v 0.288628 0.793856 0.242186
v 0.292535 0.797045 0.245464
v 0.296685 0.800576 0.248946
v 0.301201 0.804618 0.252736
v 0.306205 0.809344 0.256935
v 0.311819 0.814924 0.261645
v 0.318164 0.821528 0.266969
v 0.323615 0.830565 0.271544
v 0.323316 0.839329 0.271293
v 0.318224 0.847868 0.267020
v 0.309298 0.856226 0.259531
v 0.297498 0.864448 0.249629
v 0.283780 0.872580 0.238118
v 0.269104 0.880666 0.225803
v 0.224826 1.491920 0.188650
v 0.175349 1.990740 0.147134
v 0.210081 1.990950 0.176277
v 0.210058 2.091590 0.176258
v 0.227243 2.091572 0.190678
v 0.227247 2.149422 0.190681
v 0.267613 2.149404 0.224552
v 0.267613 2.227793 0.224552
v 0.317733 2.227765 0.266607
v 0.317677 2.359363 0.266561
v 0.224617 2.359552 0.188475
v 0.478039 -0.069604 0.275994
v 0.478039 -0.013101 0.275994
v 0.500972 -0.001066 0.289234
v 0.523016 0.011077 0.301962
v 0.543283 0.023438 0.313663
v 0.560885 0.036124 0.323825
v 0.574933 0.049244 0.331936
v 0.584539 0.062907 0.337482
v 0.588813 0.077221 0.339950
v 0.586937 0.088963 0.338866
v 0.579775 0.100507 0.334731
v 0.568207 0.111885 0.328053
v 0.553116 0.123131 0.319340
v 0.535381 0.134278 0.309101
v 0.515885 0.145359 0.297845
v 0.495508 0.156406 0.286080
v 0.495508 0.202636 0.286080
v 0.516102 0.209306 0.297969
v 0.535402 0.218307 0.309113
v 0.552824 0.228880 0.319171
v 0.567787 0.240269 0.327810
v 0.579708 0.251713 0.334693
v 0.588004 0.262457 0.339483
v 0.592094 0.271741 0.341844
v 0.590564 0.292461 0.340961
v 0.579600 0.322430 0.334631
v 0.559737 0.360107 0.323163
v 0.531507 0.403950 0.306865
v 0.495445 0.452417 0.286043
v 0.452083 0.503968 0.261008
v 0.401955 0.557061 0.232067
v 0.399734 0.721432 0.230785
v 0.322019 0.749745 0.185916
v 0.322019 0.790838 0.185916
v 0.326298 0.793856 0.188387
v 0.330715 0.797045 0.190937
v 0.335407 0.800576 0.193646
v 0.340513 0.804618 0.196594
v 0.346170 0.809344 0.199860
v 0.352516 0.814924 0.203524
v 0.359689 0.821528 0.207665
v 0.365852 0.830565 0.211223
v 0.365514 0.839329 0.211027
v 0.359757 0.847868 0.207704
v 0.349667 0.856226 0.201878
v 0.336326 0.864448 0.194176
v 0.320817 0.872580 0.185222
v 0.304226 0.880666 0.175643
v 0.254169 1.491920 0.146743
v 0.198235 1.990740 0.114450
v 0.237499 1.990950 0.137119
v 0.237473 2.091590 0.137104
v 0.256902 2.091572 0.148321
v 0.256906 2.149422 0.148323
v 0.302541 2.149404 0.174670
v 0.302541 2.227793 0.174670
v 0.359202 2.227765 0.207383
v 0.359139 2.359363 0.207347
v 0.253934 2.359552 0.146607
v 0.518703 -0.069604 0.188791
v 0.518703 -0.013101 0.188791
v 0.543586 -0.001066 0.197848
v 0.567506 0.011077 0.206554
v 0.589497 0.023438 0.214558
v 0.608596 0.036124 0.221510
v 0.623839 0.049244 0.227058
v 0.634261 0.062907 0.230851
v 0.638899 0.077221 0.232539
v 0.636864 0.088963 0.231798
v 0.629092 0.100507 0.228970
v 0.616541 0.111885 0.224401
v 0.600166 0.123131 0.218441
v 0.580923 0.134278 0.211437
v 0.559768 0.145359 0.203738
v 0.537657 0.156406 0.195690
v 0.537657 0.202636 0.195690
v 0.560003 0.209306 0.203823
v 0.580944 0.218307 0.211446
v 0.599849 0.228880 0.218326
v 0.616085 0.240269 0.224235
v 0.629020 0.251713 0.228943
v 0.638022 0.262457 0.232220
v 0.642460 0.271741 0.233835
v 0.640799 0.292461 0.233231
v 0.628903 0.322430 0.228901
v 0.607350 0.360107 0.221056
v 0.576719 0.403950 0.209907
v 0.537589 0.452417 0.195665
v 0.490538 0.503968 0.178540
v 0.436146 0.557061 0.158743
v 0.433737 0.721432 0.157866
v 0.349411 0.749745 0.127174
v 0.349411 0.790838 0.127174
v 0.354054 0.793856 0.128864
v 0.358847 0.797045 0.130608
v 0.363938 0.800576 0.132461
v 0.369478 0.804618 0.134478
v 0.375616 0.809344 0.136712
v 0.382502 0.814924 0.139218
v 0.390285 0.821528 0.142051
v 0.396973 0.830565 0.144485
v 0.396605 0.839329 0.144351
v 0.390359 0.847868 0.142078
v 0.379411 0.856226 0.138093
v 0.364934 0.864448 0.132824
v 0.348107 0.872580 0.126699
v 0.330104 0.880666 0.120147
v 0.275790 1.491920 0.100378
v 0.215098 1.990740 0.078288
v 0.257702 1.990950 0.093795
v 0.257674 2.091590 0.093784
v 0.278755 2.091572 0.101457
v 0.278759 2.149422 0.101459
v 0.328276 2.149404 0.119481
v 0.328276 2.227793 0.119481
v 0.389756 2.227765 0.141859
v 0.389688 2.359363 0.141834
v 0.275534 2.359552 0.100285
v 0.543606 -0.069604 0.095851
v 0.543606 -0.013101 0.095851
v 0.569684 -0.001066 0.100449
v 0.594752 0.011077 0.104870
v 0.617799 0.023438 0.108933
v 0.637815 0.036124 0.112463
v 0.653789 0.049244 0.115279
v 0.664712 0.062907 0.117205
v 0.669573 0.077221 0.118063
v 0.667440 0.088963 0.117686
v 0.659295 0.100507 0.116250
v 0.646141 0.111885 0.113931
v 0.628980 0.123131 0.110905
v 0.608813 0.134278 0.107349
v 0.586643 0.145359 0.103440
v 0.563470 0.156406 0.099354
v 0.563470 0.202636 0.099354
v 0.586889 0.209306 0.103483
v 0.608836 0.218307 0.107353
v 0.628648 0.228880 0.110846
v 0.645663 0.240269 0.113846
v 0.659219 0.251713 0.116237
v 0.668654 0.262457 0.117900
v 0.673305 0.271741 0.118721
v 0.671564 0.292461 0.118414
v 0.659097 0.322430 0.116215
v 0.636509 0.360107 0.112233
v 0.604407 0.403950 0.106572
v 0.563399 0.452417 0.099341
v 0.514089 0.503968 0.090646
v 0.457086 0.557061 0.080595
v 0.454561 0.721432 0.080150
v 0.366187 0.749745 0.064567
v 0.366187 0.790838 0.064567
v 0.371052 0.793856 0.065425
v 0.376075 0.797045 0.066311
v 0.381411 0.800576 0.067252
v 0.387217 0.804618 0.068275
v 0.393650 0.809344 0.069410
v 0.400866 0.814924 0.070682
v 0.409023 0.821528 0.072120
v 0.416031 0.830565 0.073356
v 0.415646 0.839329 0.073288
v 0.409101 0.847868 0.072134
v 0.397626 0.856226 0.070111
v 0.382455 0.864448 0.067436
v 0.364820 0.872580 0.064326
v 0.345952 0.880666 0.060999
v 0.289031 1.491920 0.050963
v 0.225425 1.990740 0.039747
v 0.270074 1.990950 0.047620
v 0.270044 2.091590 0.047615
v 0.292138 2.091572 0.051511
v 0.292143 2.149422 0.051512
v 0.344036 2.149404 0.060662
v 0.344036 2.227793 0.060662
v 0.408469 2.227765 0.072023
v 0.408397 2.359363 0.072010
v 0.288762 2.359552 0.050916
v 0.414894 2.495508 -0.000072
v 0.408594 2.495508 -0.072083
v 0.288959 2.495697 -0.050989
v 0.293413 2.495697 -0.000072
v 0.389885 2.495508 -0.141907
v 0.275731 2.495697 -0.100358
v 0.359335 2.495508 -0.207421
v 0.254130 2.495697 -0.146681
v 0.317873 2.495508 -0.266634
v 0.224814 2.495697 -0.188548
v 0.207385 2.495508 -0.359345
v 0.141872 2.495508 -0.389894
v 0.100323 2.495697 -0.275740
v 0.146645 2.495697 -0.254140
v 0.072048 2.495508 -0.408603
v 0.050954 2.495697 -0.288969
v 0.000037 2.495508 -0.414903
v 0.000037 2.495697 -0.293423
v -0.071974 2.495508 -0.408603
v -0.050879 2.495697 -0.288969
v -0.207507 2.495508 -0.359273
v -0.266721 2.495508 -0.317812
v -0.188635 2.495697 -0.224752
v -0.146767 2.495697 -0.254068
v -0.317835 2.495508 -0.266697
v -0.224776 2.495697 -0.188611
v -0.359297 2.495508 -0.207484
v -0.254092 2.495697 -0.146744
v -0.389847 2.495508 -0.141970
v -0.275692 2.495697 -0.100421
v -0.414892 2.495508 0.000070
v -0.408592 2.495508 0.072082
v -0.288957 2.495697 0.050987
v -0.293412 2.495697 0.000070
v -0.389883 2.495508 0.141905
v -0.275729 2.495697 0.100356
v -0.359334 2.495508 0.207418
v -0.254128 2.495697 0.146678
v -0.317872 2.495508 0.266632
v -0.224812 2.495697 0.188546
v -0.207384 2.495508 0.359342
v -0.141870 2.495508 0.389892
v -0.100322 2.495698 0.275737
v -0.146644 2.495697 0.254137
v -0.072047 2.495508 0.408601
v -0.050952 2.495697 0.288966
v -0.000036 2.495508 0.414901
v -0.000036 2.495697 0.293420
v 0.071976 2.495508 0.408601
v 0.050881 2.495697 0.288966
v 0.207509 2.495508 0.359271
v 0.266722 2.495508 0.317809
v 0.188637 2.495697 0.224750
v 0.146769 2.495697 0.254066
v 0.317837 2.495508 0.266695
v 0.224778 2.495697 0.188609
v 0.359298 2.495508 0.207482
v 0.254094 2.495697 0.146742
v 0.389848 2.495508 0.141968
v 0.275694 2.495697 0.100419
vn 0.000000 -1.000000 0.000000
vn 0.000000 -1.000000 0.000000
vn 0.000000 -1.000000 0.000000
vn 1.000000 0.000000 0.000000
vn 0.984808 0.000000 -0.173649
vn 0.984808 0.000000 -0.173649
vn 0.984808 0.000000 -0.173649
vn 1.000000 0.000000 0.000000
vn 1.000000 0.000000 0.000000
vn 0.413750 -0.910390 0.000000
vn 0.407465 -0.910390 -0.071847
vn 0.416186 -0.906313 -0.073385
vn 0.416186 -0.906313 -0.073385
vn 0.422607 -0.906313 0.000000
vn 0.413750 -0.910390 0.000000
vn 0.422607 -0.906313 0.000000
vn 0.416186 -0.906313 -0.073385
vn 0.442970 -0.893128 -0.078108
vn 0.442970 -0.893128 -0.078108
vn 0.449803 -0.893128 0.000000
vn 0.422607 -0.906313 0.000000
vn 0.449803 -0.893128 0.000000
vn 0.442970 -0.893128 -0.078108
vn 0.492492 -0.865974 -0.086840
vn 0.492492 -0.865974 -0.086840
vn 0.500090 -0.865974 0.000000
vn 0.449803 -0.893128 0.000000
vn 0.500090 -0.865974 0.000000
vn 0.492492 -0.865974 -0.086840
vn 0.573658 -0.812825 -0.101152
vn 0.573658 -0.812825 -0.101152
vn 0.582507 -0.812826 0.000000
vn 0.500090 -0.865974 0.000000
vn 0.582507 -0.812826 0.000000
vn 0.573658 -0.812825 -0.101152
vn 0.698573 -0.704857 -0.123177
vn 0.698573 -0.704857 -0.123177
vn 0.709350 -0.704857 0.000000
vn 0.582507 -0.812826 0.000000
vn 0.709350 -0.704857 0.000000
vn 0.698573 -0.704857 -0.123177
vn 0.863142 -0.481479 -0.152196
vn 0.863142 -0.481479 -0.152196
vn 0.876458 -0.481479 0.000000
vn 0.709350 -0.704857 0.000000
vn 0.876458 -0.481479 0.000000
vn 0.863142 -0.481479 -0.152196
vn 0.982130 -0.073694 -0.173176
vn 0.982130 -0.073694 -0.173176
vn 0.997281 -0.073694 0.000000
vn 0.876458 -0.481479 0.000000
vn 0.997281 -0.073694 0.000000
vn 0.982130 -0.073694 -0.173176
vn 0.908056 0.387038 -0.160115
vn 0.908056 0.387038 -0.160115
vn 0.922064 0.387038 0.000000
vn 0.997281 -0.073694 0.000000
vn 0.922064 0.387038 0.000000
vn 0.908056 0.387038 -0.160115
vn 0.727968 0.673488 -0.128361
vn 0.727968 0.673488 -0.128361
vn 0.739198 0.673488 0.000000
vn 0.922064 0.387038 0.000000
vn 0.739198 0.673488 0.000000
vn 0.727968 0.673488 -0.128361
vn 0.589926 0.800729 -0.104020
vn 0.589926 0.800729 -0.104020
vn 0.599026 0.800729 0.000000
vn 0.739198 0.673488 0.000000
vn 0.599026 0.800729 0.000000
vn 0.589926 0.800729 -0.104020
vn 0.504275 0.858953 -0.088917
vn 0.504275 0.858953 -0.088917
vn 0.512054 0.858953 0.000000
vn 0.599026 0.800729 0.000000
vn 0.512054 0.858953 0.000000
vn 0.504275 0.858953 -0.088917
vn 0.453846 0.887479 -0.080025
vn 0.453846 0.887479 -0.080025
vn 0.460847 0.887479 0.000000
vn 0.512054 0.858953 0.000000
vn 0.460847 0.887479 0.000000
vn 0.453846 0.887479 -0.080025
vn 0.427151 0.901038 -0.075318
vn 0.427151 0.901038 -0.075318
vn 0.433741 0.901038 0.000000
vn 0.460847 0.887479 0.000000
vn 0.433741 0.901038 0.000000
vn 0.427151 0.901038 -0.075318
vn 0.418549 0.905191 -0.073802
vn 0.418549 0.905191 -0.073802
vn 0.425005 0.905191 0.000000
vn 0.433741 0.901038 0.000000
vn 1.000000 0.000000 0.000000
vn 0.984808 0.000000 -0.173649
vn 0.984808 0.000000 -0.173648
vn 0.984808 0.000000 -0.173648
vn 1.000000 0.000000 0.000000
vn 1.000000 0.000000 0.000000
vn 0.270068 -0.962841 0.000000
vn 0.265965 -0.962841 -0.046897
vn 0.320571 -0.945536 -0.056525
vn 0.320571 -0.945536 -0.056525
vn 0.325516 -0.945536 0.000000
vn 0.270068 -0.962841 0.000000
vn 0.325516 -0.945536 0.000000
vn 0.320571 -0.945536 -0.056525
vn 0.416257 -0.906280 -0.073398
vn 0.416257 -0.906280 -0.073398
vn 0.422678 -0.906280 0.000000
vn 0.325516 -0.945536 0.000000
vn 0.422678 -0.906280 0.000000
vn 0.416257 -0.906280 -0.073398
vn 0.502684 -0.859914 -0.088637
vn 0.502684 -0.859914 -0.088637
vn 0.510439 -0.859914 0.000000
vn 0.422678 -0.906280 0.000000
vn 0.510439 -0.859914 0.000000
vn 0.502684 -0.859914 -0.088637
vn 0.588642 -0.801703 -0.103794
vn 0.588642 -0.801703 -0.103794
vn 0.597723 -0.801703 0.000000
vn 0.510439 -0.859914 0.000000
vn 0.597723 -0.801703 0.000000
vn 0.588642 -0.801703 -0.103794
vn 0.686307 -0.717173 -0.121015
vn 0.686307 -0.717173 -0.121015
vn 0.696895 -0.717173 0.000000
vn 0.597723 -0.801703 0.000000
vn 0.696895 -0.717173 0.000000
vn 0.686307 -0.717173 -0.121015
vn 0.815349 -0.560835 -0.143768
vn 0.815349 -0.560835 -0.143768
vn 0.827927 -0.560836 0.000000
vn 0.696895 -0.717173 0.000000
vn 0.827927 -0.560836 0.000000
vn 0.815349 -0.560835 -0.143768
vn 0.877778 -0.453376 -0.154776
vn 0.877778 -0.453376 -0.154776
vn 0.891319 -0.453377 0.000000
vn 0.827927 -0.560836 0.000000
vn 0.996382 0.084985 0.000000
vn 0.981245 0.084984 -0.173020
vn 0.956504 0.238021 -0.168658
vn 0.956504 0.238021 -0.168658
vn 0.971260 0.238021 0.000000
vn 0.996382 0.084985 0.000000
vn 0.971260 0.238021 0.000000
vn 0.956504 0.238021 -0.168658
vn 0.877392 0.454146 -0.154708
vn 0.877392 0.454146 -0.154708
vn 0.890927 0.454146 0.000000
vn 0.971260 0.238021 0.000000
vn 0.890927 0.454146 0.000000
vn 0.877392 0.454146 -0.154708
vn 0.817413 0.557730 -0.144132
vn 0.817413 0.557730 -0.144132
vn 0.830023 0.557730 0.000000
vn 0.890927 0.454146 0.000000
vn 0.830023 0.557730 0.000000
vn 0.817413 0.557730 -0.144132
vn 0.769871 0.623596 -0.135749
vn 0.769871 0.623596 -0.135749
vn 0.781747 0.623596 0.000000
vn 0.830023 0.557730 0.000000
vn 0.781747 0.623596 0.000000
vn 0.769871 0.623596 -0.135749
vn 0.727803 0.673672 -0.128332
vn 0.727803 0.673672 -0.128332
vn 0.739031 0.673672 0.000000
vn 0.781747 0.623596 0.000000
vn 0.739031 0.673672 0.000000
vn 0.727803 0.673672 -0.128332
vn 0.687156 0.716335 -0.121164
vn 0.687156 0.716335 -0.121164
vn 0.697756 0.716335 0.000000
vn 0.739031 0.673672 0.000000
vn 0.697756 0.716335 0.000000
vn 0.687156 0.716335 -0.121164
vn 0.665684 0.736944 -0.117378
vn 0.665684 0.736944 -0.117378
vn 0.675954 0.736944 0.000000
vn 0.697756 0.716335 0.000000
vn 0.999878 0.015597 0.000000
vn 0.984688 0.015597 -0.173627
vn 0.984688 0.015597 -0.173627
vn 0.984688 0.015597 -0.173627
vn 0.999878 0.015597 0.000000
vn 0.999878 0.015597 0.000000
vn 0.300890 0.953659 0.000000
vn 0.296319 0.953659 -0.052249
vn 0.296319 0.953659 -0.052249
vn 0.296319 0.953659 -0.052249
vn 0.300890 0.953659 0.000000
vn 0.300890 0.953659 0.000000
vn 1.000000 0.000000 0.000000
vn 0.984808 0.000000 -0.173648
vn 0.984808 0.000000 -0.173648
vn 0.984808 0.000000 -0.173648
vn 1.000000 0.000000 0.000000
vn 1.000000 0.000000 0.000000
vn 0.521316 -0.853364 0.000000
vn 0.513396 -0.853364 -0.090526
vn 0.517981 -0.850502 -0.091334
vn 0.517981 -0.850502 -0.091334
vn 0.525972 -0.850502 0.000000
vn 0.521316 -0.853364 0.000000
vn 0.525972 -0.850502 0.000000
vn 0.517981 -0.850502 -0.091334
vn 0.530280 -0.842651 -0.093503
vn 0.530280 -0.842651 -0.093503
vn 0.538460 -0.842651 0.000000
vn 0.525972 -0.850502 0.000000
vn 0.538460 -0.842651 0.000000
vn 0.530280 -0.842651 -0.093503
vn 0.547782 -0.831027 -0.096589
vn 0.547782 -0.831027 -0.096589
vn 0.556233 -0.831027 0.000000
vn 0.538460 -0.842651 0.000000
vn 0.556233 -0.831027 0.000000
vn 0.547782 -0.831027 -0.096589
vn 0.567608 -0.817193 -0.100085
vn 0.567608 -0.817193 -0.100085
vn 0.576364 -0.817193 0.000000
vn 0.556233 -0.831027 0.000000
vn 0.576364 -0.817193 0.000000
vn 0.567608 -0.817193 -0.100085
vn 0.587403 -0.802639 -0.103575
vn 0.587403 -0.802639 -0.103575
vn 0.596465 -0.802639 0.000000
vn 0.576364 -0.817193 0.000000
vn 0.596465 -0.802639 0.000000
vn 0.587403 -0.802639 -0.103575
vn 0.605699 -0.788493 -0.106801
vn 0.605699 -0.788493 -0.106801
vn 0.615043 -0.788493 0.000000
vn 0.596465 -0.802639 0.000000
vn 0.615043 -0.788493 0.000000
vn 0.605699 -0.788493 -0.106801
vn 0.701560 -0.701791 -0.123704
vn 0.701560 -0.701791 -0.123704
vn 0.712383 -0.701791 0.000000
vn 0.615043 -0.788493 0.000000
vn 0.712383 -0.701791 0.000000
vn 0.701560 -0.701791 -0.123704
vn 0.773688 -0.618705 -0.136422
vn 0.773688 -0.618705 -0.136422
vn 0.785624 -0.618705 0.000000
vn 0.712383 -0.701791 0.000000
vn 0.999007 0.044543 0.000000
vn 0.983830 0.044543 -0.173476
vn 0.983830 0.044543 -0.173476
vn 0.983830 0.044543 -0.173476
vn 0.999007 0.044543 0.000000
vn 0.999007 0.044543 0.000000
vn 0.789103 0.614260 0.000000
vn 0.777115 0.614260 -0.137027
vn 0.686604 0.716880 -0.121067
vn 0.686604 0.716880 -0.121067
vn 0.697196 0.716880 0.000000
vn 0.789103 0.614260 0.000000
vn 0.697196 0.716880 0.000000
vn 0.686604 0.716880 -0.121067
vn 0.522582 0.847595 -0.092145
vn 0.522582 0.847595 -0.092145
vn 0.530643 0.847595 0.000000
vn 0.697196 0.716880 0.000000
vn 0.530643 0.847595 0.000000
vn 0.522582 0.847595 -0.092145
vn 0.437071 0.896119 -0.077068
vn 0.437071 0.896119 -0.077068
vn 0.443814 0.896119 0.000000
vn 0.530643 0.847595 0.000000
vn 0.443814 0.896119 0.000000
vn 0.437071 0.896119 -0.077068
vn 0.395717 0.915718 -0.069776
vn 0.395717 0.915718 -0.069776
vn 0.401821 0.915718 0.000000
vn 0.443814 0.896119 0.000000
vn 0.401821 0.915718 0.000000
vn 0.395717 0.915718 -0.069776
vn 0.382951 0.921297 -0.067525
vn 0.382951 0.921297 -0.067525
vn 0.388859 0.921297 0.000000
vn 0.401821 0.915718 0.000000
vn 0.995559 0.094139 0.000000
vn 0.980434 0.094139 -0.172877
vn 0.978702 0.111184 -0.172572
vn 0.978702 0.111184 -0.172572
vn 0.993800 0.111184 0.000000
vn 0.995559 0.094139 0.000000
vn 0.993800 0.111184 0.000000
vn 0.978702 0.111184 -0.172572
vn 0.976655 0.128408 -0.172210
vn 0.976655 0.128408 -0.172210
vn 0.991721 0.128408 0.000000
vn 0.993800 0.111184 0.000000
vn 0.004642 -0.999989 0.000000
vn 0.004571 -0.999989 -0.000806
vn 0.004571 -0.999989 -0.000806
vn 0.004571 -0.999989 -0.000806
vn 0.004642 -0.999989 0.000000
vn 0.004642 -0.999989 0.000000
vn 1.000000 0.000296 0.000000
vn 0.984808 0.000296 -0.173648
vn 0.984808 0.000296 -0.173648
vn 0.984808 0.000296 -0.173648
vn 1.000000 0.000296 0.000000
vn 1.000000 0.000296 0.000000
vn -0.000821 -1.000000 0.000000
vn -0.000808 -1.000000 0.000142
vn -0.000808 -1.000000 0.000142
vn -0.000808 -1.000000 0.000142
vn -0.000821 -1.000000 0.000000
vn -0.000821 -1.000000 0.000000
vn 1.000000 -0.000076 0.000000
vn 0.984808 -0.000076 -0.173648
vn 0.984808 -0.000076 -0.173648
vn 0.984808 -0.000076 -0.173648
vn 1.000000 -0.000076 0.000000
vn 1.000000 -0.000076 0.000000
vn -0.000329 -1.000000 0.000000
vn -0.000324 -1.000000 0.000057
vn -0.000324 -1.000000 0.000057
vn -0.000324 -1.000000 0.000057
vn -0.000329 -1.000000 0.000000
vn -0.000329 -1.000000 0.000000
vn 1.000000 -0.000000 0.000000
vn 0.984808 0.000000 -0.173648
vn 0.984808 0.000000 -0.173648
vn 0.984808 0.000000 -0.173648
vn 1.000000 -0.000000 0.000000
vn 1.000000 -0.000000 0.000000
vn -0.000423 -1.000000 0.000000
vn -0.000417 -1.000000 0.000073
vn -0.000417 -1.000000 0.000073
vn -0.000417 -1.000000 0.000073
vn -0.000423 -1.000000 0.000000
vn -0.000423 -1.000000 0.000000
vn 1.000000 0.000553 0.000000
vn 0.984808 0.000552 -0.173648
vn 0.984809 -0.000480 -0.173641
vn 0.984809 -0.000480 -0.173641
vn 0.999575 -0.000128 -0.029145
vn 1.000000 0.000553 0.000000
vn 0.001549 0.999999 0.000049
vn 0.001519 0.999999 -0.000268
vn 0.000000 1.000000 0.000000
vn 0.000000 -1.000000 0.000000
vn 0.000000 -1.000000 0.000000
vn 0.000000 -1.000000 0.000000
vn 0.984808 0.000000 -0.173649
vn 0.939692 0.000000 -0.342021
vn 0.939692 0.000000 -0.342021
vn 0.939692 0.000000 -0.342021
vn 0.984808 0.000000 -0.173649
vn 0.984808 0.000000 -0.173649
vn 0.407465 -0.910390 -0.071847
vn 0.388798 -0.910390 -0.141511
vn 0.397120 -0.906313 -0.144540
vn 0.397120 -0.906313 -0.144540
vn 0.416186 -0.906313 -0.073385
vn 0.407465 -0.910390 -0.071847
vn 0.416186 -0.906313 -0.073385
vn 0.397120 -0.906313 -0.144540
vn 0.422677 -0.893128 -0.153842
vn 0.422677 -0.893128 -0.153842
vn 0.442970 -0.893128 -0.078108
vn 0.416186 -0.906313 -0.073385
vn 0.442970 -0.893128 -0.078108
vn 0.422677 -0.893128 -0.153842
vn 0.469931 -0.865974 -0.171041
vn 0.469931 -0.865974 -0.171041
vn 0.492492 -0.865974 -0.086840
vn 0.442970 -0.893128 -0.078108
vn 0.492492 -0.865974 -0.086840
vn 0.469931 -0.865974 -0.171041
vn 0.547378 -0.812826 -0.199229
vn 0.547378 -0.812826 -0.199229
vn 0.573658 -0.812825 -0.101152
vn 0.492492 -0.865974 -0.086840
vn 0.573658 -0.812825 -0.101152
vn 0.547378 -0.812826 -0.199229
vn 0.666571 -0.704857 -0.242612
vn 0.666571 -0.704857 -0.242612
vn 0.698573 -0.704857 -0.123177
vn 0.573658 -0.812825 -0.101152
vn 0.698573 -0.704857 -0.123177
vn 0.666571 -0.704857 -0.242612
vn 0.823601 -0.481478 -0.299767
vn 0.823601 -0.481478 -0.299767
vn 0.863142 -0.481479 -0.152196
vn 0.698573 -0.704857 -0.123177
vn 0.863142 -0.481479 -0.152196
vn 0.823601 -0.481478 -0.299767
vn 0.937137 -0.073694 -0.341090
vn 0.937137 -0.073694 -0.341090
vn 0.982130 -0.073694 -0.173176
vn 0.863142 -0.481479 -0.152196
vn 0.982130 -0.073694 -0.173176
vn 0.937137 -0.073694 -0.341090
vn 0.866456 0.387038 -0.315365
vn 0.866456 0.387038 -0.315365
vn 0.908056 0.387038 -0.160115
vn 0.982130 -0.073694 -0.173176
vn 0.908056 0.387038 -0.160115
vn 0.866456 0.387038 -0.315365
vn 0.694619 0.673488 -0.252821
vn 0.694619 0.673488 -0.252821
vn 0.727968 0.673488 -0.128361
vn 0.908056 0.387038 -0.160115
vn 0.727968 0.673488 -0.128361
vn 0.694619 0.673488 -0.252821
vn 0.562901 0.800729 -0.204879
vn 0.562901 0.800729 -0.204879
vn 0.589926 0.800729 -0.104020
vn 0.727968 0.673488 -0.128361
vn 0.589926 0.800729 -0.104020
vn 0.562901 0.800729 -0.204879
vn 0.481174 0.858953 -0.175133
vn 0.481174 0.858953 -0.175133
vn 0.504275 0.858953 -0.088917
vn 0.589926 0.800729 -0.104020
vn 0.504275 0.858953 -0.088917
vn 0.481174 0.858953 -0.175133
vn 0.433055 0.887479 -0.157619
vn 0.433055 0.887479 -0.157619
vn 0.453846 0.887479 -0.080025
vn 0.504275 0.858953 -0.088917
vn 0.453846 0.887479 -0.080025
vn 0.433055 0.887479 -0.157619
vn 0.407583 0.901038 -0.148348
vn 0.407583 0.901038 -0.148348
vn 0.427151 0.901038 -0.075318
vn 0.453846 0.887479 -0.080025
vn 0.427151 0.901038 -0.075318
vn 0.407583 0.901038 -0.148348
vn 0.399374 0.905191 -0.145360
vn 0.399374 0.905191 -0.145360
vn 0.418549 0.905191 -0.073802
vn 0.427151 0.901038 -0.075318
vn 0.984808 0.000000 -0.173649
vn 0.939693 0.000000 -0.342020
vn 0.939693 0.000000 -0.342020
vn 0.939693 0.000000 -0.342020
vn 0.984808 0.000000 -0.173648
vn 0.984808 0.000000 -0.173649
vn 0.265965 -0.962841 -0.046897
vn 0.253780 -0.962842 -0.092368
vn 0.305885 -0.945536 -0.111333
vn 0.305885 -0.945536 -0.111333
vn 0.320571 -0.945536 -0.056525
vn 0.265965 -0.962841 -0.046897
vn 0.320571 -0.945536 -0.056525
vn 0.305885 -0.945536 -0.111333
vn 0.397188 -0.906280 -0.144564
vn 0.397188 -0.906280 -0.144564
vn 0.416257 -0.906280 -0.073398
vn 0.320571 -0.945536 -0.056525
vn 0.416257 -0.906280 -0.073398
vn 0.397188 -0.906280 -0.144564
vn 0.479656 -0.859914 -0.174580
vn 0.479656 -0.859914 -0.174580
vn 0.502684 -0.859914 -0.088637
vn 0.416257 -0.906280 -0.073398
vn 0.502684 -0.859914 -0.088637
vn 0.479656 -0.859914 -0.174580
vn 0.561676 -0.801703 -0.204433
vn 0.561676 -0.801703 -0.204433
vn 0.588642 -0.801703 -0.103794
vn 0.502684 -0.859914 -0.088637
vn 0.588642 -0.801703 -0.103794
vn 0.561676 -0.801703 -0.204433
vn 0.654867 -0.717173 -0.238352
vn 0.654867 -0.717173 -0.238352
vn 0.686307 -0.717173 -0.121015
vn 0.588642 -0.801703 -0.103794
vn 0.686307 -0.717173 -0.121015
vn 0.654867 -0.717173 -0.238352
vn 0.777997 -0.560836 -0.283168
vn 0.777997 -0.560836 -0.283168
vn 0.815349 -0.560835 -0.143768
vn 0.686307 -0.717173 -0.121015
vn 0.815349 -0.560835 -0.143768
vn 0.777997 -0.560836 -0.283168
vn 0.837566 -0.453376 -0.304849
vn 0.837566 -0.453376 -0.304849
vn 0.877778 -0.453376 -0.154776
vn 0.815349 -0.560835 -0.143768
vn 0.981245 0.084984 -0.173020
vn 0.936293 0.084984 -0.340783
vn 0.912686 0.238021 -0.332191
vn 0.912686 0.238021 -0.332191
vn 0.956504 0.238021 -0.168658
vn 0.981245 0.084984 -0.173020
vn 0.956504 0.238021 -0.168658
vn 0.912686 0.238021 -0.332191
vn 0.837198 0.454146 -0.304715
vn 0.837198 0.454146 -0.304715
vn 0.877392 0.454146 -0.154708
vn 0.956504 0.238021 -0.168658
vn 0.877392 0.454146 -0.154708
vn 0.837198 0.454146 -0.304715
vn 0.779966 0.557730 -0.283885
vn 0.779966 0.557730 -0.283885
vn 0.817413 0.557730 -0.144132
vn 0.877392 0.454146 -0.154708
vn 0.817413 0.557730 -0.144132
vn 0.779966 0.557730 -0.283885
vn 0.734602 0.623596 -0.267373
vn 0.734602 0.623596 -0.267373
vn 0.769871 0.623596 -0.135749
vn 0.817413 0.557730 -0.144132
vn 0.769871 0.623596 -0.135749
vn 0.734602 0.623596 -0.267373
vn 0.694462 0.673672 -0.252764
vn 0.694462 0.673672 -0.252764
vn 0.727803 0.673672 -0.128332
vn 0.769871 0.623596 -0.135749
vn 0.727803 0.673672 -0.128332
vn 0.694462 0.673672 -0.252764
vn 0.655676 0.716335 -0.238647
vn 0.655676 0.716335 -0.238647
vn 0.687156 0.716335 -0.121164
vn 0.727803 0.673672 -0.128332
vn 0.687156 0.716335 -0.121164
vn 0.655676 0.716335 -0.238647
vn 0.635189 0.736944 -0.231190
vn 0.635189 0.736944 -0.231190
vn 0.665684 0.736944 -0.117378
vn 0.687156 0.716335 -0.121164
vn 0.984688 0.015597 -0.173627
vn 0.939578 0.015597 -0.341979
vn 0.939578 0.015597 -0.341979
vn 0.939578 0.015597 -0.341979
vn 0.984688 0.015597 -0.173627
vn 0.984688 0.015597 -0.173627
vn 0.296319 0.953659 -0.052249
vn 0.282744 0.953659 -0.102911
vn 0.282744 0.953659 -0.102911
vn 0.282744 0.953659 -0.102911
vn 0.296319 0.953659 -0.052249
vn 0.296319 0.953659 -0.052249
vn 0.984808 0.000000 -0.173648
vn 0.939693 0.000000 -0.342020
vn 0.939693 0.000000 -0.342020
vn 0.939693 0.000000 -0.342020
vn 0.984808 0.000000 -0.173648
vn 0.984808 0.000000 -0.173648
vn 0.513396 -0.853364 -0.090526
vn 0.489877 -0.853364 -0.178301
vn 0.494252 -0.850502 -0.179893
vn 0.494252 -0.850502 -0.179893
vn 0.517981 -0.850502 -0.091334
vn 0.513396 -0.853364 -0.090526
vn 0.517981 -0.850502 -0.091334
vn 0.494252 -0.850502 -0.179893
vn 0.505987 -0.842651 -0.184164
vn 0.505987 -0.842651 -0.184164
vn 0.530280 -0.842651 -0.093503
vn 0.517981 -0.850502 -0.091334
vn 0.530280 -0.842651 -0.093503
vn 0.505987 -0.842651 -0.184164
vn 0.522688 -0.831027 -0.190243
vn 0.522688 -0.831027 -0.190243
vn 0.547782 -0.831027 -0.096589
vn 0.530280 -0.842651 -0.093503
vn 0.547782 -0.831027 -0.096589
vn 0.522688 -0.831027 -0.190243
vn 0.541605 -0.817193 -0.197128
vn 0.541605 -0.817193 -0.197128
vn 0.567608 -0.817193 -0.100085
vn 0.547782 -0.831027 -0.096589
vn 0.567608 -0.817193 -0.100085
vn 0.541605 -0.817193 -0.197128
vn 0.560493 -0.802639 -0.204003
vn 0.560493 -0.802639 -0.204003
vn 0.587403 -0.802639 -0.103575
vn 0.567608 -0.817193 -0.100085
vn 0.587403 -0.802639 -0.103575
vn 0.560493 -0.802639 -0.204003
vn 0.577951 -0.788494 -0.210357
vn 0.577951 -0.788494 -0.210357
vn 0.605699 -0.788493 -0.106801
vn 0.587403 -0.802639 -0.103575
vn 0.605699 -0.788493 -0.106801
vn 0.577951 -0.788494 -0.210357
vn 0.669421 -0.701791 -0.243649
vn 0.669421 -0.701791 -0.243649
vn 0.701560 -0.701791 -0.123704
vn 0.605699 -0.788493 -0.106801
vn 0.701560 -0.701791 -0.123704
vn 0.669421 -0.701791 -0.243649
vn 0.738245 -0.618705 -0.268699
vn 0.738245 -0.618705 -0.268699
vn 0.773688 -0.618705 -0.136422
vn 0.701560 -0.701791 -0.123704
vn 0.983830 0.044543 -0.173476
vn 0.938760 0.044543 -0.341681
vn 0.938760 0.044543 -0.341681
vn 0.938760 0.044543 -0.341681
vn 0.983830 0.044543 -0.173476
vn 0.983830 0.044543 -0.173476
vn 0.777115 0.614260 -0.137027
vn 0.741515 0.614260 -0.269889
vn 0.655150 0.716880 -0.238455
vn 0.655150 0.716880 -0.238455
vn 0.686604 0.716880 -0.121067
vn 0.777115 0.614260 -0.137027
vn 0.686604 0.716880 -0.121067
vn 0.655150 0.716880 -0.238455
vn 0.498641 0.847595 -0.181491
vn 0.498641 0.847595 -0.181491
vn 0.522582 0.847595 -0.092145
vn 0.686604 0.716880 -0.121067
vn 0.522582 0.847595 -0.092145
vn 0.498641 0.847595 -0.181491
vn 0.417048 0.896119 -0.151793
vn 0.417048 0.896119 -0.151793
vn 0.437071 0.896119 -0.077068
vn 0.522582 0.847595 -0.092145
vn 0.437071 0.896119 -0.077068
vn 0.417048 0.896119 -0.151793
vn 0.377588 0.915718 -0.137431
vn 0.377588 0.915718 -0.137431
vn 0.395717 0.915718 -0.069776
vn 0.437071 0.896119 -0.077068
vn 0.395717 0.915718 -0.069776
vn 0.377588 0.915718 -0.137431
vn 0.365408 0.921297 -0.132998
vn 0.365408 0.921297 -0.132998
vn 0.382951 0.921297 -0.067525
vn 0.395717 0.915718 -0.069776
vn 0.980434 0.094139 -0.172877
vn 0.935520 0.094139 -0.340501
vn 0.933867 0.111184 -0.339899
vn 0.933867 0.111184 -0.339899
vn 0.978702 0.111184 -0.172572
vn 0.980434 0.094139 -0.172877
vn 0.978702 0.111184 -0.172572
vn 0.933867 0.111184 -0.339899
vn 0.931913 0.128408 -0.339188
vn 0.931913 0.128408 -0.339188
vn 0.976655 0.128408 -0.172210
vn 0.978702 0.111184 -0.172572
vn 0.004571 -0.999989 -0.000806
vn 0.004362 -0.999989 -0.001587
vn 0.004362 -0.999989 -0.001587
vn 0.004362 -0.999989 -0.001587
vn 0.004571 -0.999989 -0.000806
vn 0.004571 -0.999989 -0.000806
vn 0.984808 0.000296 -0.173648
vn 0.939693 0.000296 -0.342020
vn 0.939693 0.000296 -0.342020
vn 0.939693 0.000296 -0.342020
vn 0.984808 0.000296 -0.173648
vn 0.984808 0.000296 -0.173648
vn -0.000808 -1.000000 0.000142
vn -0.000771 -1.000000 0.000281
vn -0.000771 -1.000000 0.000281
vn -0.000771 -1.000000 0.000281
vn -0.000808 -1.000000 0.000142
vn -0.000808 -1.000000 0.000142
vn 0.984808 -0.000076 -0.173648
vn 0.939693 -0.000076 -0.342020
vn 0.939693 -0.000076 -0.342020
vn 0.939693 -0.000076 -0.342020
vn 0.984808 -0.000076 -0.173648
vn 0.984808 -0.000076 -0.173648
vn -0.000324 -1.000000 0.000057
vn -0.000309 -1.000000 0.000112
vn -0.000309 -1.000000 0.000112
vn -0.000309 -1.000000 0.000112
vn -0.000324 -1.000000 0.000057
vn -0.000324 -1.000000 0.000057
vn 0.984808 0.000000 -0.173648
vn 0.939693 0.000000 -0.342020
vn 0.939693 0.000000 -0.342020
vn 0.939693 0.000000 -0.342020
vn 0.984808 0.000000 -0.173648
vn 0.984808 0.000000 -0.173648
vn -0.000417 -1.000000 0.000073
vn -0.000398 -1.000000 0.000145
vn -0.000398 -1.000000 0.000145
vn -0.000398 -1.000000 0.000145
vn -0.000417 -1.000000 0.000073
vn -0.000417 -1.000000 0.000073
vn 0.984808 0.000552 -0.173648
vn 0.939693 0.000552 -0.342020
vn 0.939693 -0.000492 -0.342020
vn 0.939693 -0.000492 -0.342020
vn 0.984809 -0.000480 -0.173641
vn 0.984808 0.000552 -0.173648
vn 0.001519 0.999999 -0.000268
vn 0.001450 0.999999 -0.000528
vn 0.000000 1.000000 0.000000
vn 0.000000 -1.000000 0.000000
vn 0.000000 -1.000000 0.000000
vn 0.000000 -1.000000 0.000000
vn 0.939692 0.000000 -0.342021
vn 0.866025 0.000000 -0.500000
vn 0.866025 0.000000 -0.500000
vn 0.866025 0.000000 -0.500000
vn 0.939692 0.000000 -0.342021
vn 0.939692 0.000000 -0.342021
vn 0.388798 -0.910390 -0.141511
vn 0.358318 -0.910390 -0.206875
vn 0.365988 -0.906313 -0.211304
vn 0.365988 -0.906313 -0.211304
vn 0.397120 -0.906313 -0.144540
vn 0.388798 -0.910390 -0.141511
vn 0.397120 -0.906313 -0.144540
vn 0.365988 -0.906313 -0.211304
vn 0.389541 -0.893128 -0.224902
vn 0.389541 -0.893128 -0.224902
vn 0.422677 -0.893128 -0.153842
vn 0.397120 -0.906313 -0.144540
vn 0.422677 -0.893128 -0.153842
vn 0.389541 -0.893128 -0.224902
vn 0.433090 -0.865974 -0.250045
vn 0.433090 -0.865974 -0.250045
vn 0.469931 -0.865974 -0.171041
vn 0.422677 -0.893128 -0.153842
vn 0.469931 -0.865974 -0.171041
vn 0.433090 -0.865974 -0.250045
vn 0.504466 -0.812826 -0.291254
vn 0.504466 -0.812826 -0.291254
vn 0.547378 -0.812826 -0.199229
vn 0.469931 -0.865974 -0.171041
vn 0.547378 -0.812826 -0.199229
vn 0.504466 -0.812826 -0.291254
vn 0.614315 -0.704857 -0.354675
vn 0.614315 -0.704857 -0.354675
vn 0.666571 -0.704857 -0.242612
vn 0.547378 -0.812826 -0.199229
vn 0.666571 -0.704857 -0.242612
vn 0.614315 -0.704857 -0.354675
vn 0.759035 -0.481479 -0.438229
vn 0.759035 -0.481479 -0.438229
vn 0.823601 -0.481478 -0.299767
vn 0.666571 -0.704857 -0.242612
vn 0.823601 -0.481478 -0.299767
vn 0.759035 -0.481479 -0.438229
vn 0.863670 -0.073694 -0.498641
vn 0.863670 -0.073694 -0.498641
vn 0.937137 -0.073694 -0.341090
vn 0.823601 -0.481478 -0.299767
vn 0.937137 -0.073694 -0.341090
vn 0.863670 -0.073694 -0.498641
vn 0.798531 0.387038 -0.461032
vn 0.798531 0.387038 -0.461032
vn 0.866456 0.387038 -0.315365
vn 0.937137 -0.073694 -0.341090
vn 0.866456 0.387038 -0.315365
vn 0.798531 0.387038 -0.461032
vn 0.640165 0.673487 -0.369599
vn 0.640165 0.673487 -0.369599
vn 0.694619 0.673488 -0.252821
vn 0.866456 0.387038 -0.315365
vn 0.694619 0.673488 -0.252821
vn 0.640165 0.673487 -0.369599
vn 0.518772 0.800730 -0.299513
vn 0.518772 0.800730 -0.299513
vn 0.562901 0.800729 -0.204879
vn 0.694619 0.673488 -0.252821
vn 0.562901 0.800729 -0.204879
vn 0.518772 0.800730 -0.299513
vn 0.443452 0.858953 -0.256027
vn 0.443452 0.858953 -0.256027
vn 0.481174 0.858953 -0.175133
vn 0.562901 0.800729 -0.204879
vn 0.481174 0.858953 -0.175133
vn 0.443452 0.858953 -0.256027
vn 0.399106 0.887479 -0.230424
vn 0.399106 0.887479 -0.230424
vn 0.433055 0.887479 -0.157619
vn 0.481174 0.858953 -0.175133
vn 0.433055 0.887479 -0.157619
vn 0.399106 0.887479 -0.230424
vn 0.375630 0.901038 -0.216870
vn 0.375630 0.901038 -0.216870
vn 0.407583 0.901038 -0.148348
vn 0.433055 0.887479 -0.157619
vn 0.407583 0.901038 -0.148348
vn 0.375630 0.901038 -0.216870
vn 0.368065 0.905191 -0.212503
vn 0.368065 0.905191 -0.212503
vn 0.399374 0.905191 -0.145360
vn 0.407583 0.901038 -0.148348
vn 0.939693 0.000000 -0.342020
vn 0.866025 0.000000 -0.500000
vn 0.866025 0.000000 -0.500000
vn 0.866025 0.000000 -0.500000
vn 0.939693 0.000000 -0.342020
vn 0.939693 0.000000 -0.342020
vn 0.253780 -0.962842 -0.092368
vn 0.233884 -0.962842 -0.135033
vn 0.281904 -0.945537 -0.162758
vn 0.281904 -0.945537 -0.162758
vn 0.305885 -0.945536 -0.111333
vn 0.253780 -0.962842 -0.092368
vn 0.305885 -0.945536 -0.111333
vn 0.281904 -0.945537 -0.162758
vn 0.366050 -0.906280 -0.211339
vn 0.366050 -0.906280 -0.211339
vn 0.397188 -0.906280 -0.144564
vn 0.305885 -0.945536 -0.111333
vn 0.397188 -0.906280 -0.144564
vn 0.366050 -0.906280 -0.211339
vn 0.442053 -0.859914 -0.255219
vn 0.442053 -0.859914 -0.255219
vn 0.479656 -0.859914 -0.174580
vn 0.397188 -0.906280 -0.144564
vn 0.479656 -0.859914 -0.174580
vn 0.442053 -0.859914 -0.255219
vn 0.517643 -0.801703 -0.298861
vn 0.517643 -0.801703 -0.298861
vn 0.561676 -0.801703 -0.204433
vn 0.479656 -0.859914 -0.174580
vn 0.561676 -0.801703 -0.204433
vn 0.517643 -0.801703 -0.298861
vn 0.603529 -0.717173 -0.348447
vn 0.603529 -0.717173 -0.348447
vn 0.654867 -0.717173 -0.238352
vn 0.561676 -0.801703 -0.204433
vn 0.654867 -0.717173 -0.238352
vn 0.603529 -0.717173 -0.348447
vn 0.717006 -0.560836 -0.413964
vn 0.717006 -0.560836 -0.413964
vn 0.777997 -0.560836 -0.283168
vn 0.654867 -0.717173 -0.238352
vn 0.777997 -0.560836 -0.283168
vn 0.717006 -0.560836 -0.413964
vn 0.771905 -0.453377 -0.445659
vn 0.771905 -0.453377 -0.445659
vn 0.837566 -0.453376 -0.304849
vn 0.777997 -0.560836 -0.283168
vn 0.936293 0.084984 -0.340783
vn 0.862892 0.084984 -0.498191
vn 0.841136 0.238021 -0.485630
vn 0.841136 0.238021 -0.485630
vn 0.912686 0.238021 -0.332191
vn 0.936293 0.084984 -0.340783
vn 0.912686 0.238021 -0.332191
vn 0.841136 0.238021 -0.485630
vn 0.771565 0.454146 -0.445464
vn 0.771565 0.454146 -0.445464
vn 0.837198 0.454146 -0.304715
vn 0.912686 0.238021 -0.332191
vn 0.837198 0.454146 -0.304715
vn 0.771565 0.454146 -0.445464
vn 0.718821 0.557730 -0.415012
vn 0.718821 0.557730 -0.415012
vn 0.779966 0.557730 -0.283885
vn 0.837198 0.454146 -0.304715
vn 0.779966 0.557730 -0.283885
vn 0.718821 0.557730 -0.415012
vn 0.677013 0.623596 -0.390874
vn 0.677013 0.623596 -0.390874
vn 0.734602 0.623596 -0.267373
vn 0.779966 0.557730 -0.283885
vn 0.734602 0.623596 -0.267373
vn 0.677013 0.623596 -0.390874
vn 0.640019 0.673672 -0.369516
vn 0.640019 0.673672 -0.369516
vn 0.694462 0.673672 -0.252764
vn 0.734602 0.623596 -0.267373
vn 0.694462 0.673672 -0.252764
vn 0.640019 0.673672 -0.369516
vn 0.604275 0.716335 -0.348878
vn 0.604275 0.716335 -0.348878
vn 0.655676 0.716335 -0.238647
vn 0.694462 0.673672 -0.252764
vn 0.655676 0.716335 -0.238647
vn 0.604275 0.716335 -0.348878
vn 0.585393 0.736944 -0.337977
vn 0.585393 0.736944 -0.337977
vn 0.635189 0.736944 -0.231190
vn 0.655676 0.716335 -0.238647
vn 0.939578 0.015597 -0.341979
vn 0.865920 0.015597 -0.499939
vn 0.865920 0.015597 -0.499939
vn 0.865920 0.015597 -0.499939
vn 0.939578 0.015597 -0.341979
vn 0.939578 0.015597 -0.341979
vn 0.282744 0.953659 -0.102911
vn 0.260578 0.953659 -0.150445
vn 0.260578 0.953659 -0.150445
vn 0.260578 0.953659 -0.150445
vn 0.282744 0.953659 -0.102911
vn 0.282744 0.953659 -0.102911
vn 0.939693 0.000000 -0.342020
vn 0.866025 0.000000 -0.500000
vn 0.866025 0.000000 -0.500000
vn 0.866025 0.000000 -0.500000
vn 0.939693 0.000000 -0.342020
vn 0.939693 0.000000 -0.342020
vn 0.489877 -0.853364 -0.178301
vn 0.451473 -0.853364 -0.260658
vn 0.455505 -0.850502 -0.262986
vn 0.455505 -0.850502 -0.262986
vn 0.494252 -0.850502 -0.179893
vn 0.489877 -0.853364 -0.178301
vn 0.494252 -0.850502 -0.179893
vn 0.455505 -0.850502 -0.262986
vn 0.466320 -0.842651 -0.269230
vn 0.466320 -0.842651 -0.269230
vn 0.505987 -0.842651 -0.184164
vn 0.494252 -0.850502 -0.179893
vn 0.505987 -0.842651 -0.184164
vn 0.466320 -0.842651 -0.269230
vn 0.481712 -0.831027 -0.278116
vn 0.481712 -0.831027 -0.278116
vn 0.522688 -0.831027 -0.190243
vn 0.505987 -0.842651 -0.184164
vn 0.522688 -0.831027 -0.190243
vn 0.481712 -0.831027 -0.278116
vn 0.499146 -0.817193 -0.288182
vn 0.499146 -0.817193 -0.288182
vn 0.541605 -0.817193 -0.197128
vn 0.522688 -0.831027 -0.190243
vn 0.541605 -0.817193 -0.197128
vn 0.499146 -0.817193 -0.288182
vn 0.516553 -0.802640 -0.298232
vn 0.516553 -0.802640 -0.298232
vn 0.560493 -0.802639 -0.204003
vn 0.541605 -0.817193 -0.197128
vn 0.560493 -0.802639 -0.204003
vn 0.516553 -0.802640 -0.298232
vn 0.532643 -0.788494 -0.307522
vn 0.532643 -0.788494 -0.307522
vn 0.577951 -0.788494 -0.210357
vn 0.560493 -0.802639 -0.204003
vn 0.577951 -0.788494 -0.210357
vn 0.532643 -0.788494 -0.307522
vn 0.616941 -0.701791 -0.356191
vn 0.616941 -0.701791 -0.356191
vn 0.669421 -0.701791 -0.243649
vn 0.577951 -0.788494 -0.210357
vn 0.669421 -0.701791 -0.243649
vn 0.616941 -0.701791 -0.356191
vn 0.680370 -0.618705 -0.392812
vn 0.680370 -0.618705 -0.392812
vn 0.738245 -0.618705 -0.268699
vn 0.669421 -0.701791 -0.243649
vn 0.938760 0.044543 -0.341681
vn 0.865166 0.044544 -0.499504
vn 0.865166 0.044544 -0.499504
vn 0.865166 0.044544 -0.499504
vn 0.938760 0.044543 -0.341681
vn 0.938760 0.044543 -0.341681
vn 0.741515 0.614260 -0.269889
vn 0.683384 0.614260 -0.394552
vn 0.603790 0.716880 -0.348598
vn 0.603790 0.716880 -0.348598
vn 0.655150 0.716880 -0.238455
vn 0.741515 0.614260 -0.269889
vn 0.655150 0.716880 -0.238455
vn 0.603790 0.716880 -0.348598
vn 0.459550 0.847595 -0.265322
vn 0.459550 0.847595 -0.265322
vn 0.498641 0.847595 -0.181491
vn 0.655150 0.716880 -0.238455
vn 0.498641 0.847595 -0.181491
vn 0.459550 0.847595 -0.265322
vn 0.384354 0.896119 -0.221907
vn 0.384354 0.896119 -0.221907
vn 0.417048 0.896119 -0.151793
vn 0.498641 0.847595 -0.181491
vn 0.417048 0.896119 -0.151793
vn 0.384354 0.896119 -0.221907
vn 0.347987 0.915718 -0.200911
vn 0.347987 0.915718 -0.200911
vn 0.377588 0.915718 -0.137431
vn 0.417048 0.896119 -0.151793
vn 0.377588 0.915718 -0.137431
vn 0.347987 0.915718 -0.200911
vn 0.336761 0.921298 -0.194429
vn 0.336761 0.921298 -0.194429
vn 0.365408 0.921297 -0.132998
vn 0.377588 0.915718 -0.137431
vn 0.935520 0.094139 -0.340501
vn 0.862179 0.094139 -0.497780
vn 0.860656 0.111184 -0.496900
vn 0.860656 0.111184 -0.496900
vn 0.933867 0.111184 -0.339899
vn 0.935520 0.094139 -0.340501
vn 0.933867 0.111184 -0.339899
vn 0.860656 0.111184 -0.496900
vn 0.858856 0.128408 -0.495860
vn 0.858856 0.128408 -0.495860
vn 0.931913 0.128408 -0.339188
vn 0.933867 0.111184 -0.339899
vn 0.004362 -0.999989 -0.001587
vn 0.004020 -0.999989 -0.002320
vn 0.004020 -0.999989 -0.002320
vn 0.004020 -0.999989 -0.002320
vn 0.004362 -0.999989 -0.001587
vn 0.004362 -0.999989 -0.001587
vn 0.939693 0.000296 -0.342020
vn 0.866026 0.000296 -0.499999
vn 0.866026 0.000296 -0.499999
vn 0.866026 0.000296 -0.499999
vn 0.939693 0.000296 -0.342020
vn 0.939693 0.000296 -0.342020
vn -0.000771 -1.000000 0.000281
vn -0.000710 -1.000000 0.000411
vn -0.000710 -1.000000 0.000411
vn -0.000710 -1.000000 0.000411
vn -0.000771 -1.000000 0.000281
vn -0.000771 -1.000000 0.000281
vn 0.939693 -0.000076 -0.342020
vn 0.866026 -0.000076 -0.500000
vn 0.866026 -0.000076 -0.500000
vn 0.866026 -0.000076 -0.500000
vn 0.939693 -0.000076 -0.342020
vn 0.939693 -0.000076 -0.342020
vn -0.000309 -1.000000 0.000112
vn -0.000285 -1.000000 0.000164
vn -0.000285 -1.000000 0.000164
vn -0.000285 -1.000000 0.000164
vn -0.000309 -1.000000 0.000112
vn -0.000309 -1.000000 0.000112
vn 0.939693 0.000000 -0.342020
vn 0.866026 0.000000 -0.500000
vn 0.866026 0.000000 -0.499999
vn 0.866026 0.000000 -0.499999
vn 0.939693 0.000000 -0.342020
vn 0.939693 0.000000 -0.342020
vn -0.000398 -1.000000 0.000145
vn -0.000367 -1.000000 0.000212
vn -0.000367 -1.000000 0.000212
vn -0.000367 -1.000000 0.000212
vn -0.000398 -1.000000 0.000145
vn -0.000398 -1.000000 0.000145
vn 0.939693 0.000552 -0.342020
vn 0.866026 0.000552 -0.499999
vn 0.866022 -0.000480 -0.500006
vn 0.866022 -0.000480 -0.500006
vn 0.939693 -0.000492 -0.342020
vn 0.939693 0.000552 -0.342020
vn 0.001450 0.999999 -0.000528
vn 0.001336 0.999999 -0.000771
vn 0.000000 1.000000 0.000000
vn 0.000000 -1.000000 0.000000
vn 0.000000 -1.000000 0.000000
vn 0.000000 -1.000000 0.000000
vn 0.866025 0.000000 -0.500000
vn 0.766044 0.000000 -0.642788
vn 0.766044 0.000000 -0.642788
vn 0.766044 0.000000 -0.642788
vn 0.866025 0.000000 -0.500000
vn 0.866025 0.000000 -0.500000
vn 0.358318 -0.910390 -0.206875
vn 0.316951 -0.910390 -0.265954
vn 0.323735 -0.906313 -0.271647
vn 0.323735 -0.906313 -0.271647
vn 0.365988 -0.906313 -0.211304
vn 0.358318 -0.910390 -0.206875
vn 0.365988 -0.906313 -0.211304
vn 0.323735 -0.906313 -0.271647
vn 0.344569 -0.893128 -0.289128
vn 0.344569 -0.893128 -0.289128
vn 0.389541 -0.893128 -0.224902
vn 0.365988 -0.906313 -0.211304
vn 0.389541 -0.893128 -0.224902
vn 0.344569 -0.893128 -0.289128
vn 0.383091 -0.865974 -0.321452
vn 0.383091 -0.865974 -0.321452
vn 0.433090 -0.865974 -0.250045
vn 0.389541 -0.893128 -0.224902
vn 0.433090 -0.865974 -0.250045
vn 0.383091 -0.865974 -0.321452
vn 0.446226 -0.812826 -0.374428
vn 0.446226 -0.812826 -0.374428
vn 0.504466 -0.812826 -0.291254
vn 0.433090 -0.865974 -0.250045
vn 0.504466 -0.812826 -0.291254
vn 0.446226 -0.812826 -0.374428
vn 0.543393 -0.704857 -0.455961
vn 0.543393 -0.704857 -0.455961
vn 0.614315 -0.704857 -0.354675
vn 0.504466 -0.812826 -0.291254
vn 0.614315 -0.704857 -0.354675
vn 0.543393 -0.704857 -0.455961
vn 0.671406 -0.481479 -0.563376
vn 0.671406 -0.481479 -0.563376
vn 0.759035 -0.481479 -0.438229
vn 0.614315 -0.704857 -0.354675
vn 0.759035 -0.481479 -0.438229
vn 0.671406 -0.481479 -0.563376
vn 0.763961 -0.073693 -0.641040
vn 0.763961 -0.073693 -0.641040
vn 0.863670 -0.073694 -0.498641
vn 0.759035 -0.481479 -0.438229
vn 0.863670 -0.073694 -0.498641
vn 0.763961 -0.073693 -0.641040
vn 0.706342 0.387038 -0.592691
vn 0.706342 0.387038 -0.592691
vn 0.798531 0.387038 -0.461032
vn 0.863670 -0.073694 -0.498641
vn 0.798531 0.387038 -0.461032
vn 0.706342 0.387038 -0.592691
vn 0.566259 0.673487 -0.475148
vn 0.566259 0.673487 -0.475148
vn 0.640165 0.673487 -0.369599
vn 0.798531 0.387038 -0.461032
vn 0.640165 0.673487 -0.369599
vn 0.566259 0.673487 -0.475148
vn 0.458881 0.800729 -0.385047
vn 0.458881 0.800729 -0.385047
vn 0.518772 0.800730 -0.299513
vn 0.640165 0.673487 -0.369599
vn 0.518772 0.800730 -0.299513
vn 0.458881 0.800729 -0.385047
vn 0.392256 0.858953 -0.329142
vn 0.392256 0.858953 -0.329142
vn 0.443452 0.858953 -0.256027
vn 0.518772 0.800730 -0.299513
vn 0.443452 0.858953 -0.256027
vn 0.392256 0.858953 -0.329142
vn 0.353030 0.887479 -0.296227
vn 0.353030 0.887479 -0.296227
vn 0.399106 0.887479 -0.230424
vn 0.443452 0.858953 -0.256027
vn 0.399106 0.887479 -0.230424
vn 0.353030 0.887479 -0.296227
vn 0.332265 0.901038 -0.278803
vn 0.332265 0.901038 -0.278803
vn 0.375630 0.901038 -0.216870
vn 0.399106 0.887479 -0.230424
vn 0.375630 0.901038 -0.216870
vn 0.332265 0.901038 -0.278803
vn 0.325573 0.905191 -0.273188
vn 0.325573 0.905191 -0.273188
vn 0.368065 0.905191 -0.212503
vn 0.375630 0.901038 -0.216870
vn 0.866025 0.000000 -0.500000
vn 0.766044 0.000000 -0.642788
vn 0.766044 0.000000 -0.642788
vn 0.766044 0.000000 -0.642788
vn 0.866025 0.000000 -0.500000
vn 0.866025 0.000000 -0.500000
vn 0.233884 -0.962842 -0.135033
vn 0.206882 -0.962842 -0.173595
vn 0.249359 -0.945537 -0.209237
vn 0.249359 -0.945537 -0.209237
vn 0.281904 -0.945537 -0.162758
vn 0.233884 -0.962842 -0.135033
vn 0.281904 -0.945537 -0.162758
vn 0.249359 -0.945537 -0.209237
vn 0.323790 -0.906280 -0.271692
vn 0.323790 -0.906280 -0.271692
vn 0.366050 -0.906280 -0.211339
vn 0.281904 -0.945537 -0.162758
vn 0.366050 -0.906280 -0.211339
vn 0.323790 -0.906280 -0.271692
vn 0.391019 -0.859914 -0.328104
vn 0.391019 -0.859914 -0.328104
vn 0.442053 -0.859914 -0.255219
vn 0.366050 -0.906280 -0.211339
vn 0.442053 -0.859914 -0.255219
vn 0.391019 -0.859914 -0.328104
vn 0.457881 -0.801704 -0.384208
vn 0.457881 -0.801704 -0.384208
vn 0.517643 -0.801703 -0.298861
vn 0.442053 -0.859914 -0.255219
vn 0.517643 -0.801703 -0.298861
vn 0.457881 -0.801704 -0.384208
vn 0.533852 -0.717174 -0.447955
vn 0.533852 -0.717174 -0.447955
vn 0.603529 -0.717173 -0.348447
vn 0.517643 -0.801703 -0.298861
vn 0.603529 -0.717173 -0.348447
vn 0.533852 -0.717174 -0.447955
vn 0.634229 -0.560835 -0.532181
vn 0.634229 -0.560835 -0.532181
vn 0.717006 -0.560836 -0.413964
vn 0.603529 -0.717173 -0.348447
vn 0.717006 -0.560836 -0.413964
vn 0.634229 -0.560835 -0.532181
vn 0.682790 -0.453377 -0.572929
vn 0.682790 -0.453377 -0.572929
vn 0.771905 -0.453377 -0.445659
vn 0.717006 -0.560836 -0.413964
vn 0.862892 0.084984 -0.498191
vn 0.763273 0.084984 -0.640463
vn 0.744028 0.238021 -0.624314
vn 0.744028 0.238021 -0.624314
vn 0.841136 0.238021 -0.485630
vn 0.862892 0.084984 -0.498191
vn 0.841136 0.238021 -0.485630
vn 0.744028 0.238021 -0.624314
vn 0.682490 0.454146 -0.572677
vn 0.682490 0.454146 -0.572677
vn 0.771565 0.454146 -0.445464
vn 0.841136 0.238021 -0.485630
vn 0.771565 0.454146 -0.445464
vn 0.682490 0.454146 -0.572677
vn 0.635834 0.557729 -0.533529
vn 0.635834 0.557729 -0.533529
vn 0.718821 0.557730 -0.415012
vn 0.771565 0.454146 -0.445464
vn 0.718821 0.557730 -0.415012
vn 0.635834 0.557729 -0.533529
vn 0.598853 0.623596 -0.502497
vn 0.598853 0.623596 -0.502497
vn 0.677013 0.623596 -0.390874
vn 0.718821 0.557730 -0.415012
vn 0.677013 0.623596 -0.390874
vn 0.598853 0.623596 -0.502497
vn 0.566130 0.673672 -0.475040
vn 0.566130 0.673672 -0.475040
vn 0.640019 0.673672 -0.369516
vn 0.677013 0.623596 -0.390874
vn 0.640019 0.673672 -0.369516
vn 0.566130 0.673672 -0.475040
vn 0.534512 0.716335 -0.448509
vn 0.534512 0.716335 -0.448509
vn 0.604275 0.716335 -0.348878
vn 0.640019 0.673672 -0.369516
vn 0.604275 0.716335 -0.348878
vn 0.534512 0.716335 -0.448509
vn 0.517811 0.736944 -0.434495
vn 0.517811 0.736944 -0.434495
vn 0.585393 0.736944 -0.337977
vn 0.604275 0.716335 -0.348878
vn 0.865920 0.015597 -0.499939
vn 0.765951 0.015597 -0.642710
vn 0.765951 0.015597 -0.642710
vn 0.765951 0.015597 -0.642710
vn 0.865920 0.015597 -0.499939
vn 0.865920 0.015597 -0.499939
vn 0.260578 0.953659 -0.150445
vn 0.230495 0.953659 -0.193408
vn 0.230495 0.953659 -0.193408
vn 0.230495 0.953659 -0.193408
vn 0.260578 0.953659 -0.150445
vn 0.260578 0.953659 -0.150445
vn 0.866025 0.000000 -0.500000
vn 0.766044 0.000000 -0.642788
vn 0.766044 0.000000 -0.642788
vn 0.766044 0.000000 -0.642788
vn 0.866025 0.000000 -0.500000
vn 0.866025 0.000000 -0.500000
vn 0.451473 -0.853364 -0.260658
vn 0.399352 -0.853363 -0.335096
vn 0.402918 -0.850502 -0.338088
vn 0.402918 -0.850502 -0.338088
vn 0.455505 -0.850502 -0.262986
vn 0.451473 -0.853364 -0.260658
vn 0.455505 -0.850502 -0.262986
vn 0.402918 -0.850502 -0.338088
vn 0.412484 -0.842651 -0.346116
vn 0.412484 -0.842651 -0.346116
vn 0.466320 -0.842651 -0.269230
vn 0.455505 -0.850502 -0.262986
vn 0.466320 -0.842651 -0.269230
vn 0.412484 -0.842651 -0.346116
vn 0.426099 -0.831027 -0.357539
vn 0.426099 -0.831027 -0.357539
vn 0.481712 -0.831027 -0.278116
vn 0.466320 -0.842651 -0.269230
vn 0.481712 -0.831027 -0.278116
vn 0.426099 -0.831027 -0.357539
vn 0.441521 -0.817193 -0.370480
vn 0.441521 -0.817193 -0.370480
vn 0.499146 -0.817193 -0.288182
vn 0.481712 -0.831027 -0.278116
vn 0.499146 -0.817193 -0.288182
vn 0.441521 -0.817193 -0.370480
vn 0.456919 -0.802639 -0.383400
vn 0.456919 -0.802639 -0.383400
vn 0.516553 -0.802640 -0.298232
vn 0.499146 -0.817193 -0.288182
vn 0.516553 -0.802640 -0.298232
vn 0.456919 -0.802639 -0.383400
vn 0.471150 -0.788494 -0.395342
vn 0.471150 -0.788494 -0.395342
vn 0.532643 -0.788494 -0.307522
vn 0.516553 -0.802640 -0.298232
vn 0.532643 -0.788494 -0.307522
vn 0.471150 -0.788494 -0.395342
vn 0.545717 -0.701791 -0.457911
vn 0.545717 -0.701791 -0.457911
vn 0.616941 -0.701791 -0.356191
vn 0.532643 -0.788494 -0.307522
vn 0.616941 -0.701791 -0.356191
vn 0.545717 -0.701791 -0.457911
vn 0.601823 -0.618705 -0.504989
vn 0.601823 -0.618705 -0.504989
vn 0.680370 -0.618705 -0.392812
vn 0.616941 -0.701791 -0.356191
vn 0.865166 0.044544 -0.499504
vn 0.765284 0.044542 -0.642150
vn 0.765284 0.044542 -0.642150
vn 0.765284 0.044542 -0.642150
vn 0.865166 0.044544 -0.499504
vn 0.865166 0.044544 -0.499504
vn 0.683384 0.614260 -0.394552
vn 0.604488 0.614261 -0.507226
vn 0.534083 0.716881 -0.448149
vn 0.534083 0.716881 -0.448149
vn 0.603790 0.716880 -0.348598
vn 0.683384 0.614260 -0.394552
vn 0.603790 0.716880 -0.348598
vn 0.534083 0.716881 -0.448149
vn 0.406496 0.847595 -0.341091
vn 0.406496 0.847595 -0.341091
vn 0.459550 0.847595 -0.265322
vn 0.603790 0.716880 -0.348598
vn 0.459550 0.847595 -0.265322
vn 0.406496 0.847595 -0.341091
vn 0.339981 0.896119 -0.285278
vn 0.339981 0.896119 -0.285278
vn 0.384354 0.896119 -0.221907
vn 0.459550 0.847595 -0.265322
vn 0.384354 0.896119 -0.221907
vn 0.339981 0.896119 -0.285278
vn 0.307813 0.915718 -0.258286
vn 0.307813 0.915718 -0.258286
vn 0.347987 0.915718 -0.200911
vn 0.384354 0.896119 -0.221907
vn 0.347987 0.915718 -0.200911
vn 0.307813 0.915718 -0.258286
vn 0.297883 0.921297 -0.249954
vn 0.297883 0.921297 -0.249954
vn 0.336761 0.921298 -0.194429
vn 0.347987 0.915718 -0.200911
vn 0.862179 0.094139 -0.497780
vn 0.762642 0.094139 -0.639933
vn 0.761295 0.111184 -0.638802
vn 0.761295 0.111184 -0.638802
vn 0.860656 0.111184 -0.496900
vn 0.862179 0.094139 -0.497780
vn 0.860656 0.111184 -0.496900
vn 0.761295 0.111184 -0.638802
vn 0.759703 0.128408 -0.637466
vn 0.759703 0.128408 -0.637466
vn 0.858856 0.128408 -0.495860
vn 0.860656 0.111184 -0.496900
vn 0.004020 -0.999989 -0.002320
vn 0.003556 -0.999989 -0.002984
vn 0.003556 -0.999989 -0.002984
vn 0.003556 -0.999989 -0.002984
vn 0.004020 -0.999989 -0.002320
vn 0.004020 -0.999989 -0.002320
vn 0.866026 0.000296 -0.499999
vn 0.766045 0.000296 -0.642787
vn 0.766045 0.000296 -0.642787
vn 0.766045 0.000296 -0.642787
vn 0.866026 0.000296 -0.499999
vn 0.866026 0.000296 -0.499999
vn -0.000710 -1.000000 0.000411
vn -0.000629 -1.000000 0.000527
vn -0.000629 -1.000000 0.000527
vn -0.000629 -1.000000 0.000527
vn -0.000710 -1.000000 0.000411
vn -0.000710 -1.000000 0.000411
vn 0.866026 -0.000076 -0.500000
vn 0.766045 -0.000076 -0.642787
vn 0.766045 -0.000076 -0.642787
vn 0.766045 -0.000076 -0.642787
vn 0.866026 -0.000076 -0.500000
vn 0.866026 -0.000076 -0.500000
vn -0.000285 -1.000000 0.000164
vn -0.000252 -1.000000 0.000211
vn -0.000252 -1.000000 0.000211
vn -0.000252 -1.000000 0.000211
vn -0.000285 -1.000000 0.000164
vn -0.000285 -1.000000 0.000164
vn 0.866026 0.000000 -0.500000
vn 0.766045 0.000000 -0.642787
vn 0.766045 0.000000 -0.642787
vn 0.766045 0.000000 -0.642787
vn 0.866026 0.000000 -0.499999
vn 0.866026 0.000000 -0.500000
vn -0.000367 -1.000000 0.000212
vn -0.000324 -1.000000 0.000272
vn -0.000324 -1.000000 0.000272
vn -0.000324 -1.000000 0.000272
vn -0.000367 -1.000000 0.000212
vn -0.000367 -1.000000 0.000212
vn 0.866026 0.000552 -0.499999
vn 0.766045 0.000552 -0.642787
vn 0.784453 -0.000128 -0.620188
vn 0.784453 -0.000128 -0.620188
vn 0.866022 -0.000480 -0.500006
vn 0.866026 0.000552 -0.499999
vn 0.001336 0.999999 -0.000771
vn 0.001155 0.999999 -0.001033
vn 0.000000 1.000000 0.000000
vn 0.000000 -1.000000 0.000000
vn 0.000000 -1.000000 0.000000
vn 0.000000 -1.000000 0.000000
vn 0.766044 0.000000 -0.642788
vn 0.642787 0.000000 -0.766045
vn 0.642787 0.000000 -0.766045
vn 0.642787 0.000000 -0.766045
vn 0.766044 0.000000 -0.642788
vn 0.766044 0.000000 -0.642788
vn 0.316951 -0.910390 -0.265954
vn 0.265953 -0.910391 -0.316951
vn 0.271646 -0.906313 -0.323736
vn 0.271646 -0.906313 -0.323736
vn 0.323735 -0.906313 -0.271647
vn 0.316951 -0.910390 -0.265954
vn 0.323735 -0.906313 -0.271647
vn 0.271646 -0.906313 -0.323736
vn 0.289128 -0.893128 -0.344569
vn 0.289128 -0.893128 -0.344569
vn 0.344569 -0.893128 -0.289128
vn 0.323735 -0.906313 -0.271647
vn 0.344569 -0.893128 -0.289128
vn 0.289128 -0.893128 -0.344569
vn 0.321451 -0.865974 -0.383091
vn 0.321451 -0.865974 -0.383091
vn 0.383091 -0.865974 -0.321452
vn 0.344569 -0.893128 -0.289128
vn 0.383091 -0.865974 -0.321452
vn 0.321451 -0.865974 -0.383091
vn 0.374428 -0.812826 -0.446227
vn 0.374428 -0.812826 -0.446227
vn 0.446226 -0.812826 -0.374428
vn 0.383091 -0.865974 -0.321452
vn 0.446226 -0.812826 -0.374428
vn 0.374428 -0.812826 -0.446227
vn 0.455961 -0.704857 -0.543393
vn 0.455961 -0.704857 -0.543393
vn 0.543393 -0.704857 -0.455961
vn 0.446226 -0.812826 -0.374428
vn 0.543393 -0.704857 -0.455961
vn 0.455961 -0.704857 -0.543393
vn 0.563376 -0.481479 -0.671406
vn 0.563376 -0.481479 -0.671406
vn 0.671406 -0.481479 -0.563376
vn 0.543393 -0.704857 -0.455961
vn 0.671406 -0.481479 -0.563376
vn 0.563376 -0.481479 -0.671406
vn 0.641040 -0.073694 -0.763962
vn 0.641040 -0.073694 -0.763962
vn 0.763961 -0.073693 -0.641040
vn 0.671406 -0.481479 -0.563376
vn 0.763961 -0.073693 -0.641040
vn 0.641040 -0.073694 -0.763962
vn 0.592691 0.387039 -0.706342
vn 0.592691 0.387039 -0.706342
vn 0.706342 0.387038 -0.592691
vn 0.763961 -0.073693 -0.641040
vn 0.706342 0.387038 -0.592691
vn 0.592691 0.387039 -0.706342
vn 0.475147 0.673488 -0.566259
vn 0.475147 0.673488 -0.566259
vn 0.566259 0.673487 -0.475148
vn 0.706342 0.387038 -0.592691
vn 0.566259 0.673487 -0.475148
vn 0.475147 0.673488 -0.566259
vn 0.385047 0.800729 -0.458881
vn 0.385047 0.800729 -0.458881
vn 0.458881 0.800729 -0.385047
vn 0.566259 0.673487 -0.475148
vn 0.458881 0.800729 -0.385047
vn 0.385047 0.800729 -0.458881
vn 0.329142 0.858953 -0.392257
vn 0.329142 0.858953 -0.392257
vn 0.392256 0.858953 -0.329142
vn 0.458881 0.800729 -0.385047
vn 0.392256 0.858953 -0.329142
vn 0.329142 0.858953 -0.392257
vn 0.296227 0.887479 -0.353030
vn 0.296227 0.887479 -0.353030
vn 0.353030 0.887479 -0.296227
vn 0.392256 0.858953 -0.329142
vn 0.353030 0.887479 -0.296227
vn 0.296227 0.887479 -0.353030
vn 0.278803 0.901038 -0.332265
vn 0.278803 0.901038 -0.332265
vn 0.332265 0.901038 -0.278803
vn 0.353030 0.887479 -0.296227
vn 0.332265 0.901038 -0.278803
vn 0.278803 0.901038 -0.332265
vn 0.273188 0.905191 -0.325573
vn 0.273188 0.905191 -0.325573
vn 0.325573 0.905191 -0.273188
vn 0.332265 0.901038 -0.278803
vn 0.766044 0.000000 -0.642788
vn 0.642787 0.000000 -0.766045
vn 0.642787 0.000000 -0.766045
vn 0.642787 0.000000 -0.766045
vn 0.766044 0.000000 -0.642788
vn 0.766044 0.000000 -0.642788
vn 0.206882 -0.962842 -0.173595
vn 0.173595 -0.962842 -0.206882
vn 0.209237 -0.945537 -0.249359
vn 0.209237 -0.945537 -0.249359
vn 0.249359 -0.945537 -0.209237
vn 0.206882 -0.962842 -0.173595
vn 0.249359 -0.945537 -0.209237
vn 0.209237 -0.945537 -0.249359
vn 0.271692 -0.906280 -0.323790
vn 0.271692 -0.906280 -0.323790
vn 0.323790 -0.906280 -0.271692
vn 0.249359 -0.945537 -0.209237
vn 0.323790 -0.906280 -0.271692
vn 0.271692 -0.906280 -0.323790
vn 0.328103 -0.859915 -0.391018
vn 0.328103 -0.859915 -0.391018
vn 0.391019 -0.859914 -0.328104
vn 0.323790 -0.906280 -0.271692
vn 0.391019 -0.859914 -0.328104
vn 0.328103 -0.859915 -0.391018
vn 0.384209 -0.801703 -0.457882
vn 0.384209 -0.801703 -0.457882
vn 0.457881 -0.801704 -0.384208
vn 0.391019 -0.859914 -0.328104
vn 0.457881 -0.801704 -0.384208
vn 0.384209 -0.801703 -0.457882
vn 0.447955 -0.717173 -0.533853
vn 0.447955 -0.717173 -0.533853
vn 0.533852 -0.717174 -0.447955
vn 0.457881 -0.801704 -0.384208
vn 0.533852 -0.717174 -0.447955
vn 0.447955 -0.717173 -0.533853
vn 0.532181 -0.560836 -0.634229
vn 0.532181 -0.560836 -0.634229
vn 0.634229 -0.560835 -0.532181
vn 0.533852 -0.717174 -0.447955
vn 0.634229 -0.560835 -0.532181
vn 0.532181 -0.560836 -0.634229
vn 0.572928 -0.453378 -0.682790
vn 0.572928 -0.453378 -0.682790
vn 0.682790 -0.453377 -0.572929
vn 0.634229 -0.560835 -0.532181
vn 0.763273 0.084984 -0.640463
vn 0.640462 0.084986 -0.763273
vn 0.624314 0.238021 -0.744028
vn 0.624314 0.238021 -0.744028
vn 0.744028 0.238021 -0.624314
vn 0.763273 0.084984 -0.640463
vn 0.744028 0.238021 -0.624314
vn 0.624314 0.238021 -0.744028
vn 0.572677 0.454146 -0.682490
vn 0.572677 0.454146 -0.682490
vn 0.682490 0.454146 -0.572677
vn 0.744028 0.238021 -0.624314
vn 0.682490 0.454146 -0.572677
vn 0.572677 0.454146 -0.682490
vn 0.533528 0.557730 -0.635835
vn 0.533528 0.557730 -0.635835
vn 0.635834 0.557729 -0.533529
vn 0.682490 0.454146 -0.572677
vn 0.635834 0.557729 -0.533529
vn 0.533528 0.557730 -0.635835
vn 0.502497 0.623595 -0.598853
vn 0.502497 0.623595 -0.598853
vn 0.598853 0.623596 -0.502497
vn 0.635834 0.557729 -0.533529
vn 0.598853 0.623596 -0.502497
vn 0.502497 0.623595 -0.598853
vn 0.475040 0.673672 -0.566130
vn 0.475040 0.673672 -0.566130
vn 0.566130 0.673672 -0.475040
vn 0.598853 0.623596 -0.502497
vn 0.566130 0.673672 -0.475040
vn 0.475040 0.673672 -0.566130
vn 0.448509 0.716335 -0.534512
vn 0.448509 0.716335 -0.534512
vn 0.534512 0.716335 -0.448509
vn 0.566130 0.673672 -0.475040
vn 0.534512 0.716335 -0.448509
vn 0.448509 0.716335 -0.534512
vn 0.434495 0.736944 -0.517811
vn 0.434495 0.736944 -0.517811
vn 0.517811 0.736944 -0.434495
vn 0.534512 0.716335 -0.448509
vn 0.765951 0.015597 -0.642710
vn 0.642709 0.015597 -0.765951
vn 0.642709 0.015597 -0.765951
vn 0.642709 0.015597 -0.765951
vn 0.765951 0.015597 -0.642710
vn 0.765951 0.015597 -0.642710
vn 0.230495 0.953659 -0.193408
vn 0.193408 0.953659 -0.230495
vn 0.193408 0.953659 -0.230495
vn 0.193408 0.953659 -0.230495
vn 0.230495 0.953659 -0.193408
vn 0.230495 0.953659 -0.193408
vn 0.766044 0.000000 -0.642788
vn 0.642787 0.000000 -0.766045
vn 0.642788 0.000000 -0.766044
vn 0.642788 0.000000 -0.766044
vn 0.766044 0.000000 -0.642788
vn 0.766044 0.000000 -0.642788
vn 0.399352 -0.853363 -0.335096
vn 0.335096 -0.853364 -0.399351
vn 0.338088 -0.850502 -0.402918
vn 0.338088 -0.850502 -0.402918
vn 0.402918 -0.850502 -0.338088
vn 0.399352 -0.853363 -0.335096
vn 0.402918 -0.850502 -0.338088
vn 0.338088 -0.850502 -0.402918
vn 0.346116 -0.842651 -0.412484
vn 0.346116 -0.842651 -0.412484
vn 0.412484 -0.842651 -0.346116
vn 0.402918 -0.850502 -0.338088
vn 0.412484 -0.842651 -0.346116
vn 0.346116 -0.842651 -0.412484
vn 0.357540 -0.831026 -0.426099
vn 0.357540 -0.831026 -0.426099
vn 0.426099 -0.831027 -0.357539
vn 0.412484 -0.842651 -0.346116
vn 0.426099 -0.831027 -0.357539
vn 0.357540 -0.831026 -0.426099
vn 0.370480 -0.817193 -0.441521
vn 0.370480 -0.817193 -0.441521
vn 0.441521 -0.817193 -0.370480
vn 0.426099 -0.831027 -0.357539
vn 0.441521 -0.817193 -0.370480
vn 0.370480 -0.817193 -0.441521
vn 0.383400 -0.802639 -0.456919
vn 0.383400 -0.802639 -0.456919
vn 0.456919 -0.802639 -0.383400
vn 0.441521 -0.817193 -0.370480
vn 0.456919 -0.802639 -0.383400
vn 0.383400 -0.802639 -0.456919
vn 0.395342 -0.788493 -0.471150
vn 0.395342 -0.788493 -0.471150
vn 0.471150 -0.788494 -0.395342
vn 0.456919 -0.802639 -0.383400
vn 0.471150 -0.788494 -0.395342
vn 0.395342 -0.788493 -0.471150
vn 0.457911 -0.701791 -0.545717
vn 0.457911 -0.701791 -0.545717
vn 0.545717 -0.701791 -0.457911
vn 0.471150 -0.788494 -0.395342
vn 0.545717 -0.701791 -0.457911
vn 0.457911 -0.701791 -0.545717
vn 0.504989 -0.618705 -0.601823
vn 0.504989 -0.618705 -0.601823
vn 0.601823 -0.618705 -0.504989
vn 0.545717 -0.701791 -0.457911
vn 0.765284 0.044542 -0.642150
vn 0.642150 0.044544 -0.765284
vn 0.642150 0.044544 -0.765284
vn 0.642150 0.044544 -0.765284
vn 0.765284 0.044542 -0.642150
vn 0.765284 0.044542 -0.642150
vn 0.604488 0.614261 -0.507226
vn 0.507226 0.614259 -0.604489
vn 0.448149 0.716880 -0.534084
vn 0.448149 0.716880 -0.534084
vn 0.534083 0.716881 -0.448149
vn 0.604488 0.614261 -0.507226
vn 0.534083 0.716881 -0.448149
vn 0.448149 0.716880 -0.534084
vn 0.341091 0.847595 -0.406496
vn 0.341091 0.847595 -0.406496
vn 0.406496 0.847595 -0.341091
vn 0.534083 0.716881 -0.448149
vn 0.406496 0.847595 -0.341091
vn 0.341091 0.847595 -0.406496
vn 0.285278 0.896119 -0.339981
vn 0.285278 0.896119 -0.339981
vn 0.339981 0.896119 -0.285278
vn 0.406496 0.847595 -0.341091
vn 0.339981 0.896119 -0.285278
vn 0.285278 0.896119 -0.339981
vn 0.258286 0.915718 -0.307813
vn 0.258286 0.915718 -0.307813
vn 0.307813 0.915718 -0.258286
vn 0.339981 0.896119 -0.285278
vn 0.307813 0.915718 -0.258286
vn 0.258286 0.915718 -0.307813
vn 0.249953 0.921297 -0.297883
vn 0.249953 0.921297 -0.297883
vn 0.297883 0.921297 -0.249954
vn 0.307813 0.915718 -0.258286
vn 0.762642 0.094139 -0.639933
vn 0.639933 0.094139 -0.762643
vn 0.638802 0.111184 -0.761295
vn 0.638802 0.111184 -0.761295
vn 0.761295 0.111184 -0.638802
vn 0.762642 0.094139 -0.639933
vn 0.761295 0.111184 -0.638802
vn 0.638802 0.111184 -0.761295
vn 0.637467 0.128408 -0.759702
vn 0.637467 0.128408 -0.759702
vn 0.759703 0.128408 -0.637466
vn 0.761295 0.111184 -0.638802
vn 0.003556 -0.999989 -0.002984
vn 0.002984 -0.999989 -0.003556
vn 0.002984 -0.999989 -0.003556
vn 0.002984 -0.999989 -0.003556
vn 0.003556 -0.999989 -0.002984
vn 0.003556 -0.999989 -0.002984
vn 0.766045 0.000296 -0.642787
vn 0.642788 0.000296 -0.766044
vn 0.642788 0.000296 -0.766044
vn 0.642788 0.000296 -0.766044
vn 0.766045 0.000296 -0.642787
vn 0.766045 0.000296 -0.642787
vn -0.000629 -1.000000 0.000527
vn -0.000527 -1.000000 0.000629
vn -0.000527 -1.000000 0.000629
vn -0.000527 -1.000000 0.000629
vn -0.000629 -1.000000 0.000527
vn -0.000629 -1.000000 0.000527
vn 0.766045 -0.000076 -0.642787
vn 0.642788 -0.000076 -0.766044
vn 0.642788 -0.000076 -0.766044
vn 0.642788 -0.000076 -0.766044
vn 0.766045 -0.000076 -0.642787
vn 0.766045 -0.000076 -0.642787
vn -0.000252 -1.000000 0.000211
vn -0.000211 -1.000000 0.000252
vn -0.000211 -1.000000 0.000252
vn -0.000211 -1.000000 0.000252
vn -0.000252 -1.000000 0.000211
vn -0.000252 -1.000000 0.000211
vn 0.766045 0.000000 -0.642787
vn 0.642788 0.000000 -0.766044
vn 0.642788 0.000000 -0.766044
vn 0.642788 0.000000 -0.766044
vn 0.766045 0.000000 -0.642787
vn 0.766045 0.000000 -0.642787
vn -0.000324 -1.000000 0.000272
vn -0.000272 -1.000000 0.000324
vn -0.000272 -1.000000 0.000324
vn -0.000272 -1.000000 0.000324
vn -0.000324 -1.000000 0.000272
vn -0.000324 -1.000000 0.000272
vn 0.766045 0.000552 -0.642787
vn 0.642788 0.000552 -0.766044
vn 0.642788 0.000552 -0.766044
vn 0.642788 0.000552 -0.766044
vn 0.784453 -0.000128 -0.620188
vn 0.766045 0.000552 -0.642787
vn 0.001155 0.999999 -0.001033
vn 0.000998 0.999999 -0.001189
vn 0.000000 1.000000 0.000000
vn 0.000000 -1.000000 0.000000
vn 0.000001 -1.000000 0.000000
vn 0.000000 -1.000000 0.000000
vn 0.642787 0.000000 -0.766045
vn 0.500000 0.000000 -0.866026
vn 0.500000 0.000000 -0.866026
vn 0.500000 0.000000 -0.866026
vn 0.642787 0.000000 -0.766045
vn 0.642787 0.000000 -0.766045
vn 0.265953 -0.910391 -0.316951
vn 0.206875 -0.910391 -0.358318
vn 0.211304 -0.906313 -0.365988
vn 0.211304 -0.906313 -0.365988
vn 0.271646 -0.906313 -0.323736
vn 0.265953 -0.910391 -0.316951
vn 0.271646 -0.906313 -0.323736
vn 0.211304 -0.906313 -0.365988
vn 0.224902 -0.893128 -0.389541
vn 0.224902 -0.893128 -0.389541
vn 0.289128 -0.893128 -0.344569
vn 0.271646 -0.906313 -0.323736
vn 0.289128 -0.893128 -0.344569
vn 0.224902 -0.893128 -0.389541
vn 0.250045 -0.865974 -0.433090
vn 0.250045 -0.865974 -0.433090
vn 0.321451 -0.865974 -0.383091
vn 0.289128 -0.893128 -0.344569
vn 0.321451 -0.865974 -0.383091
vn 0.250045 -0.865974 -0.433090
vn 0.291254 -0.812826 -0.504466
vn 0.291254 -0.812826 -0.504466
vn 0.374428 -0.812826 -0.446227
vn 0.321451 -0.865974 -0.383091
vn 0.374428 -0.812826 -0.446227
vn 0.291254 -0.812826 -0.504466
vn 0.354675 -0.704857 -0.614315
vn 0.354675 -0.704857 -0.614315
vn 0.455961 -0.704857 -0.543393
vn 0.374428 -0.812826 -0.446227
vn 0.455961 -0.704857 -0.543393
vn 0.354675 -0.704857 -0.614315
vn 0.438229 -0.481479 -0.759035
vn 0.438229 -0.481479 -0.759035
vn 0.563376 -0.481479 -0.671406
vn 0.455961 -0.704857 -0.543393
vn 0.563376 -0.481479 -0.671406
vn 0.438229 -0.481479 -0.759035
vn 0.498640 -0.073693 -0.863671
vn 0.498640 -0.073693 -0.863671
vn 0.641040 -0.073694 -0.763962
vn 0.563376 -0.481479 -0.671406
vn 0.641040 -0.073694 -0.763962
vn 0.498640 -0.073693 -0.863671
vn 0.461031 0.387039 -0.798531
vn 0.461031 0.387039 -0.798531
vn 0.592691 0.387039 -0.706342
vn 0.641040 -0.073694 -0.763962
vn 0.592691 0.387039 -0.706342
vn 0.461031 0.387039 -0.798531
vn 0.369599 0.673488 -0.640165
vn 0.369599 0.673488 -0.640165
vn 0.475147 0.673488 -0.566259
vn 0.592691 0.387039 -0.706342
vn 0.475147 0.673488 -0.566259
vn 0.369599 0.673488 -0.640165
vn 0.299513 0.800729 -0.518772
vn 0.299513 0.800729 -0.518772
vn 0.385047 0.800729 -0.458881
vn 0.475147 0.673488 -0.566259
vn 0.385047 0.800729 -0.458881
vn 0.299513 0.800729 -0.518772
vn 0.256027 0.858953 -0.443452
vn 0.256027 0.858953 -0.443452
vn 0.329142 0.858953 -0.392257
vn 0.385047 0.800729 -0.458881
vn 0.329142 0.858953 -0.392257
vn 0.256027 0.858953 -0.443452
vn 0.230423 0.887479 -0.399106
vn 0.230423 0.887479 -0.399106
vn 0.296227 0.887479 -0.353030
vn 0.329142 0.858953 -0.392257
vn 0.296227 0.887479 -0.353030
vn 0.230423 0.887479 -0.399106
vn 0.216870 0.901038 -0.375631
vn 0.216870 0.901038 -0.375631
vn 0.278803 0.901038 -0.332265
vn 0.296227 0.887479 -0.353030
vn 0.278803 0.901038 -0.332265
vn 0.216870 0.901038 -0.375631
vn 0.212502 0.905191 -0.368066
vn 0.212502 0.905191 -0.368066
vn 0.273188 0.905191 -0.325573
vn 0.278803 0.901038 -0.332265
vn 0.642787 0.000000 -0.766045
vn 0.500000 0.000000 -0.866026
vn 0.500000 0.000000 -0.866026
vn 0.500000 0.000000 -0.866026
vn 0.642787 0.000000 -0.766045
vn 0.642787 0.000000 -0.766045
vn 0.173595 -0.962842 -0.206882
vn 0.135033 -0.962842 -0.233884
vn 0.162757 -0.945537 -0.281903
vn 0.162757 -0.945537 -0.281903
vn 0.209237 -0.945537 -0.249359
vn 0.173595 -0.962842 -0.206882
vn 0.209237 -0.945537 -0.249359
vn 0.162757 -0.945537 -0.281903
vn 0.211339 -0.906280 -0.366049
vn 0.211339 -0.906280 -0.366049
vn 0.271692 -0.906280 -0.323790
vn 0.209237 -0.945537 -0.249359
vn 0.271692 -0.906280 -0.323790
vn 0.211339 -0.906280 -0.366049
vn 0.255219 -0.859914 -0.442053
vn 0.255219 -0.859914 -0.442053
vn 0.328103 -0.859915 -0.391018
vn 0.271692 -0.906280 -0.323790
vn 0.328103 -0.859915 -0.391018
vn 0.255219 -0.859914 -0.442053
vn 0.298861 -0.801703 -0.517643
vn 0.298861 -0.801703 -0.517643
vn 0.384209 -0.801703 -0.457882
vn 0.328103 -0.859915 -0.391018
vn 0.384209 -0.801703 -0.457882
vn 0.298861 -0.801703 -0.517643
vn 0.348447 -0.717173 -0.603529
vn 0.348447 -0.717173 -0.603529
vn 0.447955 -0.717173 -0.533853
vn 0.384209 -0.801703 -0.457882
vn 0.447955 -0.717173 -0.533853
vn 0.348447 -0.717173 -0.603529
vn 0.413964 -0.560834 -0.717007
vn 0.413964 -0.560834 -0.717007
vn 0.532181 -0.560836 -0.634229
vn 0.447955 -0.717173 -0.533853
vn 0.532181 -0.560836 -0.634229
vn 0.413964 -0.560834 -0.717007
vn 0.445660 -0.453374 -0.771906
vn 0.445660 -0.453374 -0.771906
vn 0.572928 -0.453378 -0.682790
vn 0.532181 -0.560836 -0.634229
vn 0.640462 0.084986 -0.763273
vn 0.498191 0.084982 -0.862893
vn 0.485630 0.238020 -0.841136
vn 0.485630 0.238020 -0.841136
vn 0.624314 0.238021 -0.744028
vn 0.640462 0.084986 -0.763273
vn 0.624314 0.238021 -0.744028
vn 0.485630 0.238020 -0.841136
vn 0.445463 0.454146 -0.771566
vn 0.445463 0.454146 -0.771566
vn 0.572677 0.454146 -0.682490
vn 0.624314 0.238021 -0.744028
vn 0.572677 0.454146 -0.682490
vn 0.445463 0.454146 -0.771566
vn 0.415011 0.557730 -0.718821
vn 0.415011 0.557730 -0.718821
vn 0.533528 0.557730 -0.635835
vn 0.572677 0.454146 -0.682490
vn 0.533528 0.557730 -0.635835
vn 0.415011 0.557730 -0.718821
vn 0.390873 0.623595 -0.677013
vn 0.390873 0.623595 -0.677013
vn 0.502497 0.623595 -0.598853
vn 0.533528 0.557730 -0.635835
vn 0.502497 0.623595 -0.598853
vn 0.390873 0.623595 -0.677013
vn 0.369515 0.673671 -0.640020
vn 0.369515 0.673671 -0.640020
vn 0.475040 0.673672 -0.566130
vn 0.502497 0.623595 -0.598853
vn 0.475040 0.673672 -0.566130
vn 0.369515 0.673671 -0.640020
vn 0.348878 0.716335 -0.604275
vn 0.348878 0.716335 -0.604275
vn 0.448509 0.716335 -0.534512
vn 0.475040 0.673672 -0.566130
vn 0.448509 0.716335 -0.534512
vn 0.348878 0.716335 -0.604275
vn 0.337977 0.736944 -0.585393
vn 0.337977 0.736944 -0.585393
vn 0.434495 0.736944 -0.517811
vn 0.448509 0.716335 -0.534512
vn 0.642709 0.015597 -0.765951
vn 0.499939 0.015597 -0.865920
vn 0.499939 0.015597 -0.865920
vn 0.499939 0.015597 -0.865920
vn 0.642709 0.015597 -0.765951
vn 0.642709 0.015597 -0.765951
vn 0.193408 0.953659 -0.230495
vn 0.150445 0.953659 -0.260578
vn 0.150445 0.953659 -0.260578
vn 0.150445 0.953659 -0.260578
vn 0.193408 0.953659 -0.230495
vn 0.193408 0.953659 -0.230495
vn 0.642787 0.000000 -0.766045
vn 0.500000 0.000000 -0.866026
vn 0.500000 0.000000 -0.866026
vn 0.500000 0.000000 -0.866026
vn 0.642788 0.000000 -0.766044
vn 0.642787 0.000000 -0.766045
vn 0.335096 -0.853364 -0.399351
vn 0.260657 -0.853364 -0.451472
vn 0.262985 -0.850502 -0.455505
vn 0.262985 -0.850502 -0.455505
vn 0.338088 -0.850502 -0.402918
vn 0.335096 -0.853364 -0.399351
vn 0.338088 -0.850502 -0.402918
vn 0.262985 -0.850502 -0.455505
vn 0.269230 -0.842651 -0.466321
vn 0.269230 -0.842651 -0.466321
vn 0.346116 -0.842651 -0.412484
vn 0.338088 -0.850502 -0.402918
vn 0.346116 -0.842651 -0.412484
vn 0.269230 -0.842651 -0.466321
vn 0.278116 -0.831026 -0.481712
vn 0.278116 -0.831026 -0.481712
vn 0.357540 -0.831026 -0.426099
vn 0.346116 -0.842651 -0.412484
vn 0.357540 -0.831026 -0.426099
vn 0.278116 -0.831026 -0.481712
vn 0.288182 -0.817193 -0.499146
vn 0.288182 -0.817193 -0.499146
vn 0.370480 -0.817193 -0.441521
vn 0.357540 -0.831026 -0.426099
vn 0.370480 -0.817193 -0.441521
vn 0.288182 -0.817193 -0.499146
vn 0.298232 -0.802639 -0.516554
vn 0.298232 -0.802639 -0.516554
vn 0.383400 -0.802639 -0.456919
vn 0.370480 -0.817193 -0.441521
vn 0.383400 -0.802639 -0.456919
vn 0.298232 -0.802639 -0.516554
vn 0.307521 -0.788493 -0.532643
vn 0.307521 -0.788493 -0.532643
vn 0.395342 -0.788493 -0.471150
vn 0.383400 -0.802639 -0.456919
vn 0.395342 -0.788493 -0.471150
vn 0.307521 -0.788493 -0.532643
vn 0.356191 -0.701791 -0.616942
vn 0.356191 -0.701791 -0.616942
vn 0.457911 -0.701791 -0.545717
vn 0.395342 -0.788493 -0.471150
vn 0.457911 -0.701791 -0.545717
vn 0.356191 -0.701791 -0.616942
vn 0.392812 -0.618704 -0.680371
vn 0.392812 -0.618704 -0.680371
vn 0.504989 -0.618705 -0.601823
vn 0.457911 -0.701791 -0.545717
vn 0.642150 0.044544 -0.765284
vn 0.499504 0.044541 -0.865166
vn 0.499503 0.044541 -0.865166
vn 0.499503 0.044541 -0.865166
vn 0.642150 0.044544 -0.765284
vn 0.642150 0.044544 -0.765284
vn 0.507226 0.614259 -0.604489
vn 0.394551 0.614261 -0.683383
vn 0.348598 0.716881 -0.603789
vn 0.348598 0.716881 -0.603789
vn 0.448149 0.716880 -0.534084
vn 0.507226 0.614259 -0.604489
vn 0.448149 0.716880 -0.534084
vn 0.348598 0.716881 -0.603789
vn 0.265322 0.847595 -0.459551
vn 0.265322 0.847595 -0.459551
vn 0.341091 0.847595 -0.406496
vn 0.448149 0.716880 -0.534084
vn 0.341091 0.847595 -0.406496
vn 0.265322 0.847595 -0.459551
vn 0.221907 0.896119 -0.384354
vn 0.221907 0.896119 -0.384354
vn 0.285278 0.896119 -0.339981
vn 0.341091 0.847595 -0.406496
vn 0.285278 0.896119 -0.339981
vn 0.221907 0.896119 -0.384354
vn 0.200911 0.915718 -0.347987
vn 0.200911 0.915718 -0.347987
vn 0.258286 0.915718 -0.307813
vn 0.285278 0.896119 -0.339981
vn 0.258286 0.915718 -0.307813
vn 0.200911 0.915718 -0.347987
vn 0.194429 0.921298 -0.336761
vn 0.194429 0.921298 -0.336761
vn 0.249953 0.921297 -0.297883
vn 0.258286 0.915718 -0.307813
vn 0.639933 0.094139 -0.762643
vn 0.497779 0.094139 -0.862180
vn 0.496900 0.111184 -0.860656
vn 0.496900 0.111184 -0.860656
vn 0.638802 0.111184 -0.761295
vn 0.639933 0.094139 -0.762643
vn 0.638802 0.111184 -0.761295
vn 0.496900 0.111184 -0.860656
vn 0.495861 0.128408 -0.858856
vn 0.495861 0.128408 -0.858856
vn 0.637467 0.128408 -0.759702
vn 0.638802 0.111184 -0.761295
vn 0.002984 -0.999989 -0.003556
vn 0.002321 -0.999989 -0.004020
vn 0.002321 -0.999989 -0.004020
vn 0.002321 -0.999989 -0.004020
vn 0.002984 -0.999989 -0.003556
vn 0.002984 -0.999989 -0.003556
vn 0.642788 0.000296 -0.766044
vn 0.500000 0.000296 -0.866025
vn 0.500000 0.000296 -0.866025
vn 0.500000 0.000296 -0.866025
vn 0.642788 0.000296 -0.766044
vn 0.642788 0.000296 -0.766044
vn -0.000527 -1.000000 0.000629
vn -0.000410 -1.000000 0.000711
vn -0.000410 -1.000000 0.000711
vn -0.000410 -1.000000 0.000711
vn -0.000527 -1.000000 0.000629
vn -0.000527 -1.000000 0.000629
vn 0.642788 -0.000076 -0.766044
vn 0.500000 -0.000076 -0.866025
vn 0.500001 -0.000076 -0.866025
vn 0.500001 -0.000076 -0.866025
vn 0.642788 -0.000076 -0.766044
vn 0.642788 -0.000076 -0.766044
vn -0.000211 -1.000000 0.000252
vn -0.000163 -1.000000 0.000285
vn -0.000163 -1.000000 0.000285
vn -0.000163 -1.000000 0.000285
vn -0.000211 -1.000000 0.000252
vn -0.000211 -1.000000 0.000252
vn 0.642788 0.000000 -0.766044
vn 0.500000 0.000000 -0.866025
vn 0.500000 0.000000 -0.866025
vn 0.500000 0.000000 -0.866025
vn 0.642788 0.000000 -0.766044
vn 0.642788 0.000000 -0.766044
vn -0.000272 -1.000000 0.000324
vn -0.000211 -1.000000 0.000367
vn -0.000211 -1.000000 0.000367
vn -0.000211 -1.000000 0.000367
vn -0.000272 -1.000000 0.000324
vn -0.000272 -1.000000 0.000324
vn 0.642788 0.000552 -0.766044
vn 0.500000 0.000552 -0.866025
vn 0.474548 -0.000128 -0.880230
vn 0.474548 -0.000128 -0.880230
vn 0.642788 0.000552 -0.766044
vn 0.642788 0.000552 -0.766044
vn 0.000998 0.999999 -0.001189
vn 0.000816 0.999999 -0.001317
vn 0.000000 1.000000 0.000000
vn 0.000000 -1.000000 0.000000
vn 0.000000 -1.000000 0.000000
vn 0.000001 -1.000000 0.000000
vn 0.500000 0.000000 -0.866026
vn 0.342020 0.000000 -0.939693
vn 0.342020 0.000000 -0.939693
vn 0.342020 0.000000 -0.939693
vn 0.500000 0.000000 -0.866026
vn 0.500000 0.000000 -0.866026
vn 0.206875 -0.910391 -0.358318
vn 0.141511 -0.910390 -0.388798
vn 0.144540 -0.906313 -0.397120
vn 0.144540 -0.906313 -0.397120
vn 0.211304 -0.906313 -0.365988
vn 0.206875 -0.910391 -0.358318
vn 0.211304 -0.906313 -0.365988
vn 0.144540 -0.906313 -0.397120
vn 0.153842 -0.893128 -0.422677
vn 0.153842 -0.893128 -0.422677
vn 0.224902 -0.893128 -0.389541
vn 0.211304 -0.906313 -0.365988
vn 0.224902 -0.893128 -0.389541
vn 0.153842 -0.893128 -0.422677
vn 0.171041 -0.865973 -0.469931
vn 0.171041 -0.865973 -0.469931
vn 0.250045 -0.865974 -0.433090
vn 0.224902 -0.893128 -0.389541
vn 0.250045 -0.865974 -0.433090
vn 0.171041 -0.865973 -0.469931
vn 0.199229 -0.812826 -0.547377
vn 0.199229 -0.812826 -0.547377
vn 0.291254 -0.812826 -0.504466
vn 0.250045 -0.865974 -0.433090
vn 0.291254 -0.812826 -0.504466
vn 0.199229 -0.812826 -0.547377
vn 0.242612 -0.704857 -0.666570
vn 0.242612 -0.704857 -0.666570
vn 0.354675 -0.704857 -0.614315
vn 0.291254 -0.812826 -0.504466
vn 0.354675 -0.704857 -0.614315
vn 0.242612 -0.704857 -0.666570
vn 0.299766 -0.481478 -0.823601
vn 0.299766 -0.481478 -0.823601
vn 0.438229 -0.481479 -0.759035
vn 0.354675 -0.704857 -0.614315
vn 0.438229 -0.481479 -0.759035
vn 0.299766 -0.481478 -0.823601
vn 0.341090 -0.073695 -0.937138
vn 0.341090 -0.073695 -0.937138
vn 0.498640 -0.073693 -0.863671
vn 0.438229 -0.481479 -0.759035
vn 0.498640 -0.073693 -0.863671
vn 0.341090 -0.073695 -0.937138
vn 0.315364 0.387038 -0.866457
vn 0.315364 0.387038 -0.866457
vn 0.461031 0.387039 -0.798531
vn 0.498640 -0.073693 -0.863671
vn 0.461031 0.387039 -0.798531
vn 0.315364 0.387038 -0.866457
vn 0.252820 0.673488 -0.694619
vn 0.252820 0.673488 -0.694619
vn 0.369599 0.673488 -0.640165
vn 0.461031 0.387039 -0.798531
vn 0.369599 0.673488 -0.640165
vn 0.252820 0.673488 -0.694619
vn 0.204879 0.800729 -0.562901
vn 0.204879 0.800729 -0.562901
vn 0.299513 0.800729 -0.518772
vn 0.369599 0.673488 -0.640165
vn 0.299513 0.800729 -0.518772
vn 0.204879 0.800729 -0.562901
vn 0.175132 0.858953 -0.481173
vn 0.175132 0.858953 -0.481173
vn 0.256027 0.858953 -0.443452
vn 0.299513 0.800729 -0.518772
vn 0.256027 0.858953 -0.443452
vn 0.175132 0.858953 -0.481173
vn 0.157619 0.887479 -0.433055
vn 0.157619 0.887479 -0.433055
vn 0.230423 0.887479 -0.399106
vn 0.256027 0.858953 -0.443452
vn 0.230423 0.887479 -0.399106
vn 0.157619 0.887479 -0.433055
vn 0.148347 0.901038 -0.407583
vn 0.148347 0.901038 -0.407583
vn 0.216870 0.901038 -0.375631
vn 0.230423 0.887479 -0.399106
vn 0.216870 0.901038 -0.375631
vn 0.148347 0.901038 -0.407583
vn 0.145360 0.905191 -0.399375
vn 0.145360 0.905191 -0.399375
vn 0.212502 0.905191 -0.368066
vn 0.216870 0.901038 -0.375631
vn 0.500000 0.000000 -0.866026
vn 0.342020 0.000000 -0.939693
vn 0.342020 0.000000 -0.939693
vn 0.342020 0.000000 -0.939693
vn 0.500000 0.000000 -0.866026
vn 0.500000 0.000000 -0.866026
vn 0.135033 -0.962842 -0.233884
vn 0.092369 -0.962842 -0.253780
vn 0.111333 -0.945536 -0.305885
vn 0.111333 -0.945536 -0.305885
vn 0.162757 -0.945537 -0.281903
vn 0.135033 -0.962842 -0.233884
vn 0.162757 -0.945537 -0.281903
vn 0.111333 -0.945536 -0.305885
vn 0.144565 -0.906280 -0.397188
vn 0.144565 -0.906280 -0.397188
vn 0.211339 -0.906280 -0.366049
vn 0.162757 -0.945537 -0.281903
vn 0.211339 -0.906280 -0.366049
vn 0.144565 -0.906280 -0.397188
vn 0.174580 -0.859914 -0.479656
vn 0.174580 -0.859914 -0.479656
vn 0.255219 -0.859914 -0.442053
vn 0.211339 -0.906280 -0.366049
vn 0.255219 -0.859914 -0.442053
vn 0.174580 -0.859914 -0.479656
vn 0.204433 -0.801703 -0.561675
vn 0.204433 -0.801703 -0.561675
vn 0.298861 -0.801703 -0.517643
vn 0.255219 -0.859914 -0.442053
vn 0.298861 -0.801703 -0.517643
vn 0.204433 -0.801703 -0.561675
vn 0.238352 -0.717174 -0.654867
vn 0.238352 -0.717174 -0.654867
vn 0.348447 -0.717173 -0.603529
vn 0.298861 -0.801703 -0.517643
vn 0.348447 -0.717173 -0.603529
vn 0.238352 -0.717174 -0.654867
vn 0.283167 -0.560837 -0.777996
vn 0.283167 -0.560837 -0.777996
vn 0.413964 -0.560834 -0.717007
vn 0.348447 -0.717173 -0.603529
vn 0.413964 -0.560834 -0.717007
vn 0.283167 -0.560837 -0.777996
vn 0.304849 -0.453379 -0.837565
vn 0.304849 -0.453379 -0.837565
vn 0.445660 -0.453374 -0.771906
vn 0.413964 -0.560834 -0.717007
vn 0.498191 0.084982 -0.862893
vn 0.340783 0.084985 -0.936293
vn 0.332190 0.238022 -0.912686
vn 0.332190 0.238022 -0.912686
vn 0.485630 0.238020 -0.841136
vn 0.498191 0.084982 -0.862893
vn 0.485630 0.238020 -0.841136
vn 0.332190 0.238022 -0.912686
vn 0.304715 0.454147 -0.837198
vn 0.304715 0.454147 -0.837198
vn 0.445463 0.454146 -0.771566
vn 0.485630 0.238020 -0.841136
vn 0.445463 0.454146 -0.771566
vn 0.304715 0.454147 -0.837198
vn 0.283884 0.557730 -0.779966
vn 0.283884 0.557730 -0.779966
vn 0.415011 0.557730 -0.718821
vn 0.445463 0.454146 -0.771566
vn 0.415011 0.557730 -0.718821
vn 0.283884 0.557730 -0.779966
vn 0.267373 0.623596 -0.734602
vn 0.267373 0.623596 -0.734602
vn 0.390873 0.623595 -0.677013
vn 0.415011 0.557730 -0.718821
vn 0.390873 0.623595 -0.677013
vn 0.267373 0.623596 -0.734602
vn 0.252763 0.673671 -0.694462
vn 0.252763 0.673671 -0.694462
vn 0.369515 0.673671 -0.640020
vn 0.390873 0.623595 -0.677013
vn 0.369515 0.673671 -0.640020
vn 0.252763 0.673671 -0.694462
vn 0.238647 0.716335 -0.655676
vn 0.238647 0.716335 -0.655676
vn 0.348878 0.716335 -0.604275
vn 0.369515 0.673671 -0.640020
vn 0.348878 0.716335 -0.604275
vn 0.238647 0.716335 -0.655676
vn 0.231190 0.736944 -0.635189
vn 0.231190 0.736944 -0.635189
vn 0.337977 0.736944 -0.585393
vn 0.348878 0.716335 -0.604275
vn 0.499939 0.015597 -0.865920
vn 0.341978 0.015597 -0.939578
vn 0.341978 0.015597 -0.939578
vn 0.341978 0.015597 -0.939578
vn 0.499939 0.015597 -0.865920
vn 0.499939 0.015597 -0.865920
vn 0.150445 0.953659 -0.260578
vn 0.102910 0.953659 -0.282744
vn 0.102910 0.953659 -0.282744
vn 0.102910 0.953659 -0.282744
vn 0.150445 0.953659 -0.260578
vn 0.150445 0.953659 -0.260578
vn 0.500000 0.000000 -0.866026
vn 0.342020 0.000000 -0.939693
vn 0.342020 0.000000 -0.939693
vn 0.342020 0.000000 -0.939693
vn 0.500000 0.000000 -0.866026
vn 0.500000 0.000000 -0.866026
vn 0.260657 -0.853364 -0.451472
vn 0.178300 -0.853365 -0.489875
vn 0.179893 -0.850502 -0.494251
vn 0.179893 -0.850502 -0.494251
vn 0.262985 -0.850502 -0.455505
vn 0.260657 -0.853364 -0.451472
vn 0.262985 -0.850502 -0.455505
vn 0.179893 -0.850502 -0.494251
vn 0.184164 -0.842651 -0.505988
vn 0.184164 -0.842651 -0.505988
vn 0.269230 -0.842651 -0.466321
vn 0.262985 -0.850502 -0.455505
vn 0.269230 -0.842651 -0.466321
vn 0.184164 -0.842651 -0.505988
vn 0.190243 -0.831027 -0.522688
vn 0.190243 -0.831027 -0.522688
vn 0.278116 -0.831026 -0.481712
vn 0.269230 -0.842651 -0.466321
vn 0.278116 -0.831026 -0.481712
vn 0.190243 -0.831027 -0.522688
vn 0.197128 -0.817193 -0.541605
vn 0.197128 -0.817193 -0.541605
vn 0.288182 -0.817193 -0.499146
vn 0.278116 -0.831026 -0.481712
vn 0.288182 -0.817193 -0.499146
vn 0.197128 -0.817193 -0.541605
vn 0.204003 -0.802639 -0.560494
vn 0.204003 -0.802639 -0.560494
vn 0.298232 -0.802639 -0.516554
vn 0.288182 -0.817193 -0.499146
vn 0.298232 -0.802639 -0.516554
vn 0.204003 -0.802639 -0.560494
vn 0.210357 -0.788494 -0.577951
vn 0.210357 -0.788494 -0.577951
vn 0.307521 -0.788493 -0.532643
vn 0.298232 -0.802639 -0.516554
vn 0.307521 -0.788493 -0.532643
vn 0.210357 -0.788494 -0.577951
vn 0.243649 -0.701791 -0.669421
vn 0.243649 -0.701791 -0.669421
vn 0.356191 -0.701791 -0.616942
vn 0.307521 -0.788493 -0.532643
vn 0.356191 -0.701791 -0.616942
vn 0.243649 -0.701791 -0.669421
vn 0.268699 -0.618704 -0.738245
vn 0.268699 -0.618704 -0.738245
vn 0.392812 -0.618704 -0.680371
vn 0.356191 -0.701791 -0.616942
vn 0.499504 0.044541 -0.865166
vn 0.341681 0.044542 -0.938760
vn 0.341680 0.044542 -0.938760
vn 0.341680 0.044542 -0.938760
vn 0.499503 0.044541 -0.865166
vn 0.499504 0.044541 -0.865166
vn 0.394551 0.614261 -0.683383
vn 0.269889 0.614260 -0.741515
vn 0.238455 0.716880 -0.655150
vn 0.238455 0.716880 -0.655150
vn 0.348598 0.716881 -0.603789
vn 0.394551 0.614261 -0.683383
vn 0.348598 0.716881 -0.603789
vn 0.238455 0.716880 -0.655150
vn 0.181491 0.847595 -0.498642
vn 0.181491 0.847595 -0.498642
vn 0.265322 0.847595 -0.459551
vn 0.348598 0.716881 -0.603789
vn 0.265322 0.847595 -0.459551
vn 0.181491 0.847595 -0.498642
vn 0.151793 0.896119 -0.417049
vn 0.151793 0.896119 -0.417049
vn 0.221907 0.896119 -0.384354
vn 0.265322 0.847595 -0.459551
vn 0.221907 0.896119 -0.384354
vn 0.151793 0.896119 -0.417049
vn 0.137431 0.915718 -0.377588
vn 0.137431 0.915718 -0.377588
vn 0.200911 0.915718 -0.347987
vn 0.221907 0.896119 -0.384354
vn 0.200911 0.915718 -0.347987
vn 0.137431 0.915718 -0.377588
vn 0.132997 0.921298 -0.365407
vn 0.132997 0.921298 -0.365407
vn 0.194429 0.921298 -0.336761
vn 0.200911 0.915718 -0.347987
vn 0.497779 0.094139 -0.862180
vn 0.340501 0.094139 -0.935520
vn 0.339900 0.111184 -0.933866
vn 0.339900 0.111184 -0.933866
vn 0.496900 0.111184 -0.860656
vn 0.497779 0.094139 -0.862180
vn 0.496900 0.111184 -0.860656
vn 0.339900 0.111184 -0.933866
vn 0.339189 0.128408 -0.931913
vn 0.339189 0.128408 -0.931913
vn 0.495861 0.128408 -0.858856
vn 0.496900 0.111184 -0.860656
vn 0.002321 -0.999989 -0.004020
vn 0.001588 -0.999989 -0.004362
vn 0.001588 -0.999989 -0.004362
vn 0.001588 -0.999989 -0.004362
vn 0.002321 -0.999989 -0.004020
vn 0.002321 -0.999989 -0.004020
vn 0.500000 0.000296 -0.866025
vn 0.342020 0.000296 -0.939693
vn 0.342020 0.000296 -0.939693
vn 0.342020 0.000296 -0.939693
vn 0.500000 0.000296 -0.866025
vn 0.500000 0.000296 -0.866025
vn -0.000410 -1.000000 0.000711
vn -0.000281 -1.000000 0.000771
vn -0.000281 -1.000000 0.000771
vn -0.000281 -1.000000 0.000771
vn -0.000410 -1.000000 0.000711
vn -0.000410 -1.000000 0.000711
vn 0.500000 -0.000076 -0.866025
vn 0.342020 -0.000076 -0.939693
vn 0.342021 -0.000076 -0.939692
vn 0.342021 -0.000076 -0.939692
vn 0.500001 -0.000076 -0.866025
vn 0.500000 -0.000076 -0.866025
vn -0.000163 -1.000000 0.000285
vn -0.000111 -1.000000 0.000309
vn -0.000111 -1.000000 0.000309
vn -0.000111 -1.000000 0.000309
vn -0.000163 -1.000000 0.000285
vn -0.000163 -1.000000 0.000285
vn 0.500000 0.000000 -0.866025
vn 0.342020 0.000000 -0.939693
vn 0.342021 0.000000 -0.939692
vn 0.342021 0.000000 -0.939692
vn 0.500000 0.000000 -0.866025
vn 0.500000 0.000000 -0.866025
vn -0.000211 -1.000000 0.000367
vn -0.000144 -1.000000 0.000398
vn -0.000144 -1.000000 0.000398
vn -0.000144 -1.000000 0.000398
vn -0.000211 -1.000000 0.000367
vn -0.000211 -1.000000 0.000367
vn 0.500000 0.000552 -0.866025
vn 0.342020 0.000552 -0.939692
vn 0.342027 -0.000480 -0.939690
vn 0.342027 -0.000480 -0.939690
vn 0.474548 -0.000128 -0.880230
vn 0.500000 0.000552 -0.866025
vn 0.000816 0.999999 -0.001317
vn 0.000527 0.999999 -0.001451
vn 0.000000 1.000000 0.000000
vn 0.000000 -1.000000 0.000000
vn 0.000000 -1.000000 0.000000
vn 0.000000 -1.000000 0.000000
vn 0.342020 0.000000 -0.939693
vn 0.173648 0.000000 -0.984808
vn 0.173648 0.000000 -0.984808
vn 0.173648 0.000000 -0.984808
vn 0.342020 0.000000 -0.939693
vn 0.342020 0.000000 -0.939693
vn 0.141511 -0.910390 -0.388798
vn 0.071847 -0.910390 -0.407465
vn 0.073385 -0.906313 -0.416186
vn 0.073385 -0.906313 -0.416186
vn 0.144540 -0.906313 -0.397120
vn 0.141511 -0.910390 -0.388798
vn 0.144540 -0.906313 -0.397120
vn 0.073385 -0.906313 -0.416186
vn 0.078107 -0.893128 -0.442970
vn 0.078107 -0.893128 -0.442970
vn 0.153842 -0.893128 -0.422677
vn 0.144540 -0.906313 -0.397120
vn 0.153842 -0.893128 -0.422677
vn 0.078107 -0.893128 -0.442970
vn 0.086840 -0.865974 -0.492492
vn 0.086840 -0.865974 -0.492492
vn 0.171041 -0.865973 -0.469931
vn 0.153842 -0.893128 -0.422677
vn 0.171041 -0.865973 -0.469931
vn 0.086840 -0.865974 -0.492492
vn 0.101151 -0.812826 -0.573657
vn 0.101151 -0.812826 -0.573657
vn 0.199229 -0.812826 -0.547377
vn 0.171041 -0.865973 -0.469931
vn 0.199229 -0.812826 -0.547377
vn 0.101151 -0.812826 -0.573657
vn 0.123177 -0.704858 -0.698572
vn 0.123177 -0.704858 -0.698572
vn 0.242612 -0.704857 -0.666570
vn 0.199229 -0.812826 -0.547377
vn 0.242612 -0.704857 -0.666570
vn 0.123177 -0.704858 -0.698572
vn 0.152195 -0.481478 -0.863143
vn 0.152195 -0.481478 -0.863143
vn 0.299766 -0.481478 -0.823601
vn 0.242612 -0.704857 -0.666570
vn 0.299766 -0.481478 -0.823601
vn 0.152195 -0.481478 -0.863143
vn 0.173176 -0.073693 -0.982130
vn 0.173176 -0.073693 -0.982130
vn 0.341090 -0.073695 -0.937138
vn 0.299766 -0.481478 -0.823601
vn 0.341090 -0.073695 -0.937138
vn 0.173176 -0.073693 -0.982130
vn 0.160114 0.387038 -0.908056
vn 0.160114 0.387038 -0.908056
vn 0.315364 0.387038 -0.866457
vn 0.341090 -0.073695 -0.937138
vn 0.315364 0.387038 -0.866457
vn 0.160114 0.387038 -0.908056
vn 0.128360 0.673488 -0.727968
vn 0.128360 0.673488 -0.727968
vn 0.252820 0.673488 -0.694619
vn 0.315364 0.387038 -0.866457
vn 0.252820 0.673488 -0.694619
vn 0.128360 0.673488 -0.727968
vn 0.104020 0.800729 -0.589926
vn 0.104020 0.800729 -0.589926
vn 0.204879 0.800729 -0.562901
vn 0.252820 0.673488 -0.694619
vn 0.204879 0.800729 -0.562901
vn 0.104020 0.800729 -0.589926
vn 0.088917 0.858953 -0.504275
vn 0.088917 0.858953 -0.504275
vn 0.175132 0.858953 -0.481173
vn 0.204879 0.800729 -0.562901
vn 0.175132 0.858953 -0.481173
vn 0.088917 0.858953 -0.504275
vn 0.080025 0.887479 -0.453846
vn 0.080025 0.887479 -0.453846
vn 0.157619 0.887479 -0.433055
vn 0.175132 0.858953 -0.481173
vn 0.157619 0.887479 -0.433055
vn 0.080025 0.887479 -0.453846
vn 0.075318 0.901038 -0.427151
vn 0.075318 0.901038 -0.427151
vn 0.148347 0.901038 -0.407583
vn 0.157619 0.887479 -0.433055
vn 0.148347 0.901038 -0.407583
vn 0.075318 0.901038 -0.427151
vn 0.073801 0.905191 -0.418548
vn 0.073801 0.905191 -0.418548
vn 0.145360 0.905191 -0.399375
vn 0.148347 0.901038 -0.407583
vn 0.342020 0.000000 -0.939693
vn 0.173648 0.000000 -0.984808
vn 0.173648 0.000000 -0.984808
vn 0.173648 0.000000 -0.984808
vn 0.342020 0.000000 -0.939693
vn 0.342020 0.000000 -0.939693
vn 0.092369 -0.962842 -0.253780
vn 0.046897 -0.962842 -0.265964
vn 0.056525 -0.945536 -0.320571
vn 0.056525 -0.945536 -0.320571
vn 0.111333 -0.945536 -0.305885
vn 0.092369 -0.962842 -0.253780
vn 0.111333 -0.945536 -0.305885
vn 0.056525 -0.945536 -0.320571
vn 0.073397 -0.906280 -0.416257
vn 0.073397 -0.906280 -0.416257
vn 0.144565 -0.906280 -0.397188
vn 0.111333 -0.945536 -0.305885
vn 0.144565 -0.906280 -0.397188
vn 0.073397 -0.906280 -0.416257
vn 0.088637 -0.859914 -0.502684
vn 0.088637 -0.859914 -0.502684
vn 0.174580 -0.859914 -0.479656
vn 0.144565 -0.906280 -0.397188
vn 0.174580 -0.859914 -0.479656
vn 0.088637 -0.859914 -0.502684
vn 0.103793 -0.801703 -0.588642
vn 0.103793 -0.801703 -0.588642
vn 0.204433 -0.801703 -0.561675
vn 0.174580 -0.859914 -0.479656
vn 0.204433 -0.801703 -0.561675
vn 0.103793 -0.801703 -0.588642
vn 0.121015 -0.717172 -0.686309
vn 0.121015 -0.717172 -0.686309
vn 0.238352 -0.717174 -0.654867
vn 0.204433 -0.801703 -0.561675
vn 0.238352 -0.717174 -0.654867
vn 0.121015 -0.717172 -0.686309
vn 0.143768 -0.560837 -0.815348
vn 0.143768 -0.560837 -0.815348
vn 0.283167 -0.560837 -0.777996
vn 0.238352 -0.717174 -0.654867
vn 0.283167 -0.560837 -0.777996
vn 0.143768 -0.560837 -0.815348
vn 0.154775 -0.453382 -0.877775
vn 0.154775 -0.453382 -0.877775
vn 0.304849 -0.453379 -0.837565
vn 0.283167 -0.560837 -0.777996
vn 0.340783 0.084985 -0.936293
vn 0.173019 0.084986 -0.981245
vn 0.168657 0.238022 -0.956504
vn 0.168657 0.238022 -0.956504
vn 0.332190 0.238022 -0.912686
vn 0.340783 0.084985 -0.936293
vn 0.332190 0.238022 -0.912686
vn 0.168657 0.238022 -0.956504
vn 0.154708 0.454146 -0.877392
vn 0.154708 0.454146 -0.877392
vn 0.304715 0.454147 -0.837198
vn 0.332190 0.238022 -0.912686
vn 0.304715 0.454147 -0.837198
vn 0.154708 0.454146 -0.877392
vn 0.144132 0.557730 -0.817413
vn 0.144132 0.557730 -0.817413
vn 0.283884 0.557730 -0.779966
vn 0.304715 0.454147 -0.837198
vn 0.283884 0.557730 -0.779966
vn 0.144132 0.557730 -0.817413
vn 0.135749 0.623595 -0.769871
vn 0.135749 0.623595 -0.769871
vn 0.267373 0.623596 -0.734602
vn 0.283884 0.557730 -0.779966
vn 0.267373 0.623596 -0.734602
vn 0.135749 0.623595 -0.769871
vn 0.128331 0.673672 -0.727803
vn 0.128331 0.673672 -0.727803
vn 0.252763 0.673671 -0.694462
vn 0.267373 0.623596 -0.734602
vn 0.252763 0.673671 -0.694462
vn 0.128331 0.673672 -0.727803
vn 0.121164 0.716335 -0.687156
vn 0.121164 0.716335 -0.687156
vn 0.238647 0.716335 -0.655676
vn 0.252763 0.673671 -0.694462
vn 0.238647 0.716335 -0.655676
vn 0.121164 0.716335 -0.687156
vn 0.117378 0.736944 -0.665684
vn 0.117378 0.736944 -0.665684
vn 0.231190 0.736944 -0.635189
vn 0.238647 0.716335 -0.655676
vn 0.341978 0.015597 -0.939578
vn 0.173627 0.015597 -0.984688
vn 0.173627 0.015597 -0.984688
vn 0.173627 0.015597 -0.984688
vn 0.341978 0.015597 -0.939578
vn 0.341978 0.015597 -0.939578
vn 0.102910 0.953659 -0.282744
vn 0.052249 0.953659 -0.296319
vn 0.052249 0.953659 -0.296319
vn 0.052249 0.953659 -0.296319
vn 0.102910 0.953659 -0.282744
vn 0.102910 0.953659 -0.282744
vn 0.342020 0.000000 -0.939693
vn 0.173648 0.000000 -0.984808
vn 0.173648 0.000000 -0.984808
vn 0.173648 0.000000 -0.984808
vn 0.342020 0.000000 -0.939693
vn 0.342020 0.000000 -0.939693
vn 0.178300 -0.853365 -0.489875
vn 0.090525 -0.853364 -0.513396
vn 0.091334 -0.850502 -0.517981
vn 0.091334 -0.850502 -0.517981
vn 0.179893 -0.850502 -0.494251
vn 0.178300 -0.853365 -0.489875
vn 0.179893 -0.850502 -0.494251
vn 0.091334 -0.850502 -0.517981
vn 0.093502 -0.842651 -0.530280
vn 0.093502 -0.842651 -0.530280
vn 0.184164 -0.842651 -0.505988
vn 0.179893 -0.850502 -0.494251
vn 0.184164 -0.842651 -0.505988
vn 0.093502 -0.842651 -0.530280
vn 0.096589 -0.831026 -0.547783
vn 0.096589 -0.831026 -0.547783
vn 0.190243 -0.831027 -0.522688
vn 0.184164 -0.842651 -0.505988
vn 0.190243 -0.831027 -0.522688
vn 0.096589 -0.831026 -0.547783
vn 0.100085 -0.817192 -0.567609
vn 0.100085 -0.817192 -0.567609
vn 0.197128 -0.817193 -0.541605
vn 0.190243 -0.831027 -0.522688
vn 0.197128 -0.817193 -0.541605
vn 0.100085 -0.817192 -0.567609
vn 0.103575 -0.802639 -0.587403
vn 0.103575 -0.802639 -0.587403
vn 0.204003 -0.802639 -0.560494
vn 0.197128 -0.817193 -0.541605
vn 0.204003 -0.802639 -0.560494
vn 0.103575 -0.802639 -0.587403
vn 0.106801 -0.788493 -0.605699
vn 0.106801 -0.788493 -0.605699
vn 0.210357 -0.788494 -0.577951
vn 0.204003 -0.802639 -0.560494
vn 0.210357 -0.788494 -0.577951
vn 0.106801 -0.788493 -0.605699
vn 0.123704 -0.701792 -0.701560
vn 0.123704 -0.701792 -0.701560
vn 0.243649 -0.701791 -0.669421
vn 0.210357 -0.788494 -0.577951
vn 0.243649 -0.701791 -0.669421
vn 0.123704 -0.701792 -0.701560
vn 0.136422 -0.618706 -0.773687
vn 0.136422 -0.618706 -0.773687
vn 0.268699 -0.618704 -0.738245
vn 0.243649 -0.701791 -0.669421
vn 0.341681 0.044542 -0.938760
vn 0.173476 0.044544 -0.983830
vn 0.173476 0.044544 -0.983830
vn 0.173476 0.044544 -0.983830
vn 0.341680 0.044542 -0.938760
vn 0.341681 0.044542 -0.938760
vn 0.269889 0.614260 -0.741515
vn 0.137026 0.614261 -0.777115
vn 0.121067 0.716880 -0.686604
vn 0.121067 0.716880 -0.686604
vn 0.238455 0.716880 -0.655150
vn 0.269889 0.614260 -0.741515
vn 0.238455 0.716880 -0.655150
vn 0.121067 0.716880 -0.686604
vn 0.092145 0.847595 -0.522582
vn 0.092145 0.847595 -0.522582
vn 0.181491 0.847595 -0.498642
vn 0.238455 0.716880 -0.655150
vn 0.181491 0.847595 -0.498642
vn 0.092145 0.847595 -0.522582
vn 0.077067 0.896119 -0.437071
vn 0.077067 0.896119 -0.437071
vn 0.151793 0.896119 -0.417049
vn 0.181491 0.847595 -0.498642
vn 0.151793 0.896119 -0.417049
vn 0.077067 0.896119 -0.437071
vn 0.069775 0.915718 -0.395717
vn 0.069775 0.915718 -0.395717
vn 0.137431 0.915718 -0.377588
vn 0.151793 0.896119 -0.417049
vn 0.137431 0.915718 -0.377588
vn 0.069775 0.915718 -0.395717
vn 0.067524 0.921297 -0.382951
vn 0.067524 0.921297 -0.382951
vn 0.132997 0.921298 -0.365407
vn 0.137431 0.915718 -0.377588
vn 0.340501 0.094139 -0.935520
vn 0.172877 0.094139 -0.980434
vn 0.172572 0.111184 -0.978702
vn 0.172572 0.111184 -0.978702
vn 0.339900 0.111184 -0.933866
vn 0.340501 0.094139 -0.935520
vn 0.339900 0.111184 -0.933866
vn 0.172572 0.111184 -0.978702
vn 0.172211 0.128408 -0.976655
vn 0.172211 0.128408 -0.976655
vn 0.339189 0.128408 -0.931913
vn 0.339900 0.111184 -0.933866
vn 0.001588 -0.999989 -0.004362
vn 0.000806 -0.999989 -0.004571
vn 0.000806 -0.999989 -0.004571
vn 0.000806 -0.999989 -0.004571
vn 0.001588 -0.999989 -0.004362
vn 0.001588 -0.999989 -0.004362
vn 0.342020 0.000296 -0.939693
vn 0.173649 0.000296 -0.984808
vn 0.173649 0.000296 -0.984808
vn 0.173649 0.000296 -0.984808
vn 0.342020 0.000296 -0.939693
vn 0.342020 0.000296 -0.939693
vn -0.000281 -1.000000 0.000771
vn -0.000142 -1.000000 0.000808
vn -0.000142 -1.000000 0.000808
vn -0.000142 -1.000000 0.000808
vn -0.000281 -1.000000 0.000771
vn -0.000281 -1.000000 0.000771
vn 0.342020 -0.000076 -0.939693
vn 0.173649 -0.000076 -0.984808
vn 0.173649 -0.000076 -0.984808
vn 0.173649 -0.000076 -0.984808
vn 0.342021 -0.000076 -0.939692
vn 0.342020 -0.000076 -0.939693
vn -0.000111 -1.000000 0.000309
vn -0.000057 -1.000000 0.000323
vn -0.000057 -1.000000 0.000323
vn -0.000057 -1.000000 0.000323
vn -0.000111 -1.000000 0.000309
vn -0.000111 -1.000000 0.000309
vn 0.342020 0.000000 -0.939693
vn 0.173649 0.000000 -0.984808
vn 0.173649 0.000000 -0.984808
vn 0.173649 0.000000 -0.984808
vn 0.342021 0.000000 -0.939692
vn 0.342020 0.000000 -0.939693
vn -0.000144 -1.000000 0.000398
vn -0.000074 -1.000000 0.000417
vn -0.000074 -1.000000 0.000417
vn -0.000074 -1.000000 0.000417
vn -0.000144 -1.000000 0.000398
vn -0.000144 -1.000000 0.000398
vn 0.342020 0.000552 -0.939692
vn 0.173649 0.000552 -0.984807
vn 0.173649 -0.000492 -0.984807
vn 0.173649 -0.000492 -0.984807
vn 0.342027 -0.000480 -0.939690
vn 0.342020 0.000552 -0.939692
vn 0.000527 0.999999 -0.001451
vn 0.000268 0.999999 -0.001520
vn 0.000000 1.000000 0.000000
vn 0.000000 -1.000000 0.000000
vn 0.000000 -1.000000 0.000000
vn 0.000000 -1.000000 0.000000
vn 0.173648 0.000000 -0.984808
vn -0.000001 -0.000001 -1.000000
vn -0.000001 -0.000001 -1.000000
vn -0.000001 -0.000001 -1.000000
vn 0.173648 0.000000 -0.984808
vn 0.173648 0.000000 -0.984808
vn 0.071847 -0.910390 -0.407465
vn 0.000000 -0.910390 -0.413750
vn 0.000000 -0.906313 -0.422607
vn 0.000000 -0.906313 -0.422607
vn 0.073385 -0.906313 -0.416186
vn 0.071847 -0.910390 -0.407465
vn 0.073385 -0.906313 -0.416186
vn 0.000000 -0.906313 -0.422607
vn 0.000000 -0.893128 -0.449803
vn 0.000000 -0.893128 -0.449803
vn 0.078107 -0.893128 -0.442970
vn 0.073385 -0.906313 -0.416186
vn 0.078107 -0.893128 -0.442970
vn 0.000000 -0.893128 -0.449803
vn 0.000000 -0.865974 -0.500090
vn 0.000000 -0.865974 -0.500090
vn 0.086840 -0.865974 -0.492492
vn 0.078107 -0.893128 -0.442970
vn 0.086840 -0.865974 -0.492492
vn 0.000000 -0.865974 -0.500090
vn 0.000000 -0.812826 -0.582507
vn 0.000000 -0.812826 -0.582507
vn 0.101151 -0.812826 -0.573657
vn 0.086840 -0.865974 -0.492492
vn 0.101151 -0.812826 -0.573657
vn 0.000000 -0.812826 -0.582507
vn 0.000000 -0.704856 -0.709350
vn 0.000000 -0.704856 -0.709350
vn 0.123177 -0.704858 -0.698572
vn 0.101151 -0.812826 -0.573657
vn 0.123177 -0.704858 -0.698572
vn 0.000000 -0.704856 -0.709350
vn 0.000000 -0.481479 -0.876458
vn 0.000000 -0.481479 -0.876458
vn 0.152195 -0.481478 -0.863143
vn 0.123177 -0.704858 -0.698572
vn 0.152195 -0.481478 -0.863143
vn 0.000000 -0.481479 -0.876458
vn -0.000001 -0.073694 -0.997281
vn -0.000001 -0.073694 -0.997281
vn 0.173176 -0.073693 -0.982130
vn 0.152195 -0.481478 -0.863143
vn 0.173176 -0.073693 -0.982130
vn -0.000001 -0.073694 -0.997281
vn -0.000000 0.387038 -0.922064
vn -0.000000 0.387038 -0.922064
vn 0.160114 0.387038 -0.908056
vn 0.173176 -0.073693 -0.982130
vn 0.160114 0.387038 -0.908056
vn -0.000000 0.387038 -0.922064
vn -0.000000 0.673487 -0.739199
vn -0.000000 0.673487 -0.739199
vn 0.128360 0.673488 -0.727968
vn 0.160114 0.387038 -0.908056
vn 0.128360 0.673488 -0.727968
vn -0.000000 0.673487 -0.739199
vn -0.000000 0.800730 -0.599026
vn -0.000000 0.800730 -0.599026
vn 0.104020 0.800729 -0.589926
vn 0.128360 0.673488 -0.727968
vn 0.104020 0.800729 -0.589926
vn -0.000000 0.800730 -0.599026
vn -0.000000 0.858953 -0.512054
vn -0.000000 0.858953 -0.512054
vn 0.088917 0.858953 -0.504275
vn 0.104020 0.800729 -0.589926
vn 0.088917 0.858953 -0.504275
vn -0.000000 0.858953 -0.512054
vn -0.000000 0.887479 -0.460848
vn -0.000000 0.887479 -0.460848
vn 0.080025 0.887479 -0.453846
vn 0.088917 0.858953 -0.504275
vn 0.080025 0.887479 -0.453846
vn -0.000000 0.887479 -0.460848
vn -0.000000 0.901038 -0.433741
vn -0.000000 0.901038 -0.433741
vn 0.075318 0.901038 -0.427151
vn 0.080025 0.887479 -0.453846
vn 0.075318 0.901038 -0.427151
vn -0.000000 0.901038 -0.433741
vn -0.000000 0.905191 -0.425005
vn -0.000000 0.905191 -0.425005
vn 0.073801 0.905191 -0.418548
vn 0.075318 0.901038 -0.427151
vn 0.173648 0.000000 -0.984808
vn -0.000000 0.000000 -1.000000
vn -0.000000 0.000000 -1.000000
vn -0.000000 0.000000 -1.000000
vn 0.173648 0.000000 -0.984808
vn 0.173648 0.000000 -0.984808
vn 0.046897 -0.962842 -0.265964
vn 0.000000 -0.962841 -0.270068
vn 0.000000 -0.945536 -0.325516
vn 0.000000 -0.945536 -0.325516
vn 0.056525 -0.945536 -0.320571
vn 0.046897 -0.962842 -0.265964
vn 0.056525 -0.945536 -0.320571
vn 0.000000 -0.945536 -0.325516
vn 0.000000 -0.906280 -0.422678
vn 0.000000 -0.906280 -0.422678
vn 0.073397 -0.906280 -0.416257
vn 0.056525 -0.945536 -0.320571
vn 0.073397 -0.906280 -0.416257
vn 0.000000 -0.906280 -0.422678
vn 0.000000 -0.859914 -0.510438
vn 0.000000 -0.859914 -0.510438
vn 0.088637 -0.859914 -0.502684
vn 0.073397 -0.906280 -0.416257
vn 0.088637 -0.859914 -0.502684
vn 0.000000 -0.859914 -0.510438
vn 0.000000 -0.801703 -0.597723
vn 0.000000 -0.801703 -0.597723
vn 0.103793 -0.801703 -0.588642
vn 0.088637 -0.859914 -0.502684
vn 0.103793 -0.801703 -0.588642
vn 0.000000 -0.801703 -0.597723
vn 0.000000 -0.717174 -0.696895
vn 0.000000 -0.717174 -0.696895
vn 0.121015 -0.717172 -0.686309
vn 0.103793 -0.801703 -0.588642
vn 0.121015 -0.717172 -0.686309
vn 0.000000 -0.717174 -0.696895
vn 0.000000 -0.560837 -0.827926
vn 0.000000 -0.560837 -0.827926
vn 0.143768 -0.560837 -0.815348
vn 0.121015 -0.717172 -0.686309
vn 0.143768 -0.560837 -0.815348
vn 0.000000 -0.560837 -0.827926
vn 0.000000 -0.453377 -0.891319
vn 0.000000 -0.453377 -0.891319
vn 0.154775 -0.453382 -0.877775
vn 0.143768 -0.560837 -0.815348
vn 0.173019 0.084986 -0.981245
vn -0.000000 0.084987 -0.996382
vn -0.000000 0.238022 -0.971260
vn -0.000000 0.238022 -0.971260
vn 0.168657 0.238022 -0.956504
vn 0.173019 0.084986 -0.981245
vn 0.168657 0.238022 -0.956504
vn -0.000000 0.238022 -0.971260
vn -0.000001 0.454146 -0.890927
vn -0.000001 0.454146 -0.890927
vn 0.154708 0.454146 -0.877392
vn 0.168657 0.238022 -0.956504
vn 0.154708 0.454146 -0.877392
vn -0.000001 0.454146 -0.890927
vn -0.000000 0.557729 -0.830023
vn -0.000000 0.557729 -0.830023
vn 0.144132 0.557730 -0.817413
vn 0.154708 0.454146 -0.877392
vn 0.144132 0.557730 -0.817413
vn -0.000000 0.557729 -0.830023
vn -0.000000 0.623596 -0.781747
vn -0.000000 0.623596 -0.781747
vn 0.135749 0.623595 -0.769871
vn 0.144132 0.557730 -0.817413
vn 0.135749 0.623595 -0.769871
vn -0.000000 0.623596 -0.781747
vn -0.000000 0.673672 -0.739031
vn -0.000000 0.673672 -0.739031
vn 0.128331 0.673672 -0.727803
vn 0.135749 0.623595 -0.769871
vn 0.128331 0.673672 -0.727803
vn -0.000000 0.673672 -0.739031
vn -0.000000 0.716335 -0.697756
vn -0.000000 0.716335 -0.697756
vn 0.121164 0.716335 -0.687156
vn 0.128331 0.673672 -0.727803
vn 0.121164 0.716335 -0.687156
vn -0.000000 0.716335 -0.697756
vn -0.000000 0.736944 -0.675954
vn -0.000000 0.736944 -0.675954
vn 0.117378 0.736944 -0.665684
vn 0.121164 0.716335 -0.687156
vn 0.173627 0.015597 -0.984688
vn -0.000000 0.015597 -0.999878
vn -0.000001 0.015597 -0.999878
vn -0.000001 0.015597 -0.999878
vn 0.173627 0.015597 -0.984688
vn 0.173627 0.015597 -0.984688
vn 0.052249 0.953659 -0.296319
vn -0.000000 0.953659 -0.300890
vn -0.000000 0.953659 -0.300890
vn -0.000000 0.953659 -0.300890
vn 0.052249 0.953659 -0.296319
vn 0.052249 0.953659 -0.296319
vn 0.173648 0.000000 -0.984808
vn 0.000000 0.000000 -1.000000
vn -0.000000 0.000000 -1.000000
vn -0.000000 0.000000 -1.000000
vn 0.173648 0.000000 -0.984808
vn 0.173648 0.000000 -0.984808
vn 0.090525 -0.853364 -0.513396
vn 0.000000 -0.853363 -0.521317
vn 0.000000 -0.850502 -0.525972
vn 0.000000 -0.850502 -0.525972
vn 0.091334 -0.850502 -0.517981
vn 0.090525 -0.853364 -0.513396
vn 0.091334 -0.850502 -0.517981
vn 0.000000 -0.850502 -0.525972
vn 0.000000 -0.842651 -0.538460
vn 0.000000 -0.842651 -0.538460
vn 0.093502 -0.842651 -0.530280
vn 0.091334 -0.850502 -0.517981
vn 0.093502 -0.842651 -0.530280
vn 0.000000 -0.842651 -0.538460
vn 0.000000 -0.831027 -0.556232
vn 0.000000 -0.831027 -0.556232
vn 0.096589 -0.831026 -0.547783
vn 0.093502 -0.842651 -0.530280
vn 0.096589 -0.831026 -0.547783
vn 0.000000 -0.831027 -0.556232
vn 0.000000 -0.817193 -0.576365
vn 0.000000 -0.817193 -0.576365
vn 0.100085 -0.817192 -0.567609
vn 0.096589 -0.831026 -0.547783
vn 0.100085 -0.817192 -0.567609
vn 0.000000 -0.817193 -0.576365
vn 0.000000 -0.802639 -0.596465
vn 0.000000 -0.802639 -0.596465
vn 0.103575 -0.802639 -0.587403
vn 0.100085 -0.817192 -0.567609
vn 0.103575 -0.802639 -0.587403
vn 0.000000 -0.802639 -0.596465
vn 0.000000 -0.788494 -0.615043
vn 0.000000 -0.788494 -0.615043
vn 0.106801 -0.788493 -0.605699
vn 0.103575 -0.802639 -0.587403
vn 0.106801 -0.788493 -0.605699
vn 0.000000 -0.788494 -0.615043
vn 0.000000 -0.701791 -0.712383
vn 0.000000 -0.701791 -0.712383
vn 0.123704 -0.701792 -0.701560
vn 0.106801 -0.788493 -0.605699
vn 0.123704 -0.701792 -0.701560
vn 0.000000 -0.701791 -0.712383
vn 0.000000 -0.618704 -0.785624
vn 0.000000 -0.618704 -0.785624
vn 0.136422 -0.618706 -0.773687
vn 0.123704 -0.701792 -0.701560
vn 0.173476 0.044544 -0.983830
vn -0.000000 0.044542 -0.999007
vn -0.000000 0.044542 -0.999007
vn -0.000000 0.044542 -0.999007
vn 0.173476 0.044544 -0.983830
vn 0.173476 0.044544 -0.983830
vn 0.137026 0.614261 -0.777115
vn -0.000000 0.614261 -0.789103
vn -0.000000 0.716881 -0.697196
vn -0.000000 0.716881 -0.697196
vn 0.121067 0.716880 -0.686604
vn 0.137026 0.614261 -0.777115
vn 0.121067 0.716880 -0.686604
vn -0.000000 0.716881 -0.697196
vn -0.000000 0.847595 -0.530644
vn -0.000000 0.847595 -0.530644
vn 0.092145 0.847595 -0.522582
vn 0.121067 0.716880 -0.686604
vn 0.092145 0.847595 -0.522582
vn -0.000000 0.847595 -0.530644
vn -0.000000 0.896119 -0.443814
vn -0.000000 0.896119 -0.443814
vn 0.077067 0.896119 -0.437071
vn 0.092145 0.847595 -0.522582
vn 0.077067 0.896119 -0.437071
vn -0.000000 0.896119 -0.443814
vn -0.000000 0.915718 -0.401821
vn -0.000000 0.915718 -0.401821
vn 0.069775 0.915718 -0.395717
vn 0.077067 0.896119 -0.437071
vn 0.069775 0.915718 -0.395717
vn -0.000000 0.915718 -0.401821
vn -0.000000 0.921297 -0.388859
vn -0.000000 0.921297 -0.388859
vn 0.067524 0.921297 -0.382951
vn 0.069775 0.915718 -0.395717
vn 0.172877 0.094139 -0.980434
vn -0.000000 0.094139 -0.995559
vn -0.000000 0.111184 -0.993800
vn -0.000000 0.111184 -0.993800
vn 0.172572 0.111184 -0.978702
vn 0.172877 0.094139 -0.980434
vn 0.172572 0.111184 -0.978702
vn -0.000000 0.111184 -0.993800
vn 0.000000 0.128408 -0.991721
vn 0.000000 0.128408 -0.991721
vn 0.172211 0.128408 -0.976655
vn 0.172572 0.111184 -0.978702
vn 0.000806 -0.999989 -0.004571
vn 0.000000 -0.999989 -0.004642
vn 0.000000 -0.999989 -0.004642
vn 0.000000 -0.999989 -0.004642
vn 0.000806 -0.999989 -0.004571
vn 0.000806 -0.999989 -0.004571
vn 0.173649 0.000296 -0.984808
vn 0.000001 0.000296 -1.000000
vn 0.000001 0.000296 -1.000000
vn 0.000001 0.000296 -1.000000
vn 0.173649 0.000296 -0.984808
vn 0.173649 0.000296 -0.984808
vn -0.000142 -1.000000 0.000808
vn 0.000000 -1.000000 0.000820
vn 0.000000 -1.000000 0.000820
vn 0.000000 -1.000000 0.000820
vn -0.000142 -1.000000 0.000808
vn -0.000142 -1.000000 0.000808
vn 0.173649 -0.000076 -0.984808
vn 0.000000 -0.000076 -1.000000
vn 0.000000 -0.000076 -1.000000
vn 0.000000 -0.000076 -1.000000
vn 0.173649 -0.000076 -0.984808
vn 0.173649 -0.000076 -0.984808
vn -0.000057 -1.000000 0.000323
vn 0.000000 -1.000000 0.000328
vn 0.000000 -1.000000 0.000328
vn 0.000000 -1.000000 0.000328
vn -0.000057 -1.000000 0.000323
vn -0.000057 -1.000000 0.000323
vn 0.173649 0.000000 -0.984808
vn 0.000001 0.000000 -1.000000
vn 0.000000 0.000000 -1.000000
vn 0.000000 0.000000 -1.000000
vn 0.173649 0.000000 -0.984808
vn 0.173649 0.000000 -0.984808
vn -0.000074 -1.000000 0.000417
vn 0.000000 -1.000000 0.000423
vn 0.000000 -1.000000 0.000423
vn 0.000000 -1.000000 0.000423
vn -0.000074 -1.000000 0.000417
vn -0.000074 -1.000000 0.000417
vn 0.173649 0.000552 -0.984807
vn 0.000000 0.000552 -1.000000
vn -0.000007 -0.000480 -1.000000
vn -0.000007 -0.000480 -1.000000
vn 0.173649 -0.000492 -0.984807
vn 0.173649 0.000552 -0.984807
vn 0.000268 0.999999 -0.001520
vn 0.000000 0.999999 -0.001543
vn 0.000000 1.000000 0.000000
vn 0.000000 -1.000000 0.000000
vn 0.000000 -1.000000 0.000000
vn 0.000000 -1.000000 0.000000
vn -0.000001 -0.000001 -1.000000
vn -0.173648 0.000000 -0.984808
vn -0.173648 0.000000 -0.984808
vn -0.173648 0.000000 -0.984808
vn -0.000001 -0.000001 -1.000000
vn -0.000001 -0.000001 -1.000000
vn 0.000000 -0.910390 -0.413750
vn -0.071847 -0.910390 -0.407465
vn -0.073385 -0.906313 -0.416186
vn -0.073385 -0.906313 -0.416186
vn 0.000000 -0.906313 -0.422607
vn 0.000000 -0.910390 -0.413750
vn 0.000000 -0.906313 -0.422607
vn -0.073385 -0.906313 -0.416186
vn -0.078108 -0.893128 -0.442970
vn -0.078108 -0.893128 -0.442970
vn 0.000000 -0.893128 -0.449803
vn 0.000000 -0.906313 -0.422607
vn 0.000000 -0.893128 -0.449803
vn -0.078108 -0.893128 -0.442970
vn -0.086840 -0.865974 -0.492492
vn -0.086840 -0.865974 -0.492492
vn 0.000000 -0.865974 -0.500090
vn 0.000000 -0.893128 -0.449803
vn 0.000000 -0.865974 -0.500090
vn -0.086840 -0.865974 -0.492492
vn -0.101152 -0.812826 -0.573657
vn -0.101152 -0.812826 -0.573657
vn 0.000000 -0.812826 -0.582507
vn 0.000000 -0.865974 -0.500090
vn 0.000000 -0.812826 -0.582507
vn -0.101152 -0.812826 -0.573657
vn -0.123177 -0.704858 -0.698572
vn -0.123177 -0.704858 -0.698572
vn 0.000000 -0.704856 -0.709350
vn 0.000000 -0.812826 -0.582507
vn 0.000000 -0.704856 -0.709350
vn -0.123177 -0.704858 -0.698572
vn -0.152196 -0.481478 -0.863143
vn -0.152196 -0.481478 -0.863143
vn 0.000000 -0.481479 -0.876458
vn 0.000000 -0.704856 -0.709350
vn 0.000000 -0.481479 -0.876458
vn -0.152196 -0.481478 -0.863143
vn -0.173176 -0.073693 -0.982130
vn -0.173176 -0.073693 -0.982130
vn -0.000001 -0.073694 -0.997281
vn 0.000000 -0.481479 -0.876458
vn -0.000001 -0.073694 -0.997281
vn -0.173176 -0.073693 -0.982130
vn -0.160115 0.387037 -0.908056
vn -0.160115 0.387037 -0.908056
vn -0.000000 0.387038 -0.922064
vn -0.000001 -0.073694 -0.997281
vn -0.000000 0.387038 -0.922064
vn -0.160115 0.387037 -0.908056
vn -0.128361 0.673487 -0.727969
vn -0.128361 0.673487 -0.727969
vn -0.000000 0.673487 -0.739199
vn -0.000000 0.387038 -0.922064
vn -0.000000 0.673487 -0.739199
vn -0.128361 0.673487 -0.727969
vn -0.104020 0.800729 -0.589926
vn -0.104020 0.800729 -0.589926
vn -0.000000 0.800730 -0.599026
vn -0.000000 0.673487 -0.739199
vn -0.000000 0.800730 -0.599026
vn -0.104020 0.800729 -0.589926
vn -0.088917 0.858953 -0.504275
vn -0.088917 0.858953 -0.504275
vn -0.000000 0.858953 -0.512054
vn -0.000000 0.800730 -0.599026
vn -0.000000 0.858953 -0.512054
vn -0.088917 0.858953 -0.504275
vn -0.080026 0.887479 -0.453846
vn -0.080026 0.887479 -0.453846
vn -0.000000 0.887479 -0.460848
vn -0.000000 0.858953 -0.512054
vn -0.000000 0.887479 -0.460848
vn -0.080026 0.887479 -0.453846
vn -0.075318 0.901038 -0.427151
vn -0.075318 0.901038 -0.427151
vn -0.000000 0.901038 -0.433741
vn -0.000000 0.887479 -0.460848
vn -0.000000 0.901038 -0.433741
vn -0.075318 0.901038 -0.427151
vn -0.073802 0.905191 -0.418549
vn -0.073802 0.905191 -0.418549
vn -0.000000 0.905191 -0.425005
vn -0.000000 0.901038 -0.433741
vn -0.000000 0.000000 -1.000000
vn -0.173648 0.000000 -0.984808
vn -0.173648 0.000000 -0.984808
vn -0.173648 0.000000 -0.984808
vn -0.000000 0.000000 -1.000000
vn -0.000000 0.000000 -1.000000
vn 0.000000 -0.962841 -0.270068
vn -0.046897 -0.962841 -0.265965
vn -0.056525 -0.945536 -0.320571
vn -0.056525 -0.945536 -0.320571
vn 0.000000 -0.945536 -0.325516
vn 0.000000 -0.962841 -0.270068
vn 0.000000 -0.945536 -0.325516
vn -0.056525 -0.945536 -0.320571
vn -0.073397 -0.906280 -0.416257
vn -0.073397 -0.906280 -0.416257
vn 0.000000 -0.906280 -0.422678
vn 0.000000 -0.945536 -0.325516
vn 0.000000 -0.906280 -0.422678
vn -0.073397 -0.906280 -0.416257
vn -0.088637 -0.859914 -0.502684
vn -0.088637 -0.859914 -0.502684
vn 0.000000 -0.859914 -0.510438
vn 0.000000 -0.906280 -0.422678
vn 0.000000 -0.859914 -0.510438
vn -0.088637 -0.859914 -0.502684
vn -0.103794 -0.801703 -0.588642
vn -0.103794 -0.801703 -0.588642
vn 0.000000 -0.801703 -0.597723
vn 0.000000 -0.859914 -0.510438
vn 0.000000 -0.801703 -0.597723
vn -0.103794 -0.801703 -0.588642
vn -0.121015 -0.717173 -0.686308
vn -0.121015 -0.717173 -0.686308
vn 0.000000 -0.717174 -0.696895
vn 0.000000 -0.801703 -0.597723
vn 0.000000 -0.717174 -0.696895
vn -0.121015 -0.717173 -0.686308
vn -0.143768 -0.560836 -0.815349
vn -0.143768 -0.560836 -0.815349
vn 0.000000 -0.560837 -0.827926
vn 0.000000 -0.717174 -0.696895
vn 0.000000 -0.560837 -0.827926
vn -0.143768 -0.560836 -0.815349
vn -0.154776 -0.453378 -0.877777
vn -0.154776 -0.453378 -0.877777
vn 0.000000 -0.453377 -0.891319
vn 0.000000 -0.560837 -0.827926
vn -0.000000 0.084987 -0.996382
vn -0.173021 0.084986 -0.981245
vn -0.168658 0.238022 -0.956504
vn -0.168658 0.238022 -0.956504
vn -0.000000 0.238022 -0.971260
vn -0.000000 0.084987 -0.996382
vn -0.000000 0.238022 -0.971260
vn -0.168658 0.238022 -0.956504
vn -0.154708 0.454146 -0.877392
vn -0.154708 0.454146 -0.877392
vn -0.000001 0.454146 -0.890927
vn -0.000000 0.238022 -0.971260
vn -0.000001 0.454146 -0.890927
vn -0.154708 0.454146 -0.877392
vn -0.144132 0.557730 -0.817413
vn -0.144132 0.557730 -0.817413
vn -0.000000 0.557729 -0.830023
vn -0.000001 0.454146 -0.890927
vn -0.000000 0.557729 -0.830023
vn -0.144132 0.557730 -0.817413
vn -0.135749 0.623595 -0.769871
vn -0.135749 0.623595 -0.769871
vn -0.000000 0.623596 -0.781747
vn -0.000000 0.557729 -0.830023
vn -0.000000 0.623596 -0.781747
vn -0.135749 0.623595 -0.769871
vn -0.128332 0.673672 -0.727803
vn -0.128332 0.673672 -0.727803
vn -0.000000 0.673672 -0.739031
vn -0.000000 0.623596 -0.781747
vn -0.000000 0.673672 -0.739031
vn -0.128332 0.673672 -0.727803
vn -0.121164 0.716335 -0.687156
vn -0.121164 0.716335 -0.687156
vn -0.000000 0.716335 -0.697756
vn -0.000000 0.673672 -0.739031
vn -0.000000 0.716335 -0.697756
vn -0.121164 0.716335 -0.687156
vn -0.117378 0.736944 -0.665685
vn -0.117378 0.736944 -0.665685
vn -0.000000 0.736944 -0.675954
vn -0.000000 0.716335 -0.697756
vn -0.000000 0.015597 -0.999878
vn -0.173627 0.015597 -0.984688
vn -0.173627 0.015597 -0.984688
vn -0.173627 0.015597 -0.984688
vn -0.000001 0.015597 -0.999878
vn -0.000000 0.015597 -0.999878
vn -0.000000 0.953659 -0.300890
vn -0.052249 0.953659 -0.296319
vn -0.052249 0.953659 -0.296319
vn -0.052249 0.953659 -0.296319
vn -0.000000 0.953659 -0.300890
vn -0.000000 0.953659 -0.300890
vn 0.000000 0.000000 -1.000000
vn -0.173649 -0.000001 -0.984808
vn -0.173649 -0.000001 -0.984808
vn -0.173649 -0.000001 -0.984808
vn -0.000000 0.000000 -1.000000
vn 0.000000 0.000000 -1.000000
vn 0.000000 -0.853363 -0.521317
vn -0.090526 -0.853363 -0.513398
vn -0.091334 -0.850502 -0.517982
vn -0.091334 -0.850502 -0.517982
vn 0.000000 -0.850502 -0.525972
vn 0.000000 -0.853363 -0.521317
vn 0.000000 -0.850502 -0.525972
vn -0.091334 -0.850502 -0.517982
vn -0.093503 -0.842651 -0.530280
vn -0.093503 -0.842651 -0.530280
vn 0.000000 -0.842651 -0.538460
vn 0.000000 -0.850502 -0.525972
vn 0.000000 -0.842651 -0.538460
vn -0.093503 -0.842651 -0.530280
vn -0.096589 -0.831026 -0.547783
vn -0.096589 -0.831026 -0.547783
vn 0.000000 -0.831027 -0.556232
vn 0.000000 -0.842651 -0.538460
vn 0.000000 -0.831027 -0.556232
vn -0.096589 -0.831026 -0.547783
vn -0.100085 -0.817193 -0.567608
vn -0.100085 -0.817193 -0.567608
vn 0.000000 -0.817193 -0.576365
vn 0.000000 -0.831027 -0.556232
vn 0.000000 -0.817193 -0.576365
vn -0.100085 -0.817193 -0.567608
vn -0.103575 -0.802639 -0.587403
vn -0.103575 -0.802639 -0.587403
vn 0.000000 -0.802639 -0.596465
vn 0.000000 -0.817193 -0.576365
vn 0.000000 -0.802639 -0.596465
vn -0.103575 -0.802639 -0.587403
vn -0.106801 -0.788494 -0.605699
vn -0.106801 -0.788494 -0.605699
vn 0.000000 -0.788494 -0.615043
vn 0.000000 -0.802639 -0.596465
vn 0.000000 -0.788494 -0.615043
vn -0.106801 -0.788494 -0.605699
vn -0.123704 -0.701792 -0.701560
vn -0.123704 -0.701792 -0.701560
vn 0.000000 -0.701791 -0.712383
vn 0.000000 -0.788494 -0.615043
vn 0.000000 -0.701791 -0.712383
vn -0.123704 -0.701792 -0.701560
vn -0.136422 -0.618704 -0.773689
vn -0.136422 -0.618704 -0.773689
vn 0.000000 -0.618704 -0.785624
vn 0.000000 -0.701791 -0.712383
vn -0.000000 0.044542 -0.999007
vn -0.173476 0.044544 -0.983830
vn -0.173476 0.044544 -0.983830
vn -0.173476 0.044544 -0.983830
vn -0.000000 0.044542 -0.999007
vn -0.000000 0.044542 -0.999007
vn -0.000000 0.614261 -0.789103
vn -0.137027 0.614259 -0.777116
vn -0.121067 0.716880 -0.686604
vn -0.121067 0.716880 -0.686604
vn -0.000000 0.716881 -0.697196
vn -0.000000 0.614261 -0.789103
vn -0.000000 0.716881 -0.697196
vn -0.121067 0.716880 -0.686604
vn -0.092145 0.847596 -0.522581
vn -0.092145 0.847596 -0.522581
vn -0.000000 0.847595 -0.530644
vn -0.000000 0.716881 -0.697196
vn -0.000000 0.847595 -0.530644
vn -0.092145 0.847596 -0.522581
vn -0.077068 0.896119 -0.437071
vn -0.077068 0.896119 -0.437071
vn -0.000000 0.896119 -0.443814
vn -0.000000 0.847595 -0.530644
vn -0.000000 0.896119 -0.443814
vn -0.077068 0.896119 -0.437071
vn -0.069776 0.915718 -0.395717
vn -0.069776 0.915718 -0.395717
vn -0.000000 0.915718 -0.401821
vn -0.000000 0.896119 -0.443814
vn -0.000000 0.915718 -0.401821
vn -0.069776 0.915718 -0.395717
vn -0.067525 0.921297 -0.382951
vn -0.067525 0.921297 -0.382951
vn -0.000000 0.921297 -0.388859
vn -0.000000 0.915718 -0.401821
vn -0.000000 0.094139 -0.995559
vn -0.172877 0.094139 -0.980434
vn -0.172571 0.111184 -0.978702
vn -0.172571 0.111184 -0.978702
vn -0.000000 0.111184 -0.993800
vn -0.000000 0.094139 -0.995559
vn -0.000000 0.111184 -0.993800
vn -0.172571 0.111184 -0.978702
vn -0.172210 0.128408 -0.976655
vn -0.172210 0.128408 -0.976655
vn 0.000000 0.128408 -0.991721
vn -0.000000 0.111184 -0.993800
vn 0.000000 -0.999989 -0.004642
vn -0.000806 -0.999989 -0.004571
vn -0.000806 -0.999989 -0.004571
vn -0.000806 -0.999989 -0.004571
vn 0.000000 -0.999989 -0.004642
vn 0.000000 -0.999989 -0.004642
vn 0.000001 0.000296 -1.000000
vn -0.173648 0.000296 -0.984808
vn -0.173648 0.000296 -0.984808
vn -0.173648 0.000296 -0.984808
vn 0.000001 0.000296 -1.000000
vn 0.000001 0.000296 -1.000000
vn 0.000000 -1.000000 0.000820
vn 0.000142 -1.000000 0.000808
vn 0.000142 -1.000000 0.000808
vn 0.000142 -1.000000 0.000808
vn 0.000000 -1.000000 0.000820
vn 0.000000 -1.000000 0.000820
vn 0.000000 -0.000076 -1.000000
vn -0.173648 -0.000076 -0.984808
vn -0.173648 -0.000076 -0.984808
vn -0.173648 -0.000076 -0.984808
vn 0.000000 -0.000076 -1.000000
vn 0.000000 -0.000076 -1.000000
vn 0.000000 -1.000000 0.000328
vn 0.000057 -1.000000 0.000323
vn 0.000057 -1.000000 0.000323
vn 0.000057 -1.000000 0.000323
vn 0.000000 -1.000000 0.000328
vn 0.000000 -1.000000 0.000328
vn 0.000001 0.000000 -1.000000
vn -0.173648 0.000000 -0.984808
vn -0.173648 0.000000 -0.984808
vn -0.173648 0.000000 -0.984808
vn 0.000000 0.000000 -1.000000
vn 0.000001 0.000000 -1.000000
vn 0.000000 -1.000000 0.000423
vn 0.000074 -1.000000 0.000417
vn 0.000074 -1.000000 0.000417
vn 0.000074 -1.000000 0.000417
vn 0.000000 -1.000000 0.000423
vn 0.000000 -1.000000 0.000423
vn 0.000000 0.000552 -1.000000
vn -0.173648 0.000552 -0.984808
vn -0.144872 -0.000128 -0.989450
vn -0.144872 -0.000128 -0.989450
vn -0.000007 -0.000480 -1.000000
vn 0.000000 0.000552 -1.000000
vn 0.000000 0.999999 -0.001543
vn -0.000317 0.999999 -0.001517
vn 0.000000 1.000000 0.000000
vn 0.000000 -1.000000 0.000000
vn 0.000000 -1.000000 0.000000
vn 0.000000 -1.000000 0.000000
vn -0.173648 0.000000 -0.984808
vn -0.342020 0.000000 -0.939693
vn -0.342020 0.000000 -0.939693
vn -0.342020 0.000000 -0.939693
vn -0.173648 0.000000 -0.984808
vn -0.173648 0.000000 -0.984808
vn -0.071847 -0.910390 -0.407465
vn -0.141512 -0.910390 -0.388799
vn -0.144541 -0.906313 -0.397120
vn -0.144541 -0.906313 -0.397120
vn -0.073385 -0.906313 -0.416186
vn -0.071847 -0.910390 -0.407465
vn -0.073385 -0.906313 -0.416186
vn -0.144541 -0.906313 -0.397120
vn -0.153842 -0.893128 -0.422676
vn -0.153842 -0.893128 -0.422676
vn -0.078108 -0.893128 -0.442970
vn -0.073385 -0.906313 -0.416186
vn -0.078108 -0.893128 -0.442970
vn -0.153842 -0.893128 -0.422676
vn -0.171041 -0.865974 -0.469930
vn -0.171041 -0.865974 -0.469930
vn -0.086840 -0.865974 -0.492492
vn -0.078108 -0.893128 -0.442970
vn -0.086840 -0.865974 -0.492492
vn -0.171041 -0.865974 -0.469930
vn -0.199230 -0.812825 -0.547378
vn -0.199230 -0.812825 -0.547378
vn -0.101152 -0.812826 -0.573657
vn -0.086840 -0.865974 -0.492492
vn -0.101152 -0.812826 -0.573657
vn -0.199230 -0.812825 -0.547378
vn -0.242612 -0.704857 -0.666570
vn -0.242612 -0.704857 -0.666570
vn -0.123177 -0.704858 -0.698572
vn -0.101152 -0.812826 -0.573657
vn -0.123177 -0.704858 -0.698572
vn -0.242612 -0.704857 -0.666570
vn -0.299767 -0.481479 -0.823601
vn -0.299767 -0.481479 -0.823601
vn -0.152196 -0.481478 -0.863143
vn -0.123177 -0.704858 -0.698572
vn -0.152196 -0.481478 -0.863143
vn -0.299767 -0.481479 -0.823601
vn -0.341090 -0.073693 -0.937138
vn -0.341090 -0.073693 -0.937138
vn -0.173176 -0.073693 -0.982130
vn -0.152196 -0.481478 -0.863143
vn -0.173176 -0.073693 -0.982130
vn -0.341090 -0.073693 -0.937138
vn -0.315364 0.387038 -0.866457
vn -0.315364 0.387038 -0.866457
vn -0.160115 0.387037 -0.908056
vn -0.173176 -0.073693 -0.982130
vn -0.160115 0.387037 -0.908056
vn -0.315364 0.387038 -0.866457
vn -0.252821 0.673488 -0.694619
vn -0.252821 0.673488 -0.694619
vn -0.128361 0.673487 -0.727969
vn -0.160115 0.387037 -0.908056
vn -0.128361 0.673487 -0.727969
vn -0.252821 0.673488 -0.694619
vn -0.204879 0.800730 -0.562900
vn -0.204879 0.800730 -0.562900
vn -0.104020 0.800729 -0.589926
vn -0.128361 0.673487 -0.727969
vn -0.104020 0.800729 -0.589926
vn -0.204879 0.800730 -0.562900
vn -0.175133 0.858953 -0.481174
vn -0.175133 0.858953 -0.481174
vn -0.088917 0.858953 -0.504275
vn -0.104020 0.800729 -0.589926
vn -0.088917 0.858953 -0.504275
vn -0.175133 0.858953 -0.481174
vn -0.157619 0.887479 -0.433055
vn -0.157619 0.887479 -0.433055
vn -0.080026 0.887479 -0.453846
vn -0.088917 0.858953 -0.504275
vn -0.080026 0.887479 -0.453846
vn -0.157619 0.887479 -0.433055
vn -0.148348 0.901038 -0.407583
vn -0.148348 0.901038 -0.407583
vn -0.075318 0.901038 -0.427151
vn -0.080026 0.887479 -0.453846
vn -0.075318 0.901038 -0.427151
vn -0.148348 0.901038 -0.407583
vn -0.145360 0.905191 -0.399375
vn -0.145360 0.905191 -0.399375
vn -0.073802 0.905191 -0.418549
vn -0.075318 0.901038 -0.427151
vn -0.173648 0.000000 -0.984808
vn -0.342021 0.000000 -0.939692
vn -0.342021 0.000000 -0.939692
vn -0.342021 0.000000 -0.939692
vn -0.173648 0.000000 -0.984808
vn -0.173648 0.000000 -0.984808
vn -0.046897 -0.962841 -0.265965
vn -0.092369 -0.962841 -0.253781
vn -0.111333 -0.945536 -0.305885
vn -0.111333 -0.945536 -0.305885
vn -0.056525 -0.945536 -0.320571
vn -0.046897 -0.962841 -0.265965
vn -0.056525 -0.945536 -0.320571
vn -0.111333 -0.945536 -0.305885
vn -0.144565 -0.906280 -0.397187
vn -0.144565 -0.906280 -0.397187
vn -0.073397 -0.906280 -0.416257
vn -0.056525 -0.945536 -0.320571
vn -0.073397 -0.906280 -0.416257
vn -0.144565 -0.906280 -0.397187
vn -0.174580 -0.859914 -0.479655
vn -0.174580 -0.859914 -0.479655
vn -0.088637 -0.859914 -0.502684
vn -0.073397 -0.906280 -0.416257
vn -0.088637 -0.859914 -0.502684
vn -0.174580 -0.859914 -0.479655
vn -0.204433 -0.801703 -0.561676
vn -0.204433 -0.801703 -0.561676
vn -0.103794 -0.801703 -0.588642
vn -0.088637 -0.859914 -0.502684
vn -0.103794 -0.801703 -0.588642
vn -0.204433 -0.801703 -0.561676
vn -0.238352 -0.717173 -0.654867
vn -0.238352 -0.717173 -0.654867
vn -0.121015 -0.717173 -0.686308
vn -0.103794 -0.801703 -0.588642
vn -0.121015 -0.717173 -0.686308
vn -0.238352 -0.717173 -0.654867
vn -0.283168 -0.560835 -0.777997
vn -0.283168 -0.560835 -0.777997
vn -0.143768 -0.560836 -0.815349
vn -0.121015 -0.717173 -0.686308
vn -0.143768 -0.560836 -0.815349
vn -0.283168 -0.560835 -0.777997
vn -0.304850 -0.453375 -0.837566
vn -0.304850 -0.453375 -0.837566
vn -0.154776 -0.453378 -0.877777
vn -0.143768 -0.560836 -0.815349
vn -0.173021 0.084986 -0.981245
vn -0.340783 0.084985 -0.936293
vn -0.332191 0.238021 -0.912686
vn -0.332191 0.238021 -0.912686
vn -0.168658 0.238022 -0.956504
vn -0.173021 0.084986 -0.981245
vn -0.168658 0.238022 -0.956504
vn -0.332191 0.238021 -0.912686
vn -0.304715 0.454146 -0.837198
vn -0.304715 0.454146 -0.837198
vn -0.154708 0.454146 -0.877392
vn -0.168658 0.238022 -0.956504
vn -0.154708 0.454146 -0.877392
vn -0.304715 0.454146 -0.837198
vn -0.283884 0.557730 -0.779966
vn -0.283884 0.557730 -0.779966
vn -0.144132 0.557730 -0.817413
vn -0.154708 0.454146 -0.877392
vn -0.144132 0.557730 -0.817413
vn -0.283884 0.557730 -0.779966
vn -0.267373 0.623595 -0.734602
vn -0.267373 0.623595 -0.734602
vn -0.135749 0.623595 -0.769871
vn -0.144132 0.557730 -0.817413
vn -0.135749 0.623595 -0.769871
vn -0.267373 0.623595 -0.734602
vn -0.252764 0.673671 -0.694462
vn -0.252764 0.673671 -0.694462
vn -0.128332 0.673672 -0.727803
vn -0.135749 0.623595 -0.769871
vn -0.128332 0.673672 -0.727803
vn -0.252764 0.673671 -0.694462
vn -0.238647 0.716335 -0.655676
vn -0.238647 0.716335 -0.655676
vn -0.121164 0.716335 -0.687156
vn -0.128332 0.673672 -0.727803
vn -0.121164 0.716335 -0.687156
vn -0.238647 0.716335 -0.655676
vn -0.231190 0.736944 -0.635189
vn -0.231190 0.736944 -0.635189
vn -0.117378 0.736944 -0.665685
vn -0.121164 0.716335 -0.687156
vn -0.173627 0.015597 -0.984688
vn -0.341979 0.015597 -0.939578
vn -0.341979 0.015597 -0.939578
vn -0.341979 0.015597 -0.939578
vn -0.173627 0.015597 -0.984688
vn -0.173627 0.015597 -0.984688
vn -0.052249 0.953659 -0.296319
vn -0.102910 0.953659 -0.282744
vn -0.102910 0.953659 -0.282744
vn -0.102910 0.953659 -0.282744
vn -0.052249 0.953659 -0.296319
vn -0.052249 0.953659 -0.296319
vn -0.173649 -0.000001 -0.984808
vn -0.342020 0.000000 -0.939693
vn -0.342020 0.000000 -0.939693
vn -0.342020 0.000000 -0.939693
vn -0.173649 -0.000001 -0.984808
vn -0.173649 -0.000001 -0.984808
vn -0.090526 -0.853363 -0.513398
vn -0.178301 -0.853363 -0.489877
vn -0.179893 -0.850502 -0.494252
vn -0.179893 -0.850502 -0.494252
vn -0.091334 -0.850502 -0.517982
vn -0.090526 -0.853363 -0.513398
vn -0.091334 -0.850502 -0.517982
vn -0.179893 -0.850502 -0.494252
vn -0.184164 -0.842652 -0.505986
vn -0.184164 -0.842652 -0.505986
vn -0.093503 -0.842651 -0.530280
vn -0.091334 -0.850502 -0.517982
vn -0.093503 -0.842651 -0.530280
vn -0.184164 -0.842652 -0.505986
vn -0.190243 -0.831027 -0.522687
vn -0.190243 -0.831027 -0.522687
vn -0.096589 -0.831026 -0.547783
vn -0.093503 -0.842651 -0.530280
vn -0.096589 -0.831026 -0.547783
vn -0.190243 -0.831027 -0.522687
vn -0.197128 -0.817193 -0.541605
vn -0.197128 -0.817193 -0.541605
vn -0.100085 -0.817193 -0.567608
vn -0.096589 -0.831026 -0.547783
vn -0.100085 -0.817193 -0.567608
vn -0.197128 -0.817193 -0.541605
vn -0.204003 -0.802639 -0.560493
vn -0.204003 -0.802639 -0.560493
vn -0.103575 -0.802639 -0.587403
vn -0.100085 -0.817193 -0.567608
vn -0.103575 -0.802639 -0.587403
vn -0.204003 -0.802639 -0.560493
vn -0.210357 -0.788493 -0.577952
vn -0.210357 -0.788493 -0.577952
vn -0.106801 -0.788494 -0.605699
vn -0.103575 -0.802639 -0.587403
vn -0.106801 -0.788494 -0.605699
vn -0.210357 -0.788493 -0.577952
vn -0.243649 -0.701791 -0.669421
vn -0.243649 -0.701791 -0.669421
vn -0.123704 -0.701792 -0.701560
vn -0.106801 -0.788494 -0.605699
vn -0.123704 -0.701792 -0.701560
vn -0.243649 -0.701791 -0.669421
vn -0.268699 -0.618705 -0.738245
vn -0.268699 -0.618705 -0.738245
vn -0.136422 -0.618704 -0.773689
vn -0.123704 -0.701792 -0.701560
vn -0.173476 0.044544 -0.983830
vn -0.341681 0.044543 -0.938760
vn -0.341681 0.044544 -0.938760
vn -0.341681 0.044544 -0.938760
vn -0.173476 0.044544 -0.983830
vn -0.173476 0.044544 -0.983830
vn -0.137027 0.614259 -0.777116
vn -0.269890 0.614259 -0.741515
vn -0.238456 0.716880 -0.655150
vn -0.238456 0.716880 -0.655150
vn -0.121067 0.716880 -0.686604
vn -0.137027 0.614259 -0.777116
vn -0.121067 0.716880 -0.686604
vn -0.238456 0.716880 -0.655150
vn -0.181491 0.847595 -0.498641
vn -0.181491 0.847595 -0.498641
vn -0.092145 0.847596 -0.522581
vn -0.121067 0.716880 -0.686604
vn -0.092145 0.847596 -0.522581
vn -0.181491 0.847595 -0.498641
vn -0.151793 0.896119 -0.417048
vn -0.151793 0.896119 -0.417048
vn -0.077068 0.896119 -0.437071
vn -0.092145 0.847596 -0.522581
vn -0.077068 0.896119 -0.437071
vn -0.151793 0.896119 -0.417048
vn -0.137431 0.915718 -0.377589
vn -0.137431 0.915718 -0.377589
vn -0.069776 0.915718 -0.395717
vn -0.077068 0.896119 -0.437071
vn -0.069776 0.915718 -0.395717
vn -0.137431 0.915718 -0.377589
vn -0.132997 0.921298 -0.365407
vn -0.132997 0.921298 -0.365407
vn -0.067525 0.921297 -0.382951
vn -0.069776 0.915718 -0.395717
vn -0.172877 0.094139 -0.980434
vn -0.340501 0.094139 -0.935520
vn -0.339899 0.111184 -0.933867
vn -0.339899 0.111184 -0.933867
vn -0.172571 0.111184 -0.978702
vn -0.172877 0.094139 -0.980434
vn -0.172571 0.111184 -0.978702
vn -0.339899 0.111184 -0.933867
vn -0.339188 0.128408 -0.931913
vn -0.339188 0.128408 -0.931913
vn -0.172210 0.128408 -0.976655
vn -0.172571 0.111184 -0.978702
vn -0.000806 -0.999989 -0.004571
vn -0.001588 -0.999989 -0.004362
vn -0.001588 -0.999989 -0.004362
vn -0.001588 -0.999989 -0.004362
vn -0.000806 -0.999989 -0.004571
vn -0.000806 -0.999989 -0.004571
vn -0.173648 0.000296 -0.984808
vn -0.342020 0.000296 -0.939693
vn -0.342020 0.000296 -0.939693
vn -0.342020 0.000296 -0.939693
vn -0.173648 0.000296 -0.984808
vn -0.173648 0.000296 -0.984808
vn 0.000142 -1.000000 0.000808
vn 0.000281 -1.000000 0.000771
vn 0.000281 -1.000000 0.000771
vn 0.000281 -1.000000 0.000771
vn 0.000142 -1.000000 0.000808
vn 0.000142 -1.000000 0.000808
vn -0.173648 -0.000076 -0.984808
vn -0.342020 -0.000076 -0.939693
vn -0.342020 -0.000076 -0.939693
vn -0.342020 -0.000076 -0.939693
vn -0.173648 -0.000076 -0.984808
vn -0.173648 -0.000076 -0.984808
vn 0.000057 -1.000000 0.000323
vn 0.000111 -1.000000 0.000309
vn 0.000111 -1.000000 0.000309
vn 0.000111 -1.000000 0.000309
vn 0.000057 -1.000000 0.000323
vn 0.000057 -1.000000 0.000323
vn -0.173648 0.000000 -0.984808
vn -0.342020 0.000000 -0.939693
vn -0.342020 0.000000 -0.939693
vn -0.342020 0.000000 -0.939693
vn -0.173648 0.000000 -0.984808
vn -0.173648 0.000000 -0.984808
vn 0.000074 -1.000000 0.000417
vn 0.000144 -1.000000 0.000398
vn 0.000144 -1.000000 0.000398
vn 0.000144 -1.000000 0.000398
vn 0.000074 -1.000000 0.000417
vn 0.000074 -1.000000 0.000417
vn -0.173648 0.000552 -0.984808
vn -0.342020 0.000552 -0.939693
vn -0.342020 0.000552 -0.939693
vn -0.342020 0.000552 -0.939693
vn -0.144872 -0.000128 -0.989450
vn -0.173648 0.000552 -0.984808
vn -0.000317 0.999999 -0.001517
vn -0.000530 0.999999 -0.001459
vn 0.000000 1.000000 0.000000
vn 0.000000 -1.000000 0.000000
vn -0.000001 -1.000000 0.000000
vn 0.000000 -1.000000 0.000000
vn -0.342020 0.000000 -0.939693
vn -0.500000 0.000000 -0.866025
vn -0.500000 0.000000 -0.866025
vn -0.500000 0.000000 -0.866025
vn -0.342020 0.000000 -0.939693
vn -0.342020 0.000000 -0.939693
vn -0.141512 -0.910390 -0.388799
vn -0.206876 -0.910390 -0.358318
vn -0.211304 -0.906313 -0.365988
vn -0.211304 -0.906313 -0.365988
vn -0.144541 -0.906313 -0.397120
vn -0.141512 -0.910390 -0.388799
vn -0.144541 -0.906313 -0.397120
vn -0.211304 -0.906313 -0.365988
vn -0.224902 -0.893128 -0.389541
vn -0.224902 -0.893128 -0.389541
vn -0.153842 -0.893128 -0.422676
vn -0.144541 -0.906313 -0.397120
vn -0.153842 -0.893128 -0.422676
vn -0.224902 -0.893128 -0.389541
vn -0.250045 -0.865974 -0.433090
vn -0.250045 -0.865974 -0.433090
vn -0.171041 -0.865974 -0.469930
vn -0.153842 -0.893128 -0.422676
vn -0.171041 -0.865974 -0.469930
vn -0.250045 -0.865974 -0.433090
vn -0.291254 -0.812825 -0.504466
vn -0.291254 -0.812825 -0.504466
vn -0.199230 -0.812825 -0.547378
vn -0.171041 -0.865974 -0.469930
vn -0.199230 -0.812825 -0.547378
vn -0.291254 -0.812825 -0.504466
vn -0.354675 -0.704857 -0.614314
vn -0.354675 -0.704857 -0.614314
vn -0.242612 -0.704857 -0.666570
vn -0.199230 -0.812825 -0.547378
vn -0.242612 -0.704857 -0.666570
vn -0.354675 -0.704857 -0.614314
vn -0.438229 -0.481479 -0.759034
vn -0.438229 -0.481479 -0.759034
vn -0.299767 -0.481479 -0.823601
vn -0.242612 -0.704857 -0.666570
vn -0.299767 -0.481479 -0.823601
vn -0.438229 -0.481479 -0.759034
vn -0.498641 -0.073692 -0.863671
vn -0.498641 -0.073692 -0.863671
vn -0.341090 -0.073693 -0.937138
vn -0.299767 -0.481479 -0.823601
vn -0.341090 -0.073693 -0.937138
vn -0.498641 -0.073692 -0.863671
vn -0.461032 0.387038 -0.798531
vn -0.461032 0.387038 -0.798531
vn -0.315364 0.387038 -0.866457
vn -0.341090 -0.073693 -0.937138
vn -0.315364 0.387038 -0.866457
vn -0.461032 0.387038 -0.798531
vn -0.369599 0.673487 -0.640165
vn -0.369599 0.673487 -0.640165
vn -0.252821 0.673488 -0.694619
vn -0.315364 0.387038 -0.866457
vn -0.252821 0.673488 -0.694619
vn -0.369599 0.673487 -0.640165
vn -0.299513 0.800729 -0.518772
vn -0.299513 0.800729 -0.518772
vn -0.204879 0.800730 -0.562900
vn -0.252821 0.673488 -0.694619
vn -0.204879 0.800730 -0.562900
vn -0.299513 0.800729 -0.518772
vn -0.256027 0.858953 -0.443452
vn -0.256027 0.858953 -0.443452
vn -0.175133 0.858953 -0.481174
vn -0.204879 0.800730 -0.562900
vn -0.175133 0.858953 -0.481174
vn -0.256027 0.858953 -0.443452
vn -0.230423 0.887480 -0.399105
vn -0.230423 0.887480 -0.399105
vn -0.157619 0.887479 -0.433055
vn -0.175133 0.858953 -0.481174
vn -0.157619 0.887479 -0.433055
vn -0.230423 0.887480 -0.399105
vn -0.216870 0.901038 -0.375631
vn -0.216870 0.901038 -0.375631
vn -0.148348 0.901038 -0.407583
vn -0.157619 0.887479 -0.433055
vn -0.148348 0.901038 -0.407583
vn -0.216870 0.901038 -0.375631
vn -0.212502 0.905191 -0.368066
vn -0.212502 0.905191 -0.368066
vn -0.145360 0.905191 -0.399375
vn -0.148348 0.901038 -0.407583
vn -0.342021 0.000000 -0.939692
vn -0.500000 0.000000 -0.866025
vn -0.500000 0.000000 -0.866025
vn -0.500000 0.000000 -0.866025
vn -0.342021 0.000000 -0.939692
vn -0.342021 0.000000 -0.939692
vn -0.092369 -0.962841 -0.253781
vn -0.135033 -0.962842 -0.233883
vn -0.162758 -0.945537 -0.281903
vn -0.162758 -0.945537 -0.281903
vn -0.111333 -0.945536 -0.305885
vn -0.092369 -0.962841 -0.253781
vn -0.111333 -0.945536 -0.305885
vn -0.162758 -0.945537 -0.281903
vn -0.211339 -0.906280 -0.366050
vn -0.211339 -0.906280 -0.366050
vn -0.144565 -0.906280 -0.397187
vn -0.111333 -0.945536 -0.305885
vn -0.144565 -0.906280 -0.397187
vn -0.211339 -0.906280 -0.366050
vn -0.255219 -0.859914 -0.442053
vn -0.255219 -0.859914 -0.442053
vn -0.174580 -0.859914 -0.479655
vn -0.144565 -0.906280 -0.397187
vn -0.174580 -0.859914 -0.479655
vn -0.255219 -0.859914 -0.442053
vn -0.298861 -0.801703 -0.517643
vn -0.298861 -0.801703 -0.517643
vn -0.204433 -0.801703 -0.561676
vn -0.174580 -0.859914 -0.479655
vn -0.204433 -0.801703 -0.561676
vn -0.298861 -0.801703 -0.517643
vn -0.348447 -0.717173 -0.603529
vn -0.348447 -0.717173 -0.603529
vn -0.238352 -0.717173 -0.654867
vn -0.204433 -0.801703 -0.561676
vn -0.238352 -0.717173 -0.654867
vn -0.348447 -0.717173 -0.603529
vn -0.413964 -0.560835 -0.717006
vn -0.413964 -0.560835 -0.717006
vn -0.283168 -0.560835 -0.777997
vn -0.238352 -0.717173 -0.654867
vn -0.283168 -0.560835 -0.777997
vn -0.413964 -0.560835 -0.717006
vn -0.445660 -0.453375 -0.771906
vn -0.445660 -0.453375 -0.771906
vn -0.304850 -0.453375 -0.837566
vn -0.283168 -0.560835 -0.777997
vn -0.340783 0.084985 -0.936293
vn -0.498191 0.084984 -0.862892
vn -0.485630 0.238021 -0.841136
vn -0.485630 0.238021 -0.841136
vn -0.332191 0.238021 -0.912686
vn -0.340783 0.084985 -0.936293
vn -0.332191 0.238021 -0.912686
vn -0.485630 0.238021 -0.841136
vn -0.445464 0.454146 -0.771565
vn -0.445464 0.454146 -0.771565
vn -0.304715 0.454146 -0.837198
vn -0.332191 0.238021 -0.912686
vn -0.304715 0.454146 -0.837198
vn -0.445464 0.454146 -0.771565
vn -0.415011 0.557730 -0.718821
vn -0.415011 0.557730 -0.718821
vn -0.283884 0.557730 -0.779966
vn -0.304715 0.454146 -0.837198
vn -0.283884 0.557730 -0.779966
vn -0.415011 0.557730 -0.718821
vn -0.390873 0.623595 -0.677013
vn -0.390873 0.623595 -0.677013
vn -0.267373 0.623595 -0.734602
vn -0.283884 0.557730 -0.779966
vn -0.267373 0.623595 -0.734602
vn -0.390873 0.623595 -0.677013
vn -0.369516 0.673671 -0.640019
vn -0.369516 0.673671 -0.640019
vn -0.252764 0.673671 -0.694462
vn -0.267373 0.623595 -0.734602
vn -0.252764 0.673671 -0.694462
vn -0.369516 0.673671 -0.640019
vn -0.348878 0.716335 -0.604275
vn -0.348878 0.716335 -0.604275
vn -0.238647 0.716335 -0.655676
vn -0.252764 0.673671 -0.694462
vn -0.238647 0.716335 -0.655676
vn -0.348878 0.716335 -0.604275
vn -0.337977 0.736944 -0.585393
vn -0.337977 0.736944 -0.585393
vn -0.231190 0.736944 -0.635189
vn -0.238647 0.716335 -0.655676
vn -0.341979 0.015597 -0.939578
vn -0.499939 0.015597 -0.865920
vn -0.499939 0.015597 -0.865920
vn -0.499939 0.015597 -0.865920
vn -0.341979 0.015597 -0.939578
vn -0.341979 0.015597 -0.939578
vn -0.102910 0.953659 -0.282744
vn -0.150445 0.953659 -0.260578
vn -0.150445 0.953659 -0.260578
vn -0.150445 0.953659 -0.260578
vn -0.102910 0.953659 -0.282744
vn -0.102910 0.953659 -0.282744
vn -0.342020 0.000000 -0.939693
vn -0.500000 0.000000 -0.866025
vn -0.500000 0.000000 -0.866025
vn -0.500000 0.000000 -0.866025
vn -0.342020 0.000000 -0.939693
vn -0.342020 0.000000 -0.939693
vn -0.178301 -0.853363 -0.489877
vn -0.260658 -0.853364 -0.451472
vn -0.262986 -0.850502 -0.455505
vn -0.262986 -0.850502 -0.455505
vn -0.179893 -0.850502 -0.494252
vn -0.178301 -0.853363 -0.489877
vn -0.179893 -0.850502 -0.494252
vn -0.262986 -0.850502 -0.455505
vn -0.269230 -0.842651 -0.466320
vn -0.269230 -0.842651 -0.466320
vn -0.184164 -0.842652 -0.505986
vn -0.179893 -0.850502 -0.494252
vn -0.184164 -0.842652 -0.505986
vn -0.269230 -0.842651 -0.466320
vn -0.278117 -0.831026 -0.481712
vn -0.278117 -0.831026 -0.481712
vn -0.190243 -0.831027 -0.522687
vn -0.184164 -0.842652 -0.505986
vn -0.190243 -0.831027 -0.522687
vn -0.278117 -0.831026 -0.481712
vn -0.288182 -0.817192 -0.499147
vn -0.288182 -0.817192 -0.499147
vn -0.197128 -0.817193 -0.541605
vn -0.190243 -0.831027 -0.522687
vn -0.197128 -0.817193 -0.541605
vn -0.288182 -0.817192 -0.499147
vn -0.298232 -0.802639 -0.516554
vn -0.298232 -0.802639 -0.516554
vn -0.204003 -0.802639 -0.560493
vn -0.197128 -0.817193 -0.541605
vn -0.204003 -0.802639 -0.560493
vn -0.298232 -0.802639 -0.516554
vn -0.307521 -0.788494 -0.532643
vn -0.307521 -0.788494 -0.532643
vn -0.210357 -0.788493 -0.577952
vn -0.204003 -0.802639 -0.560493
vn -0.210357 -0.788493 -0.577952
vn -0.307521 -0.788494 -0.532643
vn -0.356192 -0.701791 -0.616942
vn -0.356192 -0.701791 -0.616942
vn -0.243649 -0.701791 -0.669421
vn -0.210357 -0.788493 -0.577952
vn -0.243649 -0.701791 -0.669421
vn -0.356192 -0.701791 -0.616942
vn -0.392812 -0.618704 -0.680371
vn -0.392812 -0.618704 -0.680371
vn -0.268699 -0.618705 -0.738245
vn -0.243649 -0.701791 -0.669421
vn -0.341681 0.044543 -0.938760
vn -0.499504 0.044540 -0.865166
vn -0.499504 0.044540 -0.865166
vn -0.499504 0.044540 -0.865166
vn -0.341681 0.044544 -0.938760
vn -0.341681 0.044543 -0.938760
vn -0.269890 0.614259 -0.741515
vn -0.394551 0.614262 -0.683382
vn -0.348598 0.716881 -0.603789
vn -0.348598 0.716881 -0.603789
vn -0.238456 0.716880 -0.655150
vn -0.269890 0.614259 -0.741515
vn -0.238456 0.716880 -0.655150
vn -0.348598 0.716881 -0.603789
vn -0.265322 0.847595 -0.459551
vn -0.265322 0.847595 -0.459551
vn -0.181491 0.847595 -0.498641
vn -0.238456 0.716880 -0.655150
vn -0.181491 0.847595 -0.498641
vn -0.265322 0.847595 -0.459551
vn -0.221907 0.896119 -0.384354
vn -0.221907 0.896119 -0.384354
vn -0.151793 0.896119 -0.417048
vn -0.181491 0.847595 -0.498641
vn -0.151793 0.896119 -0.417048
vn -0.221907 0.896119 -0.384354
vn -0.200911 0.915718 -0.347988
vn -0.200911 0.915718 -0.347988
vn -0.137431 0.915718 -0.377589
vn -0.151793 0.896119 -0.417048
vn -0.137431 0.915718 -0.377589
vn -0.200911 0.915718 -0.347988
vn -0.194430 0.921297 -0.336762
vn -0.194430 0.921297 -0.336762
vn -0.132997 0.921298 -0.365407
vn -0.137431 0.915718 -0.377589
vn -0.340501 0.094139 -0.935520
vn -0.497779 0.094139 -0.862180
vn -0.496900 0.111184 -0.860656
vn -0.496900 0.111184 -0.860656
vn -0.339899 0.111184 -0.933867
vn -0.340501 0.094139 -0.935520
vn -0.339899 0.111184 -0.933867
vn -0.496900 0.111184 -0.860656
vn -0.495860 0.128408 -0.858856
vn -0.495860 0.128408 -0.858856
vn -0.339188 0.128408 -0.931913
vn -0.339899 0.111184 -0.933867
vn -0.001588 -0.999989 -0.004362
vn -0.002321 -0.999989 -0.004020
vn -0.002321 -0.999989 -0.004020
vn -0.002321 -0.999989 -0.004020
vn -0.001588 -0.999989 -0.004362
vn -0.001588 -0.999989 -0.004362
vn -0.342020 0.000296 -0.939693
vn -0.499999 0.000296 -0.866026
vn -0.499999 0.000296 -0.866026
vn -0.499999 0.000296 -0.866026
vn -0.342020 0.000296 -0.939693
vn -0.342020 0.000296 -0.939693
vn 0.000281 -1.000000 0.000771
vn 0.000410 -1.000000 0.000711
vn 0.000410 -1.000000 0.000711
vn 0.000410 -1.000000 0.000711
vn 0.000281 -1.000000 0.000771
vn 0.000281 -1.000000 0.000771
vn -0.342020 -0.000076 -0.939693
vn -0.499999 -0.000076 -0.866026
vn -0.500000 -0.000076 -0.866026
vn -0.500000 -0.000076 -0.866026
vn -0.342020 -0.000076 -0.939693
vn -0.342020 -0.000076 -0.939693
vn 0.000111 -1.000000 0.000309
vn 0.000163 -1.000000 0.000285
vn 0.000163 -1.000000 0.000285
vn 0.000163 -1.000000 0.000285
vn 0.000111 -1.000000 0.000309
vn 0.000111 -1.000000 0.000309
vn -0.342020 0.000000 -0.939693
vn -0.499999 0.000000 -0.866026
vn -0.500000 0.000000 -0.866026
vn -0.500000 0.000000 -0.866026
vn -0.342020 0.000000 -0.939693
vn -0.342020 0.000000 -0.939693
vn 0.000144 -1.000000 0.000398
vn 0.000211 -1.000000 0.000367
vn 0.000211 -1.000000 0.000367
vn 0.000211 -1.000000 0.000367
vn 0.000144 -1.000000 0.000398
vn 0.000144 -1.000000 0.000398
vn -0.342020 0.000552 -0.939693
vn -0.499999 0.000552 -0.866026
vn -0.525027 -0.000128 -0.851085
vn -0.525027 -0.000128 -0.851085
vn -0.342020 0.000552 -0.939693
vn -0.342020 0.000552 -0.939693
vn -0.000530 0.999999 -0.001459
vn -0.000731 0.999999 -0.001367
vn 0.000000 1.000000 0.000000
vn 0.000000 -1.000000 0.000000
vn 0.000000 -1.000000 0.000000
vn -0.000001 -1.000000 0.000000
vn -0.500000 0.000000 -0.866025
vn -0.642788 0.000000 -0.766044
vn -0.642788 0.000000 -0.766044
vn -0.642788 0.000000 -0.766044
vn -0.500000 0.000000 -0.866025
vn -0.500000 0.000000 -0.866025
vn -0.206876 -0.910390 -0.358318
vn -0.265954 -0.910390 -0.316951
vn -0.271647 -0.906313 -0.323736
vn -0.271647 -0.906313 -0.323736
vn -0.211304 -0.906313 -0.365988
vn -0.206876 -0.910390 -0.358318
vn -0.211304 -0.906313 -0.365988
vn -0.271647 -0.906313 -0.323736
vn -0.289128 -0.893128 -0.344569
vn -0.289128 -0.893128 -0.344569
vn -0.224902 -0.893128 -0.389541
vn -0.211304 -0.906313 -0.365988
vn -0.224902 -0.893128 -0.389541
vn -0.289128 -0.893128 -0.344569
vn -0.321451 -0.865974 -0.383091
vn -0.321451 -0.865974 -0.383091
vn -0.250045 -0.865974 -0.433090
vn -0.224902 -0.893128 -0.389541
vn -0.250045 -0.865974 -0.433090
vn -0.321451 -0.865974 -0.383091
vn -0.374428 -0.812826 -0.446226
vn -0.374428 -0.812826 -0.446226
vn -0.291254 -0.812825 -0.504466
vn -0.250045 -0.865974 -0.433090
vn -0.291254 -0.812825 -0.504466
vn -0.374428 -0.812826 -0.446226
vn -0.455961 -0.704857 -0.543393
vn -0.455961 -0.704857 -0.543393
vn -0.354675 -0.704857 -0.614314
vn -0.291254 -0.812825 -0.504466
vn -0.354675 -0.704857 -0.614314
vn -0.455961 -0.704857 -0.543393
vn -0.563376 -0.481479 -0.671405
vn -0.563376 -0.481479 -0.671405
vn -0.438229 -0.481479 -0.759034
vn -0.354675 -0.704857 -0.614314
vn -0.438229 -0.481479 -0.759034
vn -0.563376 -0.481479 -0.671405
vn -0.641040 -0.073693 -0.763961
vn -0.641040 -0.073693 -0.763961
vn -0.498641 -0.073692 -0.863671
vn -0.438229 -0.481479 -0.759034
vn -0.498641 -0.073692 -0.863671
vn -0.641040 -0.073693 -0.763961
vn -0.592691 0.387038 -0.706342
vn -0.592691 0.387038 -0.706342
vn -0.461032 0.387038 -0.798531
vn -0.498641 -0.073692 -0.863671
vn -0.461032 0.387038 -0.798531
vn -0.592691 0.387038 -0.706342
vn -0.475148 0.673488 -0.566259
vn -0.475148 0.673488 -0.566259
vn -0.369599 0.673487 -0.640165
vn -0.461032 0.387038 -0.798531
vn -0.369599 0.673487 -0.640165
vn -0.475148 0.673488 -0.566259
vn -0.385046 0.800730 -0.458880
vn -0.385046 0.800730 -0.458880
vn -0.299513 0.800729 -0.518772
vn -0.369599 0.673487 -0.640165
vn -0.299513 0.800729 -0.518772
vn -0.385046 0.800730 -0.458880
vn -0.329143 0.858953 -0.392257
vn -0.329143 0.858953 -0.392257
vn -0.256027 0.858953 -0.443452
vn -0.299513 0.800729 -0.518772
vn -0.256027 0.858953 -0.443452
vn -0.329143 0.858953 -0.392257
vn -0.296227 0.887479 -0.353029
vn -0.296227 0.887479 -0.353029
vn -0.230423 0.887480 -0.399105
vn -0.256027 0.858953 -0.443452
vn -0.230423 0.887480 -0.399105
vn -0.296227 0.887479 -0.353029
vn -0.278803 0.901038 -0.332265
vn -0.278803 0.901038 -0.332265
vn -0.216870 0.901038 -0.375631
vn -0.230423 0.887480 -0.399105
vn -0.216870 0.901038 -0.375631
vn -0.278803 0.901038 -0.332265
vn -0.273189 0.905191 -0.325573
vn -0.273189 0.905191 -0.325573
vn -0.212502 0.905191 -0.368066
vn -0.216870 0.901038 -0.375631
vn -0.500000 0.000000 -0.866025
vn -0.642788 0.000000 -0.766044
vn -0.642788 0.000000 -0.766044
vn -0.642788 0.000000 -0.766044
vn -0.500000 0.000000 -0.866025
vn -0.500000 0.000000 -0.866025
vn -0.135033 -0.962842 -0.233883
vn -0.173595 -0.962842 -0.206882
vn -0.209237 -0.945537 -0.249359
vn -0.209237 -0.945537 -0.249359
vn -0.162758 -0.945537 -0.281903
vn -0.135033 -0.962842 -0.233883
vn -0.162758 -0.945537 -0.281903
vn -0.209237 -0.945537 -0.249359
vn -0.271692 -0.906280 -0.323789
vn -0.271692 -0.906280 -0.323789
vn -0.211339 -0.906280 -0.366050
vn -0.162758 -0.945537 -0.281903
vn -0.211339 -0.906280 -0.366050
vn -0.271692 -0.906280 -0.323789
vn -0.328103 -0.859915 -0.391018
vn -0.328103 -0.859915 -0.391018
vn -0.255219 -0.859914 -0.442053
vn -0.211339 -0.906280 -0.366050
vn -0.255219 -0.859914 -0.442053
vn -0.328103 -0.859915 -0.391018
vn -0.384209 -0.801703 -0.457882
vn -0.384209 -0.801703 -0.457882
vn -0.298861 -0.801703 -0.517643
vn -0.255219 -0.859914 -0.442053
vn -0.298861 -0.801703 -0.517643
vn -0.384209 -0.801703 -0.457882
vn -0.447955 -0.717173 -0.533852
vn -0.447955 -0.717173 -0.533852
vn -0.348447 -0.717173 -0.603529
vn -0.298861 -0.801703 -0.517643
vn -0.348447 -0.717173 -0.603529
vn -0.447955 -0.717173 -0.533852
vn -0.532182 -0.560834 -0.634230
vn -0.532182 -0.560834 -0.634230
vn -0.413964 -0.560835 -0.717006
vn -0.348447 -0.717173 -0.603529
vn -0.413964 -0.560835 -0.717006
vn -0.532182 -0.560834 -0.634230
vn -0.572930 -0.453373 -0.682791
vn -0.572930 -0.453373 -0.682791
vn -0.445660 -0.453375 -0.771906
vn -0.413964 -0.560835 -0.717006
vn -0.498191 0.084984 -0.862892
vn -0.640463 0.084982 -0.763273
vn -0.624314 0.238020 -0.744028
vn -0.624314 0.238020 -0.744028
vn -0.485630 0.238021 -0.841136
vn -0.498191 0.084984 -0.862892
vn -0.485630 0.238021 -0.841136
vn -0.624314 0.238020 -0.744028
vn -0.572677 0.454146 -0.682490
vn -0.572677 0.454146 -0.682490
vn -0.445464 0.454146 -0.771565
vn -0.485630 0.238021 -0.841136
vn -0.445464 0.454146 -0.771565
vn -0.572677 0.454146 -0.682490
vn -0.533528 0.557729 -0.635834
vn -0.533528 0.557729 -0.635834
vn -0.415011 0.557730 -0.718821
vn -0.445464 0.454146 -0.771565
vn -0.415011 0.557730 -0.718821
vn -0.533528 0.557729 -0.635834
vn -0.502497 0.623595 -0.598853
vn -0.502497 0.623595 -0.598853
vn -0.390873 0.623595 -0.677013
vn -0.415011 0.557730 -0.718821
vn -0.390873 0.623595 -0.677013
vn -0.502497 0.623595 -0.598853
vn -0.475040 0.673672 -0.566130
vn -0.475040 0.673672 -0.566130
vn -0.369516 0.673671 -0.640019
vn -0.390873 0.623595 -0.677013
vn -0.369516 0.673671 -0.640019
vn -0.475040 0.673672 -0.566130
vn -0.448509 0.716335 -0.534512
vn -0.448509 0.716335 -0.534512
vn -0.348878 0.716335 -0.604275
vn -0.369516 0.673671 -0.640019
vn -0.348878 0.716335 -0.604275
vn -0.448509 0.716335 -0.534512
vn -0.434495 0.736944 -0.517811
vn -0.434495 0.736944 -0.517811
vn -0.337977 0.736944 -0.585393
vn -0.348878 0.716335 -0.604275
vn -0.499939 0.015597 -0.865920
vn -0.642709 0.015597 -0.765951
vn -0.642710 0.015597 -0.765951
vn -0.642710 0.015597 -0.765951
vn -0.499939 0.015597 -0.865920
vn -0.499939 0.015597 -0.865920
vn -0.150445 0.953659 -0.260578
vn -0.193408 0.953659 -0.230495
vn -0.193408 0.953659 -0.230495
vn -0.193408 0.953659 -0.230495
vn -0.150445 0.953659 -0.260578
vn -0.150445 0.953659 -0.260578
vn -0.500000 0.000000 -0.866025
vn -0.642788 0.000000 -0.766044
vn -0.642787 0.000000 -0.766045
vn -0.642787 0.000000 -0.766045
vn -0.500000 0.000000 -0.866025
vn -0.500000 0.000000 -0.866025
vn -0.260658 -0.853364 -0.451472
vn -0.335095 -0.853365 -0.399350
vn -0.338088 -0.850502 -0.402917
vn -0.338088 -0.850502 -0.402917
vn -0.262986 -0.850502 -0.455505
vn -0.260658 -0.853364 -0.451472
vn -0.262986 -0.850502 -0.455505
vn -0.338088 -0.850502 -0.402917
vn -0.346117 -0.842650 -0.412485
vn -0.346117 -0.842650 -0.412485
vn -0.269230 -0.842651 -0.466320
vn -0.262986 -0.850502 -0.455505
vn -0.269230 -0.842651 -0.466320
vn -0.346117 -0.842650 -0.412485
vn -0.357539 -0.831027 -0.426099
vn -0.357539 -0.831027 -0.426099
vn -0.278117 -0.831026 -0.481712
vn -0.269230 -0.842651 -0.466320
vn -0.278117 -0.831026 -0.481712
vn -0.357539 -0.831027 -0.426099
vn -0.370480 -0.817193 -0.441520
vn -0.370480 -0.817193 -0.441520
vn -0.288182 -0.817192 -0.499147
vn -0.278117 -0.831026 -0.481712
vn -0.288182 -0.817192 -0.499147
vn -0.370480 -0.817193 -0.441520
vn -0.383400 -0.802640 -0.456918
vn -0.383400 -0.802640 -0.456918
vn -0.298232 -0.802639 -0.516554
vn -0.288182 -0.817192 -0.499147
vn -0.298232 -0.802639 -0.516554
vn -0.383400 -0.802640 -0.456918
vn -0.395342 -0.788493 -0.471150
vn -0.395342 -0.788493 -0.471150
vn -0.307521 -0.788494 -0.532643
vn -0.298232 -0.802639 -0.516554
vn -0.307521 -0.788494 -0.532643
vn -0.395342 -0.788493 -0.471150
vn -0.457911 -0.701791 -0.545717
vn -0.457911 -0.701791 -0.545717
vn -0.356192 -0.701791 -0.616942
vn -0.307521 -0.788494 -0.532643
vn -0.356192 -0.701791 -0.616942
vn -0.457911 -0.701791 -0.545717
vn -0.504989 -0.618706 -0.601822
vn -0.504989 -0.618706 -0.601822
vn -0.392812 -0.618704 -0.680371
vn -0.356192 -0.701791 -0.616942
vn -0.499504 0.044540 -0.865166
vn -0.642149 0.044543 -0.765284
vn -0.642150 0.044543 -0.765284
vn -0.642150 0.044543 -0.765284
vn -0.499504 0.044540 -0.865166
vn -0.499504 0.044540 -0.865166
vn -0.394551 0.614262 -0.683382
vn -0.507225 0.614262 -0.604487
vn -0.448149 0.716881 -0.534083
vn -0.448149 0.716881 -0.534083
vn -0.348598 0.716881 -0.603789
vn -0.394551 0.614262 -0.683382
vn -0.348598 0.716881 -0.603789
vn -0.448149 0.716881 -0.534083
vn -0.341091 0.847595 -0.406497
vn -0.341091 0.847595 -0.406497
vn -0.265322 0.847595 -0.459551
vn -0.348598 0.716881 -0.603789
vn -0.265322 0.847595 -0.459551
vn -0.341091 0.847595 -0.406497
vn -0.285278 0.896119 -0.339981
vn -0.285278 0.896119 -0.339981
vn -0.221907 0.896119 -0.384354
vn -0.265322 0.847595 -0.459551
vn -0.221907 0.896119 -0.384354
vn -0.285278 0.896119 -0.339981
vn -0.258286 0.915718 -0.307813
vn -0.258286 0.915718 -0.307813
vn -0.200911 0.915718 -0.347988
vn -0.221907 0.896119 -0.384354
vn -0.200911 0.915718 -0.347988
vn -0.258286 0.915718 -0.307813
vn -0.249954 0.921297 -0.297883
vn -0.249954 0.921297 -0.297883
vn -0.194430 0.921297 -0.336762
vn -0.200911 0.915718 -0.347988
vn -0.497779 0.094139 -0.862180
vn -0.639933 0.094139 -0.762643
vn -0.638802 0.111184 -0.761295
vn -0.638802 0.111184 -0.761295
vn -0.496900 0.111184 -0.860656
vn -0.497779 0.094139 -0.862180
vn -0.496900 0.111184 -0.860656
vn -0.638802 0.111184 -0.761295
vn -0.637466 0.128408 -0.759703
vn -0.637466 0.128408 -0.759703
vn -0.495860 0.128408 -0.858856
vn -0.496900 0.111184 -0.860656
vn -0.002321 -0.999989 -0.004020
vn -0.002984 -0.999989 -0.003556
vn -0.002984 -0.999989 -0.003556
vn -0.002984 -0.999989 -0.003556
vn -0.002321 -0.999989 -0.004020
vn -0.002321 -0.999989 -0.004020
vn -0.499999 0.000296 -0.866026
vn -0.642787 0.000296 -0.766045
vn -0.642787 0.000296 -0.766045
vn -0.642787 0.000296 -0.766045
vn -0.499999 0.000296 -0.866026
vn -0.499999 0.000296 -0.866026
vn 0.000410 -1.000000 0.000711
vn 0.000527 -1.000000 0.000629
vn 0.000527 -1.000000 0.000629
vn 0.000527 -1.000000 0.000629
vn 0.000410 -1.000000 0.000711
vn 0.000410 -1.000000 0.000711
vn -0.499999 -0.000076 -0.866026
vn -0.642787 -0.000075 -0.766045
vn -0.642787 -0.000075 -0.766045
vn -0.642787 -0.000075 -0.766045
vn -0.500000 -0.000076 -0.866026
vn -0.499999 -0.000076 -0.866026
vn 0.000163 -1.000000 0.000285
vn 0.000211 -1.000000 0.000252
vn 0.000211 -1.000000 0.000252
vn 0.000211 -1.000000 0.000252
vn 0.000163 -1.000000 0.000285
vn 0.000163 -1.000000 0.000285
vn -0.499999 0.000000 -0.866026
vn -0.642787 0.000000 -0.766045
vn -0.642787 0.000000 -0.766045
vn -0.642787 0.000000 -0.766045
vn -0.500000 0.000000 -0.866026
vn -0.499999 0.000000 -0.866026
vn 0.000211 -1.000000 0.000367
vn 0.000272 -1.000000 0.000324
vn 0.000272 -1.000000 0.000324
vn 0.000272 -1.000000 0.000324
vn 0.000211 -1.000000 0.000367
vn 0.000211 -1.000000 0.000367
vn -0.499999 0.000552 -0.866026
vn -0.642787 0.000552 -0.766045
vn -0.642781 -0.000480 -0.766050
vn -0.642781 -0.000480 -0.766050
vn -0.525027 -0.000128 -0.851085
vn -0.499999 0.000552 -0.866026
vn -0.000731 0.999999 -0.001367
vn -0.000992 0.999999 -0.001182
vn 0.000000 1.000000 0.000000
vn 0.000000 -1.000000 0.000000
vn 0.000000 -1.000000 0.000000
vn 0.000000 -1.000000 0.000000
vn -0.642788 0.000000 -0.766044
vn -0.766045 0.000000 -0.642787
vn -0.766045 0.000000 -0.642787
vn -0.766045 0.000000 -0.642787
vn -0.642788 0.000000 -0.766044
vn -0.642788 0.000000 -0.766044
vn -0.265954 -0.910390 -0.316951
vn -0.316951 -0.910390 -0.265954
vn -0.323736 -0.906313 -0.271646
vn -0.323736 -0.906313 -0.271646
vn -0.271647 -0.906313 -0.323736
vn -0.265954 -0.910390 -0.316951
vn -0.271647 -0.906313 -0.323736
vn -0.323736 -0.906313 -0.271646
vn -0.344569 -0.893128 -0.289128
vn -0.344569 -0.893128 -0.289128
vn -0.289128 -0.893128 -0.344569
vn -0.271647 -0.906313 -0.323736
vn -0.289128 -0.893128 -0.344569
vn -0.344569 -0.893128 -0.289128
vn -0.383091 -0.865974 -0.321451
vn -0.383091 -0.865974 -0.321451
vn -0.321451 -0.865974 -0.383091
vn -0.289128 -0.893128 -0.344569
vn -0.321451 -0.865974 -0.383091
vn -0.383091 -0.865974 -0.321451
vn -0.446227 -0.812826 -0.374428
vn -0.446227 -0.812826 -0.374428
vn -0.374428 -0.812826 -0.446226
vn -0.321451 -0.865974 -0.383091
vn -0.374428 -0.812826 -0.446226
vn -0.446227 -0.812826 -0.374428
vn -0.543393 -0.704857 -0.455961
vn -0.543393 -0.704857 -0.455961
vn -0.455961 -0.704857 -0.543393
vn -0.374428 -0.812826 -0.446226
vn -0.455961 -0.704857 -0.543393
vn -0.543393 -0.704857 -0.455961
vn -0.671406 -0.481478 -0.563376
vn -0.671406 -0.481478 -0.563376
vn -0.563376 -0.481479 -0.671405
vn -0.455961 -0.704857 -0.543393
vn -0.563376 -0.481479 -0.671405
vn -0.671406 -0.481478 -0.563376
vn -0.763962 -0.073694 -0.641040
vn -0.763962 -0.073694 -0.641040
vn -0.641040 -0.073693 -0.763961
vn -0.563376 -0.481479 -0.671405
vn -0.641040 -0.073693 -0.763961
vn -0.763962 -0.073694 -0.641040
vn -0.706342 0.387037 -0.592691
vn -0.706342 0.387037 -0.592691
vn -0.592691 0.387038 -0.706342
vn -0.641040 -0.073693 -0.763961
vn -0.592691 0.387038 -0.706342
vn -0.706342 0.387037 -0.592691
vn -0.566259 0.673487 -0.475148
vn -0.566259 0.673487 -0.475148
vn -0.475148 0.673488 -0.566259
vn -0.592691 0.387038 -0.706342
vn -0.475148 0.673488 -0.566259
vn -0.566259 0.673487 -0.475148
vn -0.458880 0.800730 -0.385046
vn -0.458880 0.800730 -0.385046
vn -0.385046 0.800730 -0.458880
vn -0.475148 0.673488 -0.566259
vn -0.385046 0.800730 -0.458880
vn -0.458880 0.800730 -0.385046
vn -0.392256 0.858953 -0.329142
vn -0.392256 0.858953 -0.329142
vn -0.329143 0.858953 -0.392257
vn -0.385046 0.800730 -0.458880
vn -0.329143 0.858953 -0.392257
vn -0.392256 0.858953 -0.329142
vn -0.353030 0.887479 -0.296227
vn -0.353030 0.887479 -0.296227
vn -0.296227 0.887479 -0.353029
vn -0.329143 0.858953 -0.392257
vn -0.296227 0.887479 -0.353029
vn -0.353030 0.887479 -0.296227
vn -0.332265 0.901038 -0.278803
vn -0.332265 0.901038 -0.278803
vn -0.278803 0.901038 -0.332265
vn -0.296227 0.887479 -0.353029
vn -0.278803 0.901038 -0.332265
vn -0.332265 0.901038 -0.278803
vn -0.325573 0.905191 -0.273188
vn -0.325573 0.905191 -0.273188
vn -0.273189 0.905191 -0.325573
vn -0.278803 0.901038 -0.332265
vn -0.642788 0.000000 -0.766044
vn -0.766045 0.000000 -0.642787
vn -0.766045 0.000000 -0.642787
vn -0.766045 0.000000 -0.642787
vn -0.642788 0.000000 -0.766044
vn -0.642788 0.000000 -0.766044
vn -0.173595 -0.962842 -0.206882
vn -0.206882 -0.962842 -0.173595
vn -0.249359 -0.945537 -0.209237
vn -0.249359 -0.945537 -0.209237
vn -0.209237 -0.945537 -0.249359
vn -0.173595 -0.962842 -0.206882
vn -0.209237 -0.945537 -0.249359
vn -0.249359 -0.945537 -0.209237
vn -0.323791 -0.906280 -0.271692
vn -0.323791 -0.906280 -0.271692
vn -0.271692 -0.906280 -0.323789
vn -0.209237 -0.945537 -0.249359
vn -0.271692 -0.906280 -0.323789
vn -0.323791 -0.906280 -0.271692
vn -0.391019 -0.859914 -0.328103
vn -0.391019 -0.859914 -0.328103
vn -0.328103 -0.859915 -0.391018
vn -0.271692 -0.906280 -0.323789
vn -0.328103 -0.859915 -0.391018
vn -0.391019 -0.859914 -0.328103
vn -0.457882 -0.801704 -0.384208
vn -0.457882 -0.801704 -0.384208
vn -0.384209 -0.801703 -0.457882
vn -0.328103 -0.859915 -0.391018
vn -0.384209 -0.801703 -0.457882
vn -0.457882 -0.801704 -0.384208
vn -0.533852 -0.717175 -0.447954
vn -0.533852 -0.717175 -0.447954
vn -0.447955 -0.717173 -0.533852
vn -0.384209 -0.801703 -0.457882
vn -0.447955 -0.717173 -0.533852
vn -0.533852 -0.717175 -0.447954
vn -0.634229 -0.560835 -0.532181
vn -0.634229 -0.560835 -0.532181
vn -0.532182 -0.560834 -0.634230
vn -0.447955 -0.717173 -0.533852
vn -0.532182 -0.560834 -0.634230
vn -0.634229 -0.560835 -0.532181
vn -0.682791 -0.453374 -0.572930
vn -0.682791 -0.453374 -0.572930
vn -0.572930 -0.453373 -0.682791
vn -0.532182 -0.560834 -0.634230
vn -0.640463 0.084982 -0.763273
vn -0.763273 0.084984 -0.640462
vn -0.744028 0.238021 -0.624314
vn -0.744028 0.238021 -0.624314
vn -0.624314 0.238020 -0.744028
vn -0.640463 0.084982 -0.763273
vn -0.624314 0.238020 -0.744028
vn -0.744028 0.238021 -0.624314
vn -0.682490 0.454146 -0.572677
vn -0.682490 0.454146 -0.572677
vn -0.572677 0.454146 -0.682490
vn -0.624314 0.238020 -0.744028
vn -0.572677 0.454146 -0.682490
vn -0.682490 0.454146 -0.572677
vn -0.635835 0.557729 -0.533528
vn -0.635835 0.557729 -0.533528
vn -0.533528 0.557729 -0.635834
vn -0.572677 0.454146 -0.682490
vn -0.533528 0.557729 -0.635834
vn -0.635835 0.557729 -0.533528
vn -0.598853 0.623596 -0.502497
vn -0.598853 0.623596 -0.502497
vn -0.502497 0.623595 -0.598853
vn -0.533528 0.557729 -0.635834
vn -0.502497 0.623595 -0.598853
vn -0.598853 0.623596 -0.502497
vn -0.566130 0.673672 -0.475040
vn -0.566130 0.673672 -0.475040
vn -0.475040 0.673672 -0.566130
vn -0.502497 0.623595 -0.598853
vn -0.475040 0.673672 -0.566130
vn -0.566130 0.673672 -0.475040
vn -0.534512 0.716335 -0.448509
vn -0.534512 0.716335 -0.448509
vn -0.448509 0.716335 -0.534512
vn -0.475040 0.673672 -0.566130
vn -0.448509 0.716335 -0.534512
vn -0.534512 0.716335 -0.448509
vn -0.517811 0.736944 -0.434495
vn -0.517811 0.736944 -0.434495
vn -0.434495 0.736944 -0.517811
vn -0.448509 0.716335 -0.534512
vn -0.642709 0.015597 -0.765951
vn -0.765952 0.015597 -0.642709
vn -0.765951 0.015597 -0.642709
vn -0.765951 0.015597 -0.642709
vn -0.642710 0.015597 -0.765951
vn -0.642709 0.015597 -0.765951
vn -0.193408 0.953659 -0.230495
vn -0.230495 0.953659 -0.193408
vn -0.230495 0.953659 -0.193408
vn -0.230495 0.953659 -0.193408
vn -0.193408 0.953659 -0.230495
vn -0.193408 0.953659 -0.230495
vn -0.642788 0.000000 -0.766044
vn -0.766044 0.000000 -0.642788
vn -0.766044 0.000000 -0.642788
vn -0.766044 0.000000 -0.642788
vn -0.642787 0.000000 -0.766045
vn -0.642788 0.000000 -0.766044
vn -0.335095 -0.853365 -0.399350
vn -0.399354 -0.853362 -0.335098
vn -0.402918 -0.850502 -0.338088
vn -0.402918 -0.850502 -0.338088
vn -0.338088 -0.850502 -0.402917
vn -0.335095 -0.853365 -0.399350
vn -0.338088 -0.850502 -0.402917
vn -0.402918 -0.850502 -0.338088
vn -0.412485 -0.842651 -0.346115
vn -0.412485 -0.842651 -0.346115
vn -0.346117 -0.842650 -0.412485
vn -0.338088 -0.850502 -0.402917
vn -0.346117 -0.842650 -0.412485
vn -0.412485 -0.842651 -0.346115
vn -0.426099 -0.831027 -0.357539
vn -0.426099 -0.831027 -0.357539
vn -0.357539 -0.831027 -0.426099
vn -0.346117 -0.842650 -0.412485
vn -0.357539 -0.831027 -0.426099
vn -0.426099 -0.831027 -0.357539
vn -0.441521 -0.817193 -0.370480
vn -0.441521 -0.817193 -0.370480
vn -0.370480 -0.817193 -0.441520
vn -0.357539 -0.831027 -0.426099
vn -0.370480 -0.817193 -0.441520
vn -0.441521 -0.817193 -0.370480
vn -0.456919 -0.802639 -0.383400
vn -0.456919 -0.802639 -0.383400
vn -0.383400 -0.802640 -0.456918
vn -0.370480 -0.817193 -0.441520
vn -0.383400 -0.802640 -0.456918
vn -0.456919 -0.802639 -0.383400
vn -0.471150 -0.788494 -0.395341
vn -0.471150 -0.788494 -0.395341
vn -0.395342 -0.788493 -0.471150
vn -0.383400 -0.802640 -0.456918
vn -0.395342 -0.788493 -0.471150
vn -0.471150 -0.788494 -0.395341
vn -0.545717 -0.701791 -0.457911
vn -0.545717 -0.701791 -0.457911
vn -0.457911 -0.701791 -0.545717
vn -0.395342 -0.788493 -0.471150
vn -0.457911 -0.701791 -0.545717
vn -0.545717 -0.701791 -0.457911
vn -0.601823 -0.618705 -0.504989
vn -0.601823 -0.618705 -0.504989
vn -0.504989 -0.618706 -0.601822
vn -0.457911 -0.701791 -0.545717
vn -0.642149 0.044543 -0.765284
vn -0.765284 0.044543 -0.642150
vn -0.765284 0.044543 -0.642150
vn -0.765284 0.044543 -0.642150
vn -0.642150 0.044543 -0.765284
vn -0.642149 0.044543 -0.765284
vn -0.507225 0.614262 -0.604487
vn -0.604487 0.614262 -0.507225
vn -0.534083 0.716881 -0.448149
vn -0.534083 0.716881 -0.448149
vn -0.448149 0.716881 -0.534083
vn -0.507225 0.614262 -0.604487
vn -0.448149 0.716881 -0.534083
vn -0.534083 0.716881 -0.448149
vn -0.406497 0.847595 -0.341091
vn -0.406497 0.847595 -0.341091
vn -0.341091 0.847595 -0.406497
vn -0.448149 0.716881 -0.534083
vn -0.341091 0.847595 -0.406497
vn -0.406497 0.847595 -0.341091
vn -0.339981 0.896119 -0.285278
vn -0.339981 0.896119 -0.285278
vn -0.285278 0.896119 -0.339981
vn -0.341091 0.847595 -0.406497
vn -0.285278 0.896119 -0.339981
vn -0.339981 0.896119 -0.285278
vn -0.307813 0.915718 -0.258286
vn -0.307813 0.915718 -0.258286
vn -0.258286 0.915718 -0.307813
vn -0.285278 0.896119 -0.339981
vn -0.258286 0.915718 -0.307813
vn -0.307813 0.915718 -0.258286
vn -0.297883 0.921297 -0.249954
vn -0.297883 0.921297 -0.249954
vn -0.249954 0.921297 -0.297883
vn -0.258286 0.915718 -0.307813
vn -0.639933 0.094139 -0.762643
vn -0.762643 0.094139 -0.639933
vn -0.761295 0.111184 -0.638802
vn -0.761295 0.111184 -0.638802
vn -0.638802 0.111184 -0.761295
vn -0.639933 0.094139 -0.762643
vn -0.638802 0.111184 -0.761295
vn -0.761295 0.111184 -0.638802
vn -0.759702 0.128408 -0.637467
vn -0.759702 0.128408 -0.637467
vn -0.637466 0.128408 -0.759703
vn -0.638802 0.111184 -0.761295
vn -0.002984 -0.999989 -0.003556
vn -0.003556 -0.999989 -0.002984
vn -0.003556 -0.999989 -0.002984
vn -0.003556 -0.999989 -0.002984
vn -0.002984 -0.999989 -0.003556
vn -0.002984 -0.999989 -0.003556
vn -0.642787 0.000296 -0.766045
vn -0.766044 0.000296 -0.642788
vn -0.766044 0.000296 -0.642788
vn -0.766044 0.000296 -0.642788
vn -0.642787 0.000296 -0.766045
vn -0.642787 0.000296 -0.766045
vn 0.000527 -1.000000 0.000629
vn 0.000629 -1.000000 0.000527
vn 0.000629 -1.000000 0.000527
vn 0.000629 -1.000000 0.000527
vn 0.000527 -1.000000 0.000629
vn 0.000527 -1.000000 0.000629
vn -0.642787 -0.000075 -0.766045
vn -0.766044 -0.000076 -0.642788
vn -0.766044 -0.000076 -0.642788
vn -0.766044 -0.000076 -0.642788
vn -0.642787 -0.000075 -0.766045
vn -0.642787 -0.000075 -0.766045
vn 0.000211 -1.000000 0.000252
vn 0.000252 -1.000000 0.000211
vn 0.000252 -1.000000 0.000211
vn 0.000252 -1.000000 0.000211
vn 0.000211 -1.000000 0.000252
vn 0.000211 -1.000000 0.000252
vn -0.642787 0.000000 -0.766045
vn -0.766044 0.000000 -0.642788
vn -0.766044 0.000000 -0.642788
vn -0.766044 0.000000 -0.642788
vn -0.642787 0.000000 -0.766045
vn -0.642787 0.000000 -0.766045
vn 0.000272 -1.000000 0.000324
vn 0.000324 -1.000000 0.000272
vn 0.000324 -1.000000 0.000272
vn 0.000324 -1.000000 0.000272
vn 0.000272 -1.000000 0.000324
vn 0.000272 -1.000000 0.000324
vn -0.642787 0.000552 -0.766045
vn -0.766044 0.000552 -0.642788
vn -0.766044 -0.000492 -0.642788
vn -0.766044 -0.000492 -0.642788
vn -0.642781 -0.000480 -0.766050
vn -0.642787 0.000552 -0.766045
vn -0.000992 0.999999 -0.001182
vn -0.001182 0.999999 -0.000992
vn 0.000000 1.000000 0.000000
vn 0.000000 -1.000000 0.000000
vn 0.000000 -1.000000 0.000000
vn 0.000000 -1.000000 0.000000
vn -0.766045 0.000000 -0.642787
vn -0.866026 0.000000 -0.499999
vn -0.866026 0.000000 -0.499999
vn -0.866026 0.000000 -0.499999
vn -0.766045 0.000000 -0.642787
vn -0.766045 0.000000 -0.642787
vn -0.316951 -0.910390 -0.265954
vn -0.358318 -0.910390 -0.206875
vn -0.365988 -0.906313 -0.211303
vn -0.365988 -0.906313 -0.211303
vn -0.323736 -0.906313 -0.271646
vn -0.316951 -0.910390 -0.265954
vn -0.323736 -0.906313 -0.271646
vn -0.365988 -0.906313 -0.211303
vn -0.389541 -0.893128 -0.224901
vn -0.389541 -0.893128 -0.224901
vn -0.344569 -0.893128 -0.289128
vn -0.323736 -0.906313 -0.271646
vn -0.344569 -0.893128 -0.289128
vn -0.389541 -0.893128 -0.224901
vn -0.433091 -0.865973 -0.250045
vn -0.433091 -0.865973 -0.250045
vn -0.383091 -0.865974 -0.321451
vn -0.344569 -0.893128 -0.289128
vn -0.383091 -0.865974 -0.321451
vn -0.433091 -0.865973 -0.250045
vn -0.504466 -0.812826 -0.291253
vn -0.504466 -0.812826 -0.291253
vn -0.446227 -0.812826 -0.374428
vn -0.383091 -0.865974 -0.321451
vn -0.446227 -0.812826 -0.374428
vn -0.504466 -0.812826 -0.291253
vn -0.614315 -0.704857 -0.354675
vn -0.614315 -0.704857 -0.354675
vn -0.543393 -0.704857 -0.455961
vn -0.446227 -0.812826 -0.374428
vn -0.543393 -0.704857 -0.455961
vn -0.614315 -0.704857 -0.354675
vn -0.759035 -0.481479 -0.438228
vn -0.759035 -0.481479 -0.438228
vn -0.671406 -0.481478 -0.563376
vn -0.543393 -0.704857 -0.455961
vn -0.671406 -0.481478 -0.563376
vn -0.759035 -0.481479 -0.438228
vn -0.863671 -0.073693 -0.498640
vn -0.863671 -0.073693 -0.498640
vn -0.763962 -0.073694 -0.641040
vn -0.671406 -0.481478 -0.563376
vn -0.763962 -0.073694 -0.641040
vn -0.863671 -0.073693 -0.498640
vn -0.798531 0.387039 -0.461031
vn -0.798531 0.387039 -0.461031
vn -0.706342 0.387037 -0.592691
vn -0.763962 -0.073694 -0.641040
vn -0.706342 0.387037 -0.592691
vn -0.798531 0.387039 -0.461031
vn -0.640166 0.673486 -0.369599
vn -0.640166 0.673486 -0.369599
vn -0.566259 0.673487 -0.475148
vn -0.706342 0.387037 -0.592691
vn -0.566259 0.673487 -0.475148
vn -0.640166 0.673486 -0.369599
vn -0.518772 0.800730 -0.299513
vn -0.518772 0.800730 -0.299513
vn -0.458880 0.800730 -0.385046
vn -0.566259 0.673487 -0.475148
vn -0.458880 0.800730 -0.385046
vn -0.518772 0.800730 -0.299513
vn -0.443452 0.858953 -0.256027
vn -0.443452 0.858953 -0.256027
vn -0.392256 0.858953 -0.329142
vn -0.458880 0.800730 -0.385046
vn -0.392256 0.858953 -0.329142
vn -0.443452 0.858953 -0.256027
vn -0.399106 0.887479 -0.230423
vn -0.399106 0.887479 -0.230423
vn -0.353030 0.887479 -0.296227
vn -0.392256 0.858953 -0.329142
vn -0.353030 0.887479 -0.296227
vn -0.399106 0.887479 -0.230423
vn -0.375631 0.901038 -0.216870
vn -0.375631 0.901038 -0.216870
vn -0.332265 0.901038 -0.278803
vn -0.353030 0.887479 -0.296227
vn -0.332265 0.901038 -0.278803
vn -0.375631 0.901038 -0.216870
vn -0.368065 0.905191 -0.212502
vn -0.368065 0.905191 -0.212502
vn -0.325573 0.905191 -0.273188
vn -0.332265 0.901038 -0.278803
vn -0.766045 0.000000 -0.642787
vn -0.866026 0.000001 -0.500000
vn -0.866026 0.000001 -0.500000
vn -0.866026 0.000001 -0.500000
vn -0.766045 0.000000 -0.642787
vn -0.766045 0.000000 -0.642787
vn -0.206882 -0.962842 -0.173595
vn -0.233884 -0.962842 -0.135032
vn -0.281905 -0.945537 -0.162757
vn -0.281905 -0.945537 -0.162757
vn -0.249359 -0.945537 -0.209237
vn -0.206882 -0.962842 -0.173595
vn -0.249359 -0.945537 -0.209237
vn -0.281905 -0.945537 -0.162757
vn -0.366050 -0.906280 -0.211339
vn -0.366050 -0.906280 -0.211339
vn -0.323791 -0.906280 -0.271692
vn -0.249359 -0.945537 -0.209237
vn -0.323791 -0.906280 -0.271692
vn -0.366050 -0.906280 -0.211339
vn -0.442053 -0.859914 -0.255219
vn -0.442053 -0.859914 -0.255219
vn -0.391019 -0.859914 -0.328103
vn -0.323791 -0.906280 -0.271692
vn -0.391019 -0.859914 -0.328103
vn -0.442053 -0.859914 -0.255219
vn -0.517644 -0.801703 -0.298861
vn -0.517644 -0.801703 -0.298861
vn -0.457882 -0.801704 -0.384208
vn -0.391019 -0.859914 -0.328103
vn -0.457882 -0.801704 -0.384208
vn -0.517644 -0.801703 -0.298861
vn -0.603529 -0.717174 -0.348447
vn -0.603529 -0.717174 -0.348447
vn -0.533852 -0.717175 -0.447954
vn -0.457882 -0.801704 -0.384208
vn -0.533852 -0.717175 -0.447954
vn -0.603529 -0.717174 -0.348447
vn -0.717005 -0.560837 -0.413962
vn -0.717005 -0.560837 -0.413962
vn -0.634229 -0.560835 -0.532181
vn -0.533852 -0.717175 -0.447954
vn -0.634229 -0.560835 -0.532181
vn -0.717005 -0.560837 -0.413962
vn -0.771905 -0.453377 -0.445659
vn -0.771905 -0.453377 -0.445659
vn -0.682791 -0.453374 -0.572930
vn -0.634229 -0.560835 -0.532181
vn -0.763273 0.084984 -0.640462
vn -0.862893 0.084985 -0.498191
vn -0.841136 0.238022 -0.485630
vn -0.841136 0.238022 -0.485630
vn -0.744028 0.238021 -0.624314
vn -0.763273 0.084984 -0.640462
vn -0.744028 0.238021 -0.624314
vn -0.841136 0.238022 -0.485630
vn -0.771565 0.454147 -0.445463
vn -0.771565 0.454147 -0.445463
vn -0.682490 0.454146 -0.572677
vn -0.744028 0.238021 -0.624314
vn -0.682490 0.454146 -0.572677
vn -0.771565 0.454147 -0.445463
vn -0.718821 0.557730 -0.415011
vn -0.718821 0.557730 -0.415011
vn -0.635835 0.557729 -0.533528
vn -0.682490 0.454146 -0.572677
vn -0.635835 0.557729 -0.533528
vn -0.718821 0.557730 -0.415011
vn -0.677013 0.623596 -0.390873
vn -0.677013 0.623596 -0.390873
vn -0.598853 0.623596 -0.502497
vn -0.635835 0.557729 -0.533528
vn -0.598853 0.623596 -0.502497
vn -0.677013 0.623596 -0.390873
vn -0.640020 0.673672 -0.369515
vn -0.640020 0.673672 -0.369515
vn -0.566130 0.673672 -0.475040
vn -0.598853 0.623596 -0.502497
vn -0.566130 0.673672 -0.475040
vn -0.640020 0.673672 -0.369515
vn -0.604275 0.716335 -0.348878
vn -0.604275 0.716335 -0.348878
vn -0.534512 0.716335 -0.448509
vn -0.566130 0.673672 -0.475040
vn -0.534512 0.716335 -0.448509
vn -0.604275 0.716335 -0.348878
vn -0.585393 0.736944 -0.337977
vn -0.585393 0.736944 -0.337977
vn -0.517811 0.736944 -0.434495
vn -0.534512 0.716335 -0.448509
vn -0.765952 0.015597 -0.642709
vn -0.865920 0.015597 -0.499939
vn -0.865920 0.015597 -0.499939
vn -0.865920 0.015597 -0.499939
vn -0.765951 0.015597 -0.642709
vn -0.765952 0.015597 -0.642709
vn -0.230495 0.953659 -0.193408
vn -0.260578 0.953659 -0.150445
vn -0.260578 0.953659 -0.150445
vn -0.260578 0.953659 -0.150445
vn -0.230495 0.953659 -0.193408
vn -0.230495 0.953659 -0.193408
vn -0.766044 0.000000 -0.642788
vn -0.866026 0.000000 -0.499999
vn -0.866026 0.000000 -0.499999
vn -0.866026 0.000000 -0.499999
vn -0.766044 0.000000 -0.642788
vn -0.766044 0.000000 -0.642788
vn -0.399354 -0.853362 -0.335098
vn -0.451474 -0.853363 -0.260658
vn -0.455507 -0.850501 -0.262987
vn -0.455507 -0.850501 -0.262987
vn -0.402918 -0.850502 -0.338088
vn -0.399354 -0.853362 -0.335098
vn -0.402918 -0.850502 -0.338088
vn -0.455507 -0.850501 -0.262987
vn -0.466320 -0.842651 -0.269230
vn -0.466320 -0.842651 -0.269230
vn -0.412485 -0.842651 -0.346115
vn -0.402918 -0.850502 -0.338088
vn -0.412485 -0.842651 -0.346115
vn -0.466320 -0.842651 -0.269230
vn -0.481711 -0.831028 -0.278115
vn -0.481711 -0.831028 -0.278115
vn -0.426099 -0.831027 -0.357539
vn -0.412485 -0.842651 -0.346115
vn -0.426099 -0.831027 -0.357539
vn -0.481711 -0.831028 -0.278115
vn -0.499146 -0.817193 -0.288182
vn -0.499146 -0.817193 -0.288182
vn -0.441521 -0.817193 -0.370480
vn -0.426099 -0.831027 -0.357539
vn -0.441521 -0.817193 -0.370480
vn -0.499146 -0.817193 -0.288182
vn -0.516555 -0.802638 -0.298233
vn -0.516555 -0.802638 -0.298233
vn -0.456919 -0.802639 -0.383400
vn -0.441521 -0.817193 -0.370480
vn -0.456919 -0.802639 -0.383400
vn -0.516555 -0.802638 -0.298233
vn -0.532643 -0.788493 -0.307521
vn -0.532643 -0.788493 -0.307521
vn -0.471150 -0.788494 -0.395341
vn -0.456919 -0.802639 -0.383400
vn -0.471150 -0.788494 -0.395341
vn -0.532643 -0.788493 -0.307521
vn -0.616941 -0.701792 -0.356191
vn -0.616941 -0.701792 -0.356191
vn -0.545717 -0.701791 -0.457911
vn -0.471150 -0.788494 -0.395341
vn -0.545717 -0.701791 -0.457911
vn -0.616941 -0.701792 -0.356191
vn -0.680370 -0.618705 -0.392811
vn -0.680370 -0.618705 -0.392811
vn -0.601823 -0.618705 -0.504989
vn -0.545717 -0.701791 -0.457911
vn -0.765284 0.044543 -0.642150
vn -0.865166 0.044543 -0.499503
vn -0.865166 0.044543 -0.499503
vn -0.865166 0.044543 -0.499503
vn -0.765284 0.044543 -0.642150
vn -0.765284 0.044543 -0.642150
vn -0.604487 0.614262 -0.507225
vn -0.683383 0.614261 -0.394551
vn -0.603789 0.716881 -0.348598
vn -0.603789 0.716881 -0.348598
vn -0.534083 0.716881 -0.448149
vn -0.604487 0.614262 -0.507225
vn -0.534083 0.716881 -0.448149
vn -0.603789 0.716881 -0.348598
vn -0.459551 0.847595 -0.265321
vn -0.459551 0.847595 -0.265321
vn -0.406497 0.847595 -0.341091
vn -0.534083 0.716881 -0.448149
vn -0.406497 0.847595 -0.341091
vn -0.459551 0.847595 -0.265321
vn -0.384354 0.896119 -0.221907
vn -0.384354 0.896119 -0.221907
vn -0.339981 0.896119 -0.285278
vn -0.406497 0.847595 -0.341091
vn -0.339981 0.896119 -0.285278
vn -0.384354 0.896119 -0.221907
vn -0.347987 0.915718 -0.200910
vn -0.347987 0.915718 -0.200910
vn -0.307813 0.915718 -0.258286
vn -0.339981 0.896119 -0.285278
vn -0.307813 0.915718 -0.258286
vn -0.347987 0.915718 -0.200910
vn -0.336762 0.921297 -0.194429
vn -0.336762 0.921297 -0.194429
vn -0.297883 0.921297 -0.249954
vn -0.307813 0.915718 -0.258286
vn -0.762643 0.094139 -0.639933
vn -0.862180 0.094139 -0.497779
vn -0.860656 0.111184 -0.496900
vn -0.860656 0.111184 -0.496900
vn -0.761295 0.111184 -0.638802
vn -0.762643 0.094139 -0.639933
vn -0.761295 0.111184 -0.638802
vn -0.860656 0.111184 -0.496900
vn -0.858856 0.128408 -0.495861
vn -0.858856 0.128408 -0.495861
vn -0.759702 0.128408 -0.637467
vn -0.761295 0.111184 -0.638802
vn -0.003556 -0.999989 -0.002984
vn -0.004020 -0.999989 -0.002320
vn -0.004020 -0.999989 -0.002320
vn -0.004020 -0.999989 -0.002320
vn -0.003556 -0.999989 -0.002984
vn -0.003556 -0.999989 -0.002984
vn -0.766044 0.000296 -0.642788
vn -0.866025 0.000296 -0.500000
vn -0.866025 0.000296 -0.500000
vn -0.866025 0.000296 -0.500000
vn -0.766044 0.000296 -0.642788
vn -0.766044 0.000296 -0.642788
vn 0.000629 -1.000000 0.000527
vn 0.000710 -1.000000 0.000411
vn 0.000710 -1.000000 0.000411
vn 0.000710 -1.000000 0.000411
vn 0.000629 -1.000000 0.000527
vn 0.000629 -1.000000 0.000527
vn -0.766044 -0.000076 -0.642788
vn -0.866025 -0.000076 -0.500000
vn -0.866025 -0.000076 -0.500000
vn -0.866025 -0.000076 -0.500000
vn -0.766044 -0.000076 -0.642788
vn -0.766044 -0.000076 -0.642788
vn 0.000252 -1.000000 0.000211
vn 0.000285 -1.000000 0.000164
vn 0.000285 -1.000000 0.000164
vn 0.000285 -1.000000 0.000164
vn 0.000252 -1.000000 0.000211
vn 0.000252 -1.000000 0.000211
vn -0.766044 0.000000 -0.642788
vn -0.866025 0.000000 -0.500000
vn -0.866025 0.000000 -0.500000
vn -0.866025 0.000000 -0.500000
vn -0.766044 0.000000 -0.642788
vn -0.766044 0.000000 -0.642788
vn 0.000324 -1.000000 0.000272
vn 0.000367 -1.000000 0.000212
vn 0.000367 -1.000000 0.000212
vn 0.000367 -1.000000 0.000212
vn 0.000324 -1.000000 0.000272
vn 0.000324 -1.000000 0.000272
vn -0.766044 0.000552 -0.642788
vn -0.866025 0.000552 -0.500000
vn -0.866029 -0.000480 -0.499994
vn -0.866029 -0.000480 -0.499994
vn -0.766044 -0.000492 -0.642788
vn -0.766044 0.000552 -0.642788
vn -0.001182 0.999999 -0.000992
vn -0.001336 0.999999 -0.000771
vn 0.000000 1.000000 0.000000
vn 0.000000 -1.000000 0.000000
vn 0.000000 -1.000000 0.000000
vn 0.000000 -1.000000 0.000000
vn -0.866026 0.000000 -0.499999
vn -0.939693 0.000000 -0.342020
vn -0.939693 0.000000 -0.342020
vn -0.939693 0.000000 -0.342020
vn -0.866026 0.000000 -0.499999
vn -0.866026 0.000000 -0.499999
vn -0.358318 -0.910390 -0.206875
vn -0.388798 -0.910391 -0.141511
vn -0.397121 -0.906313 -0.144540
vn -0.397121 -0.906313 -0.144540
vn -0.365988 -0.906313 -0.211303
vn -0.358318 -0.910390 -0.206875
vn -0.365988 -0.906313 -0.211303
vn -0.397121 -0.906313 -0.144540
vn -0.422677 -0.893128 -0.153842
vn -0.422677 -0.893128 -0.153842
vn -0.389541 -0.893128 -0.224901
vn -0.365988 -0.906313 -0.211303
vn -0.389541 -0.893128 -0.224901
vn -0.422677 -0.893128 -0.153842
vn -0.469931 -0.865974 -0.171041
vn -0.469931 -0.865974 -0.171041
vn -0.433091 -0.865973 -0.250045
vn -0.389541 -0.893128 -0.224901
vn -0.433091 -0.865973 -0.250045
vn -0.469931 -0.865974 -0.171041
vn -0.547378 -0.812825 -0.199229
vn -0.547378 -0.812825 -0.199229
vn -0.504466 -0.812826 -0.291253
vn -0.433091 -0.865973 -0.250045
vn -0.504466 -0.812826 -0.291253
vn -0.547378 -0.812825 -0.199229
vn -0.666570 -0.704857 -0.242612
vn -0.666570 -0.704857 -0.242612
vn -0.614315 -0.704857 -0.354675
vn -0.504466 -0.812826 -0.291253
vn -0.614315 -0.704857 -0.354675
vn -0.666570 -0.704857 -0.242612
vn -0.823601 -0.481479 -0.299766
vn -0.823601 -0.481479 -0.299766
vn -0.759035 -0.481479 -0.438228
vn -0.614315 -0.704857 -0.354675
vn -0.759035 -0.481479 -0.438228
vn -0.823601 -0.481479 -0.299766
vn -0.937138 -0.073691 -0.341090
vn -0.937138 -0.073691 -0.341090
vn -0.863671 -0.073693 -0.498640
vn -0.759035 -0.481479 -0.438228
vn -0.863671 -0.073693 -0.498640
vn -0.937138 -0.073691 -0.341090
vn -0.866456 0.387039 -0.315364
vn -0.866456 0.387039 -0.315364
vn -0.798531 0.387039 -0.461031
vn -0.863671 -0.073693 -0.498640
vn -0.798531 0.387039 -0.461031
vn -0.866456 0.387039 -0.315364
vn -0.694620 0.673487 -0.252821
vn -0.694620 0.673487 -0.252821
vn -0.640166 0.673486 -0.369599
vn -0.798531 0.387039 -0.461031
vn -0.640166 0.673486 -0.369599
vn -0.694620 0.673487 -0.252821
vn -0.562900 0.800730 -0.204879
vn -0.562900 0.800730 -0.204879
vn -0.518772 0.800730 -0.299513
vn -0.640166 0.673486 -0.369599
vn -0.518772 0.800730 -0.299513
vn -0.562900 0.800730 -0.204879
vn -0.481174 0.858953 -0.175133
vn -0.481174 0.858953 -0.175133
vn -0.443452 0.858953 -0.256027
vn -0.518772 0.800730 -0.299513
vn -0.443452 0.858953 -0.256027
vn -0.481174 0.858953 -0.175133
vn -0.433055 0.887479 -0.157619
vn -0.433055 0.887479 -0.157619
vn -0.399106 0.887479 -0.230423
vn -0.443452 0.858953 -0.256027
vn -0.399106 0.887479 -0.230423
vn -0.433055 0.887479 -0.157619
vn -0.407583 0.901038 -0.148348
vn -0.407583 0.901038 -0.148348
vn -0.375631 0.901038 -0.216870
vn -0.399106 0.887479 -0.230423
vn -0.375631 0.901038 -0.216870
vn -0.407583 0.901038 -0.148348
vn -0.399374 0.905191 -0.145360
vn -0.399374 0.905191 -0.145360
vn -0.368065 0.905191 -0.212502
vn -0.375631 0.901038 -0.216870
vn -0.866026 0.000001 -0.500000
vn -0.939693 0.000000 -0.342020
vn -0.939693 0.000000 -0.342020
vn -0.939693 0.000000 -0.342020
vn -0.866026 0.000001 -0.500000
vn -0.866026 0.000001 -0.500000
vn -0.233884 -0.962842 -0.135032
vn -0.253781 -0.962841 -0.092369
vn -0.305885 -0.945536 -0.111333
vn -0.305885 -0.945536 -0.111333
vn -0.281905 -0.945537 -0.162757
vn -0.233884 -0.962842 -0.135032
vn -0.281905 -0.945537 -0.162757
vn -0.305885 -0.945536 -0.111333
vn -0.397188 -0.906280 -0.144564
vn -0.397188 -0.906280 -0.144564
vn -0.366050 -0.906280 -0.211339
vn -0.281905 -0.945537 -0.162757
vn -0.366050 -0.906280 -0.211339
vn -0.397188 -0.906280 -0.144564
vn -0.479656 -0.859914 -0.174580
vn -0.479656 -0.859914 -0.174580
vn -0.442053 -0.859914 -0.255219
vn -0.366050 -0.906280 -0.211339
vn -0.442053 -0.859914 -0.255219
vn -0.479656 -0.859914 -0.174580
vn -0.561675 -0.801703 -0.204433
vn -0.561675 -0.801703 -0.204433
vn -0.517644 -0.801703 -0.298861
vn -0.442053 -0.859914 -0.255219
vn -0.517644 -0.801703 -0.298861
vn -0.561675 -0.801703 -0.204433
vn -0.654866 -0.717175 -0.238351
vn -0.654866 -0.717175 -0.238351
vn -0.603529 -0.717174 -0.348447
vn -0.517644 -0.801703 -0.298861
vn -0.603529 -0.717174 -0.348447
vn -0.654866 -0.717175 -0.238351
vn -0.777997 -0.560836 -0.283167
vn -0.777997 -0.560836 -0.283167
vn -0.717005 -0.560837 -0.413962
vn -0.603529 -0.717174 -0.348447
vn -0.717005 -0.560837 -0.413962
vn -0.777997 -0.560836 -0.283167
vn -0.837567 -0.453374 -0.304849
vn -0.837567 -0.453374 -0.304849
vn -0.771905 -0.453377 -0.445659
vn -0.717005 -0.560837 -0.413962
vn -0.862893 0.084985 -0.498191
vn -0.936293 0.084984 -0.340782
vn -0.912686 0.238021 -0.332190
vn -0.912686 0.238021 -0.332190
vn -0.841136 0.238022 -0.485630
vn -0.862893 0.084985 -0.498191
vn -0.841136 0.238022 -0.485630
vn -0.912686 0.238021 -0.332190
vn -0.837198 0.454146 -0.304715
vn -0.837198 0.454146 -0.304715
vn -0.771565 0.454147 -0.445463
vn -0.841136 0.238022 -0.485630
vn -0.771565 0.454147 -0.445463
vn -0.837198 0.454146 -0.304715
vn -0.779966 0.557730 -0.283884
vn -0.779966 0.557730 -0.283884
vn -0.718821 0.557730 -0.415011
vn -0.771565 0.454147 -0.445463
vn -0.718821 0.557730 -0.415011
vn -0.779966 0.557730 -0.283884
vn -0.734602 0.623596 -0.267373
vn -0.734602 0.623596 -0.267373
vn -0.677013 0.623596 -0.390873
vn -0.718821 0.557730 -0.415011
vn -0.677013 0.623596 -0.390873
vn -0.734602 0.623596 -0.267373
vn -0.694462 0.673672 -0.252763
vn -0.694462 0.673672 -0.252763
vn -0.640020 0.673672 -0.369515
vn -0.677013 0.623596 -0.390873
vn -0.640020 0.673672 -0.369515
vn -0.694462 0.673672 -0.252763
vn -0.655676 0.716335 -0.238647
vn -0.655676 0.716335 -0.238647
vn -0.604275 0.716335 -0.348878
vn -0.640020 0.673672 -0.369515
vn -0.604275 0.716335 -0.348878
vn -0.655676 0.716335 -0.238647
vn -0.635189 0.736944 -0.231190
vn -0.635189 0.736944 -0.231190
vn -0.585393 0.736944 -0.337977
vn -0.604275 0.716335 -0.348878
vn -0.865920 0.015597 -0.499939
vn -0.939578 0.015597 -0.341979
vn -0.939578 0.015597 -0.341978
vn -0.939578 0.015597 -0.341978
vn -0.865920 0.015597 -0.499939
vn -0.865920 0.015597 -0.499939
vn -0.260578 0.953659 -0.150445
vn -0.282744 0.953659 -0.102910
vn -0.282744 0.953659 -0.102911
vn -0.282744 0.953659 -0.102911
vn -0.260578 0.953659 -0.150445
vn -0.260578 0.953659 -0.150445
vn -0.866026 0.000000 -0.499999
vn -0.939693 0.000000 -0.342020
vn -0.939693 0.000000 -0.342020
vn -0.939693 0.000000 -0.342020
vn -0.866026 0.000000 -0.499999
vn -0.866026 0.000000 -0.499999
vn -0.451474 -0.853363 -0.260658
vn -0.489876 -0.853364 -0.178300
vn -0.494252 -0.850502 -0.179892
vn -0.494252 -0.850502 -0.179892
vn -0.455507 -0.850501 -0.262987
vn -0.451474 -0.853363 -0.260658
vn -0.455507 -0.850501 -0.262987
vn -0.494252 -0.850502 -0.179892
vn -0.505988 -0.842651 -0.184164
vn -0.505988 -0.842651 -0.184164
vn -0.466320 -0.842651 -0.269230
vn -0.455507 -0.850501 -0.262987
vn -0.466320 -0.842651 -0.269230
vn -0.505988 -0.842651 -0.184164
vn -0.522688 -0.831026 -0.190243
vn -0.522688 -0.831026 -0.190243
vn -0.481711 -0.831028 -0.278115
vn -0.466320 -0.842651 -0.269230
vn -0.481711 -0.831028 -0.278115
vn -0.522688 -0.831026 -0.190243
vn -0.541605 -0.817193 -0.197128
vn -0.541605 -0.817193 -0.197128
vn -0.499146 -0.817193 -0.288182
vn -0.481711 -0.831028 -0.278115
vn -0.499146 -0.817193 -0.288182
vn -0.541605 -0.817193 -0.197128
vn -0.560493 -0.802640 -0.204002
vn -0.560493 -0.802640 -0.204002
vn -0.516555 -0.802638 -0.298233
vn -0.499146 -0.817193 -0.288182
vn -0.516555 -0.802638 -0.298233
vn -0.560493 -0.802640 -0.204002
vn -0.577952 -0.788493 -0.210357
vn -0.577952 -0.788493 -0.210357
vn -0.532643 -0.788493 -0.307521
vn -0.516555 -0.802638 -0.298233
vn -0.532643 -0.788493 -0.307521
vn -0.577952 -0.788493 -0.210357
vn -0.669420 -0.701792 -0.243649
vn -0.669420 -0.701792 -0.243649
vn -0.616941 -0.701792 -0.356191
vn -0.532643 -0.788493 -0.307521
vn -0.616941 -0.701792 -0.356191
vn -0.669420 -0.701792 -0.243649
vn -0.738244 -0.618706 -0.268698
vn -0.738244 -0.618706 -0.268698
vn -0.680370 -0.618705 -0.392811
vn -0.616941 -0.701792 -0.356191
vn -0.865166 0.044543 -0.499503
vn -0.938760 0.044544 -0.341680
vn -0.938760 0.044544 -0.341680
vn -0.938760 0.044544 -0.341680
vn -0.865166 0.044543 -0.499503
vn -0.865166 0.044543 -0.499503
vn -0.683383 0.614261 -0.394551
vn -0.741514 0.614261 -0.269889
vn -0.655150 0.716881 -0.238455
vn -0.655150 0.716881 -0.238455
vn -0.603789 0.716881 -0.348598
vn -0.683383 0.614261 -0.394551
vn -0.603789 0.716881 -0.348598
vn -0.655150 0.716881 -0.238455
vn -0.498641 0.847595 -0.181491
vn -0.498641 0.847595 -0.181491
vn -0.459551 0.847595 -0.265321
vn -0.603789 0.716881 -0.348598
vn -0.459551 0.847595 -0.265321
vn -0.498641 0.847595 -0.181491
vn -0.417048 0.896119 -0.151793
vn -0.417048 0.896119 -0.151793
vn -0.384354 0.896119 -0.221907
vn -0.459551 0.847595 -0.265321
vn -0.384354 0.896119 -0.221907
vn -0.417048 0.896119 -0.151793
vn -0.377588 0.915718 -0.137431
vn -0.377588 0.915718 -0.137431
vn -0.347987 0.915718 -0.200910
vn -0.384354 0.896119 -0.221907
vn -0.347987 0.915718 -0.200910
vn -0.377588 0.915718 -0.137431
vn -0.365408 0.921297 -0.132998
vn -0.365408 0.921297 -0.132998
vn -0.336762 0.921297 -0.194429
vn -0.347987 0.915718 -0.200910
vn -0.862180 0.094139 -0.497779
vn -0.935520 0.094139 -0.340501
vn -0.933866 0.111184 -0.339900
vn -0.933866 0.111184 -0.339900
vn -0.860656 0.111184 -0.496900
vn -0.862180 0.094139 -0.497779
vn -0.860656 0.111184 -0.496900
vn -0.933866 0.111184 -0.339900
vn -0.931913 0.128408 -0.339189
vn -0.931913 0.128408 -0.339189
vn -0.858856 0.128408 -0.495861
vn -0.860656 0.111184 -0.496900
vn -0.004020 -0.999989 -0.002320
vn -0.004362 -0.999989 -0.001587
vn -0.004362 -0.999989 -0.001587
vn -0.004362 -0.999989 -0.001587
vn -0.004020 -0.999989 -0.002320
vn -0.004020 -0.999989 -0.002320
vn -0.866025 0.000296 -0.500000
vn -0.939692 0.000296 -0.342021
vn -0.939692 0.000296 -0.342021
vn -0.939692 0.000296 -0.342021
vn -0.866025 0.000296 -0.500000
vn -0.866025 0.000296 -0.500000
vn 0.000710 -1.000000 0.000411
vn 0.000771 -1.000000 0.000281
vn 0.000771 -1.000000 0.000281
vn 0.000771 -1.000000 0.000281
vn 0.000710 -1.000000 0.000411
vn 0.000710 -1.000000 0.000411
vn -0.866025 -0.000076 -0.500000
vn -0.939693 -0.000076 -0.342020
vn -0.939693 -0.000076 -0.342020
vn -0.939693 -0.000076 -0.342020
vn -0.866025 -0.000076 -0.500000
vn -0.866025 -0.000076 -0.500000
vn 0.000285 -1.000000 0.000164
vn 0.000309 -1.000000 0.000112
vn 0.000309 -1.000000 0.000112
vn 0.000309 -1.000000 0.000112
vn 0.000285 -1.000000 0.000164
vn 0.000285 -1.000000 0.000164
vn -0.866025 0.000000 -0.500000
vn -0.939693 0.000000 -0.342020
vn -0.939693 0.000000 -0.342020
vn -0.939693 0.000000 -0.342020
vn -0.866025 0.000000 -0.500000
vn -0.866025 0.000000 -0.500000
vn 0.000367 -1.000000 0.000212
vn 0.000398 -1.000000 0.000145
vn 0.000398 -1.000000 0.000145
vn 0.000398 -1.000000 0.000145
vn 0.000367 -1.000000 0.000212
vn 0.000367 -1.000000 0.000212
vn -0.866025 0.000552 -0.500000
vn -0.939692 0.000552 -0.342021
vn -0.929325 -0.000128 -0.369262
vn -0.929325 -0.000128 -0.369262
vn -0.866029 -0.000480 -0.499994
vn -0.866025 0.000552 -0.500000
vn -0.001336 0.999999 -0.000771
vn -0.001472 0.999999 -0.000484
vn 0.000000 1.000000 0.000000
vn 0.000000 -1.000000 0.000000
vn 0.000000 -1.000000 0.000000
vn 0.000000 -1.000000 0.000000
vn -0.939693 0.000000 -0.342020
vn -0.984808 0.000000 -0.173648
vn -0.984808 0.000000 -0.173648
vn -0.984808 0.000000 -0.173648
vn -0.939693 0.000000 -0.342020
vn -0.939693 0.000000 -0.342020
vn -0.388798 -0.910391 -0.141511
vn -0.407464 -0.910391 -0.071847
vn -0.416186 -0.906313 -0.073385
vn -0.416186 -0.906313 -0.073385
vn -0.397121 -0.906313 -0.144540
vn -0.388798 -0.910391 -0.141511
vn -0.397121 -0.906313 -0.144540
vn -0.416186 -0.906313 -0.073385
vn -0.442970 -0.893128 -0.078107
vn -0.442970 -0.893128 -0.078107
vn -0.422677 -0.893128 -0.153842
vn -0.397121 -0.906313 -0.144540
vn -0.422677 -0.893128 -0.153842
vn -0.442970 -0.893128 -0.078107
vn -0.492493 -0.865973 -0.086840
vn -0.492493 -0.865973 -0.086840
vn -0.469931 -0.865974 -0.171041
vn -0.422677 -0.893128 -0.153842
vn -0.469931 -0.865974 -0.171041
vn -0.492493 -0.865973 -0.086840
vn -0.573657 -0.812826 -0.101151
vn -0.573657 -0.812826 -0.101151
vn -0.547378 -0.812825 -0.199229
vn -0.469931 -0.865974 -0.171041
vn -0.547378 -0.812825 -0.199229
vn -0.573657 -0.812826 -0.101151
vn -0.698573 -0.704857 -0.123177
vn -0.698573 -0.704857 -0.123177
vn -0.666570 -0.704857 -0.242612
vn -0.547378 -0.812825 -0.199229
vn -0.666570 -0.704857 -0.242612
vn -0.698573 -0.704857 -0.123177
vn -0.863142 -0.481480 -0.152195
vn -0.863142 -0.481480 -0.152195
vn -0.823601 -0.481479 -0.299766
vn -0.666570 -0.704857 -0.242612
vn -0.823601 -0.481479 -0.299766
vn -0.863142 -0.481480 -0.152195
vn -0.982130 -0.073692 -0.173176
vn -0.982130 -0.073692 -0.173176
vn -0.937138 -0.073691 -0.341090
vn -0.823601 -0.481479 -0.299766
vn -0.937138 -0.073691 -0.341090
vn -0.982130 -0.073692 -0.173176
vn -0.908055 0.387040 -0.160114
vn -0.908055 0.387040 -0.160114
vn -0.866456 0.387039 -0.315364
vn -0.937138 -0.073691 -0.341090
vn -0.866456 0.387039 -0.315364
vn -0.908055 0.387040 -0.160114
vn -0.727969 0.673487 -0.128360
vn -0.727969 0.673487 -0.128360
vn -0.694620 0.673487 -0.252821
vn -0.866456 0.387039 -0.315364
vn -0.694620 0.673487 -0.252821
vn -0.727969 0.673487 -0.128360
vn -0.589925 0.800730 -0.104020
vn -0.589925 0.800730 -0.104020
vn -0.562900 0.800730 -0.204879
vn -0.694620 0.673487 -0.252821
vn -0.562900 0.800730 -0.204879
vn -0.589925 0.800730 -0.104020
vn -0.504275 0.858953 -0.088917
vn -0.504275 0.858953 -0.088917
vn -0.481174 0.858953 -0.175133
vn -0.562900 0.800730 -0.204879
vn -0.481174 0.858953 -0.175133
vn -0.504275 0.858953 -0.088917
vn -0.453847 0.887479 -0.080025
vn -0.453847 0.887479 -0.080025
vn -0.433055 0.887479 -0.157619
vn -0.481174 0.858953 -0.175133
vn -0.433055 0.887479 -0.157619
vn -0.453847 0.887479 -0.080025
vn -0.427151 0.901038 -0.075318
vn -0.427151 0.901038 -0.075318
vn -0.407583 0.901038 -0.148348
vn -0.433055 0.887479 -0.157619
vn -0.407583 0.901038 -0.148348
vn -0.427151 0.901038 -0.075318
vn -0.418548 0.905191 -0.073801
vn -0.418548 0.905191 -0.073801
vn -0.399374 0.905191 -0.145360
vn -0.407583 0.901038 -0.148348
vn -0.939693 0.000000 -0.342020
vn -0.984808 0.000000 -0.173648
vn -0.984808 0.000000 -0.173648
vn -0.984808 0.000000 -0.173648
vn -0.939693 0.000000 -0.342020
vn -0.939693 0.000000 -0.342020
vn -0.253781 -0.962841 -0.092369
vn -0.265965 -0.962841 -0.046897
vn -0.320571 -0.945536 -0.056525
vn -0.320571 -0.945536 -0.056525
vn -0.305885 -0.945536 -0.111333
vn -0.253781 -0.962841 -0.092369
vn -0.305885 -0.945536 -0.111333
vn -0.320571 -0.945536 -0.056525
vn -0.416257 -0.906280 -0.073397
vn -0.416257 -0.906280 -0.073397
vn -0.397188 -0.906280 -0.144564
vn -0.305885 -0.945536 -0.111333
vn -0.397188 -0.906280 -0.144564
vn -0.416257 -0.906280 -0.073397
vn -0.502685 -0.859914 -0.088637
vn -0.502685 -0.859914 -0.088637
vn -0.479656 -0.859914 -0.174580
vn -0.397188 -0.906280 -0.144564
vn -0.479656 -0.859914 -0.174580
vn -0.502685 -0.859914 -0.088637
vn -0.588642 -0.801703 -0.103794
vn -0.588642 -0.801703 -0.103794
vn -0.561675 -0.801703 -0.204433
vn -0.479656 -0.859914 -0.174580
vn -0.561675 -0.801703 -0.204433
vn -0.588642 -0.801703 -0.103794
vn -0.686306 -0.717175 -0.121014
vn -0.686306 -0.717175 -0.121014
vn -0.654866 -0.717175 -0.238351
vn -0.561675 -0.801703 -0.204433
vn -0.654866 -0.717175 -0.238351
vn -0.686306 -0.717175 -0.121014
vn -0.815349 -0.560836 -0.143768
vn -0.815349 -0.560836 -0.143768
vn -0.777997 -0.560836 -0.283167
vn -0.654866 -0.717175 -0.238351
vn -0.777997 -0.560836 -0.283167
vn -0.815349 -0.560836 -0.143768
vn -0.877779 -0.453374 -0.154776
vn -0.877779 -0.453374 -0.154776
vn -0.837567 -0.453374 -0.304849
vn -0.777997 -0.560836 -0.283167
vn -0.936293 0.084984 -0.340782
vn -0.981245 0.084985 -0.173020
vn -0.956504 0.238022 -0.168657
vn -0.956504 0.238022 -0.168657
vn -0.912686 0.238021 -0.332190
vn -0.936293 0.084984 -0.340782
vn -0.912686 0.238021 -0.332190
vn -0.956504 0.238022 -0.168657
vn -0.877392 0.454146 -0.154708
vn -0.877392 0.454146 -0.154708
vn -0.837198 0.454146 -0.304715
vn -0.912686 0.238021 -0.332190
vn -0.837198 0.454146 -0.304715
vn -0.877392 0.454146 -0.154708
vn -0.817413 0.557729 -0.144132
vn -0.817413 0.557729 -0.144132
vn -0.779966 0.557730 -0.283884
vn -0.837198 0.454146 -0.304715
vn -0.779966 0.557730 -0.283884
vn -0.817413 0.557729 -0.144132
vn -0.769871 0.623596 -0.135749
vn -0.769871 0.623596 -0.135749
vn -0.734602 0.623596 -0.267373
vn -0.779966 0.557730 -0.283884
vn -0.734602 0.623596 -0.267373
vn -0.769871 0.623596 -0.135749
vn -0.727803 0.673672 -0.128331
vn -0.727803 0.673672 -0.128331
vn -0.694462 0.673672 -0.252763
vn -0.734602 0.623596 -0.267373
vn -0.694462 0.673672 -0.252763
vn -0.727803 0.673672 -0.128331
vn -0.687156 0.716335 -0.121164
vn -0.687156 0.716335 -0.121164
vn -0.655676 0.716335 -0.238647
vn -0.694462 0.673672 -0.252763
vn -0.655676 0.716335 -0.238647
vn -0.687156 0.716335 -0.121164
vn -0.665684 0.736944 -0.117378
vn -0.665684 0.736944 -0.117378
vn -0.635189 0.736944 -0.231190
vn -0.655676 0.716335 -0.238647
vn -0.939578 0.015597 -0.341979
vn -0.984688 0.015597 -0.173627
vn -0.984688 0.015597 -0.173627
vn -0.984688 0.015597 -0.173627
vn -0.939578 0.015597 -0.341978
vn -0.939578 0.015597 -0.341979
vn -0.282744 0.953659 -0.102910
vn -0.296319 0.953659 -0.052249
vn -0.296319 0.953659 -0.052249
vn -0.296319 0.953659 -0.052249
vn -0.282744 0.953659 -0.102911
vn -0.282744 0.953659 -0.102910
vn -0.939693 0.000000 -0.342020
vn -0.984808 0.000000 -0.173648
vn -0.984808 0.000000 -0.173648
vn -0.984808 0.000000 -0.173648
vn -0.939693 0.000000 -0.342020
vn -0.939693 0.000000 -0.342020
vn -0.489876 -0.853364 -0.178300
vn -0.513398 -0.853363 -0.090526
vn -0.517983 -0.850501 -0.091334
vn -0.517983 -0.850501 -0.091334
vn -0.494252 -0.850502 -0.179892
vn -0.489876 -0.853364 -0.178300
vn -0.494252 -0.850502 -0.179892
vn -0.517983 -0.850501 -0.091334
vn -0.530281 -0.842650 -0.093503
vn -0.530281 -0.842650 -0.093503
vn -0.505988 -0.842651 -0.184164
vn -0.494252 -0.850502 -0.179892
vn -0.505988 -0.842651 -0.184164
vn -0.530281 -0.842650 -0.093503
vn -0.547782 -0.831027 -0.096588
vn -0.547782 -0.831027 -0.096588
vn -0.522688 -0.831026 -0.190243
vn -0.505988 -0.842651 -0.184164
vn -0.522688 -0.831026 -0.190243
vn -0.547782 -0.831027 -0.096588
vn -0.567608 -0.817193 -0.100084
vn -0.567608 -0.817193 -0.100084
vn -0.541605 -0.817193 -0.197128
vn -0.522688 -0.831026 -0.190243
vn -0.541605 -0.817193 -0.197128
vn -0.567608 -0.817193 -0.100084
vn -0.587402 -0.802640 -0.103575
vn -0.587402 -0.802640 -0.103575
vn -0.560493 -0.802640 -0.204002
vn -0.541605 -0.817193 -0.197128
vn -0.560493 -0.802640 -0.204002
vn -0.587402 -0.802640 -0.103575
vn -0.605699 -0.788493 -0.106801
vn -0.605699 -0.788493 -0.106801
vn -0.577952 -0.788493 -0.210357
vn -0.560493 -0.802640 -0.204002
vn -0.577952 -0.788493 -0.210357
vn -0.605699 -0.788493 -0.106801
vn -0.701561 -0.701790 -0.123704
vn -0.701561 -0.701790 -0.123704
vn -0.669420 -0.701792 -0.243649
vn -0.577952 -0.788493 -0.210357
vn -0.669420 -0.701792 -0.243649
vn -0.701561 -0.701790 -0.123704
vn -0.773688 -0.618705 -0.136422
vn -0.773688 -0.618705 -0.136422
vn -0.738244 -0.618706 -0.268698
vn -0.669420 -0.701792 -0.243649
vn -0.938760 0.044544 -0.341680
vn -0.983831 0.044541 -0.173475
vn -0.983831 0.044541 -0.173475
vn -0.983831 0.044541 -0.173475
vn -0.938760 0.044544 -0.341680
vn -0.938760 0.044544 -0.341680
vn -0.741514 0.614261 -0.269889
vn -0.777114 0.614262 -0.137026
vn -0.686603 0.716881 -0.121067
vn -0.686603 0.716881 -0.121067
vn -0.655150 0.716881 -0.238455
vn -0.741514 0.614261 -0.269889
vn -0.655150 0.716881 -0.238455
vn -0.686603 0.716881 -0.121067
vn -0.522582 0.847595 -0.092145
vn -0.522582 0.847595 -0.092145
vn -0.498641 0.847595 -0.181491
vn -0.655150 0.716881 -0.238455
vn -0.498641 0.847595 -0.181491
vn -0.522582 0.847595 -0.092145
vn -0.437072 0.896119 -0.077068
vn -0.437072 0.896119 -0.077068
vn -0.417048 0.896119 -0.151793
vn -0.498641 0.847595 -0.181491
vn -0.417048 0.896119 -0.151793
vn -0.437072 0.896119 -0.077068
vn -0.395717 0.915718 -0.069776
vn -0.395717 0.915718 -0.069776
vn -0.377588 0.915718 -0.137431
vn -0.417048 0.896119 -0.151793
vn -0.377588 0.915718 -0.137431
vn -0.395717 0.915718 -0.069776
vn -0.382951 0.921297 -0.067525
vn -0.382951 0.921297 -0.067525
vn -0.365408 0.921297 -0.132998
vn -0.377588 0.915718 -0.137431
vn -0.935520 0.094139 -0.340501
vn -0.980434 0.094139 -0.172877
vn -0.978702 0.111184 -0.172572
vn -0.978702 0.111184 -0.172572
vn -0.933866 0.111184 -0.339900
vn -0.935520 0.094139 -0.340501
vn -0.933866 0.111184 -0.339900
vn -0.978702 0.111184 -0.172572
vn -0.976655 0.128408 -0.172211
vn -0.976655 0.128408 -0.172211
vn -0.931913 0.128408 -0.339189
vn -0.933866 0.111184 -0.339900
vn -0.004362 -0.999989 -0.001587
vn -0.004571 -0.999989 -0.000806
vn -0.004571 -0.999989 -0.000806
vn -0.004571 -0.999989 -0.000806
vn -0.004362 -0.999989 -0.001587
vn -0.004362 -0.999989 -0.001587
vn -0.939692 0.000296 -0.342021
vn -0.984808 0.000296 -0.173649
vn -0.984808 0.000296 -0.173649
vn -0.984808 0.000296 -0.173649
vn -0.939692 0.000296 -0.342021
vn -0.939692 0.000296 -0.342021
vn 0.000771 -1.000000 0.000281
vn 0.000808 -1.000000 0.000142
vn 0.000808 -1.000000 0.000142
vn 0.000808 -1.000000 0.000142
vn 0.000771 -1.000000 0.000281
vn 0.000771 -1.000000 0.000281
vn -0.939693 -0.000076 -0.342020
vn -0.984808 -0.000076 -0.173649
vn -0.984808 -0.000076 -0.173649
vn -0.984808 -0.000076 -0.173649
vn -0.939693 -0.000076 -0.342020
vn -0.939693 -0.000076 -0.342020
vn 0.000309 -1.000000 0.000112
vn 0.000324 -1.000000 0.000057
vn 0.000324 -1.000000 0.000057
vn 0.000324 -1.000000 0.000057
vn 0.000309 -1.000000 0.000112
vn 0.000309 -1.000000 0.000112
vn -0.939693 0.000000 -0.342020
vn -0.984808 0.000000 -0.173649
vn -0.984808 0.000000 -0.173649
vn -0.984808 0.000000 -0.173649
vn -0.939693 0.000000 -0.342020
vn -0.939693 0.000000 -0.342020
vn 0.000398 -1.000000 0.000145
vn 0.000417 -1.000000 0.000073
vn 0.000417 -1.000000 0.000073
vn 0.000417 -1.000000 0.000073
vn 0.000398 -1.000000 0.000145
vn 0.000398 -1.000000 0.000145
vn -0.939692 0.000552 -0.342021
vn -0.984807 0.000553 -0.173649
vn -0.984807 0.000553 -0.173649
vn -0.984807 0.000553 -0.173649
vn -0.929325 -0.000128 -0.369262
vn -0.939692 0.000552 -0.342021
vn -0.001472 0.999999 -0.000484
vn -0.001528 0.999999 -0.000269
vn 0.000000 1.000000 0.000000
vn 0.000000 -1.000000 0.000000
vn 0.000000 -1.000000 0.000000
vn 0.000000 -1.000000 0.000000
vn -0.984808 0.000000 -0.173648
vn -1.000000 0.000000 0.000000
vn -1.000000 0.000000 0.000000
vn -1.000000 0.000000 0.000000
vn -0.984808 0.000000 -0.173648
vn -0.984808 0.000000 -0.173648
vn -0.407464 -0.910391 -0.071847
vn -0.413751 -0.910390 0.000000
vn -0.422607 -0.906313 0.000000
vn -0.422607 -0.906313 0.000000
vn -0.416186 -0.906313 -0.073385
vn -0.407464 -0.910391 -0.071847
vn -0.416186 -0.906313 -0.073385
vn -0.422607 -0.906313 0.000000
vn -0.449803 -0.893128 0.000000
vn -0.449803 -0.893128 0.000000
vn -0.442970 -0.893128 -0.078107
vn -0.416186 -0.906313 -0.073385
vn -0.442970 -0.893128 -0.078107
vn -0.449803 -0.893128 0.000000
vn -0.500090 -0.865974 0.000000
vn -0.500090 -0.865974 0.000000
vn -0.492493 -0.865973 -0.086840
vn -0.442970 -0.893128 -0.078107
vn -0.492493 -0.865973 -0.086840
vn -0.500090 -0.865974 0.000000
vn -0.582507 -0.812826 0.000000
vn -0.582507 -0.812826 0.000000
vn -0.573657 -0.812826 -0.101151
vn -0.492493 -0.865973 -0.086840
vn -0.573657 -0.812826 -0.101151
vn -0.582507 -0.812826 0.000000
vn -0.709349 -0.704857 0.000000
vn -0.709349 -0.704857 0.000000
vn -0.698573 -0.704857 -0.123177
vn -0.573657 -0.812826 -0.101151
vn -0.698573 -0.704857 -0.123177
vn -0.709349 -0.704857 0.000000
vn -0.876459 -0.481477 0.000000
vn -0.876459 -0.481477 0.000000
vn -0.863142 -0.481480 -0.152195
vn -0.698573 -0.704857 -0.123177
vn -0.863142 -0.481480 -0.152195
vn -0.876459 -0.481477 0.000000
vn -0.997281 -0.073695 0.000000
vn -0.997281 -0.073695 0.000000
vn -0.982130 -0.073692 -0.173176
vn -0.863142 -0.481480 -0.152195
vn -0.982130 -0.073692 -0.173176
vn -0.997281 -0.073695 0.000000
vn -0.922064 0.387038 0.000000
vn -0.922064 0.387038 0.000000
vn -0.908055 0.387040 -0.160114
vn -0.982130 -0.073692 -0.173176
vn -0.908055 0.387040 -0.160114
vn -0.922064 0.387038 0.000000
vn -0.739197 0.673490 0.000000
vn -0.739197 0.673490 0.000000
vn -0.727969 0.673487 -0.128360
vn -0.908055 0.387040 -0.160114
vn -0.727969 0.673487 -0.128360
vn -0.739197 0.673490 0.000000
vn -0.599027 0.800729 0.000000
vn -0.599027 0.800729 0.000000
vn -0.589925 0.800730 -0.104020
vn -0.727969 0.673487 -0.128360
vn -0.589925 0.800730 -0.104020
vn -0.599027 0.800729 0.000000
vn -0.512055 0.858953 0.000000
vn -0.512055 0.858953 0.000000
vn -0.504275 0.858953 -0.088917
vn -0.589925 0.800730 -0.104020
vn -0.504275 0.858953 -0.088917
vn -0.512055 0.858953 0.000000
vn -0.460847 0.887480 0.000000
vn -0.460847 0.887480 0.000000
vn -0.453847 0.887479 -0.080025
vn -0.504275 0.858953 -0.088917
vn -0.453847 0.887479 -0.080025
vn -0.460847 0.887480 0.000000
vn -0.433741 0.901038 0.000000
vn -0.433741 0.901038 0.000000
vn -0.427151 0.901038 -0.075318
vn -0.453847 0.887479 -0.080025
vn -0.427151 0.901038 -0.075318
vn -0.433741 0.901038 0.000000
vn -0.425006 0.905191 0.000000
vn -0.425006 0.905191 0.000000
vn -0.418548 0.905191 -0.073801
vn -0.427151 0.901038 -0.075318
vn -0.984808 0.000000 -0.173648
vn -1.000000 0.000000 0.000000
vn -1.000000 0.000000 0.000000
vn -1.000000 0.000000 0.000000
vn -0.984808 0.000000 -0.173648
vn -0.984808 0.000000 -0.173648
vn -0.265965 -0.962841 -0.046897
vn -0.270068 -0.962841 0.000000
vn -0.325516 -0.945536 0.000000
vn -0.325516 -0.945536 0.000000
vn -0.320571 -0.945536 -0.056525
vn -0.265965 -0.962841 -0.046897
vn -0.320571 -0.945536 -0.056525
vn -0.325516 -0.945536 0.000000
vn -0.422678 -0.906280 0.000000
vn -0.422678 -0.906280 0.000000
vn -0.416257 -0.906280 -0.073397
vn -0.320571 -0.945536 -0.056525
vn -0.416257 -0.906280 -0.073397
vn -0.422678 -0.906280 0.000000
vn -0.510439 -0.859914 0.000000
vn -0.510439 -0.859914 0.000000
vn -0.502685 -0.859914 -0.088637
vn -0.416257 -0.906280 -0.073397
vn -0.502685 -0.859914 -0.088637
vn -0.510439 -0.859914 0.000000
vn -0.597724 -0.801702 0.000000
vn -0.597724 -0.801702 0.000000
vn -0.588642 -0.801703 -0.103794
vn -0.502685 -0.859914 -0.088637
vn -0.588642 -0.801703 -0.103794
vn -0.597724 -0.801702 0.000000
vn -0.696895 -0.717174 0.000000
vn -0.696895 -0.717174 0.000000
vn -0.686306 -0.717175 -0.121014
vn -0.588642 -0.801703 -0.103794
vn -0.686306 -0.717175 -0.121014
vn -0.696895 -0.717174 0.000000
vn -0.827926 -0.560837 0.000000
vn -0.827926 -0.560837 0.000000
vn -0.815349 -0.560836 -0.143768
vn -0.686306 -0.717175 -0.121014
vn -0.815349 -0.560836 -0.143768
vn -0.827926 -0.560837 0.000000
vn -0.891319 -0.453377 0.000001
vn -0.891319 -0.453377 0.000001
vn -0.877779 -0.453374 -0.154776
vn -0.815349 -0.560836 -0.143768
vn -0.981245 0.084985 -0.173020
vn -0.996383 0.084982 0.000001
vn -0.971260 0.238021 0.000000
vn -0.971260 0.238021 0.000000
vn -0.956504 0.238022 -0.168657
vn -0.981245 0.084985 -0.173020
vn -0.956504 0.238022 -0.168657
vn -0.971260 0.238021 0.000000
vn -0.890927 0.454147 -0.000000
vn -0.890927 0.454147 -0.000000
vn -0.877392 0.454146 -0.154708
vn -0.956504 0.238022 -0.168657
vn -0.877392 0.454146 -0.154708
vn -0.890927 0.454147 -0.000000
vn -0.830023 0.557729 0.000000
vn -0.830023 0.557729 0.000000
vn -0.817413 0.557729 -0.144132
vn -0.877392 0.454146 -0.154708
vn -0.817413 0.557729 -0.144132
vn -0.830023 0.557729 0.000000
vn -0.781747 0.623596 0.000000
vn -0.781747 0.623596 0.000000
vn -0.769871 0.623596 -0.135749
vn -0.817413 0.557729 -0.144132
vn -0.769871 0.623596 -0.135749
vn -0.781747 0.623596 0.000000
vn -0.739031 0.673672 0.000000
vn -0.739031 0.673672 0.000000
vn -0.727803 0.673672 -0.128331
vn -0.769871 0.623596 -0.135749
vn -0.727803 0.673672 -0.128331
vn -0.739031 0.673672 0.000000
vn -0.697756 0.716335 0.000000
vn -0.697756 0.716335 0.000000
vn -0.687156 0.716335 -0.121164
vn -0.727803 0.673672 -0.128331
vn -0.687156 0.716335 -0.121164
vn -0.697756 0.716335 0.000000
vn -0.675954 0.736944 0.000000
vn -0.675954 0.736944 0.000000
vn -0.665684 0.736944 -0.117378
vn -0.687156 0.716335 -0.121164
vn -0.984688 0.015597 -0.173627
vn -0.999878 0.015597 0.000000
vn -0.999878 0.015597 0.000000
vn -0.999878 0.015597 0.000000
vn -0.984688 0.015597 -0.173627
vn -0.984688 0.015597 -0.173627
vn -0.296319 0.953659 -0.052249
vn -0.300890 0.953659 0.000000
vn -0.300890 0.953659 0.000000
vn -0.300890 0.953659 0.000000
vn -0.296319 0.953659 -0.052249
vn -0.296319 0.953659 -0.052249
vn -0.984808 0.000000 -0.173648
vn -1.000000 0.000000 0.000000
vn -1.000000 0.000000 0.000000
vn -1.000000 0.000000 0.000000
vn -0.984808 0.000000 -0.173648
vn -0.984808 0.000000 -0.173648
vn -0.513398 -0.853363 -0.090526
vn -0.521317 -0.853363 0.000000
vn -0.525972 -0.850502 0.000000
vn -0.525972 -0.850502 0.000000
vn -0.517983 -0.850501 -0.091334
vn -0.513398 -0.853363 -0.090526
vn -0.517983 -0.850501 -0.091334
vn -0.525972 -0.850502 0.000000
vn -0.538459 -0.842652 0.000000
vn -0.538459 -0.842652 0.000000
vn -0.530281 -0.842650 -0.093503
vn -0.517983 -0.850501 -0.091334
vn -0.530281 -0.842650 -0.093503
vn -0.538459 -0.842652 0.000000
vn -0.556233 -0.831026 0.000000
vn -0.556233 -0.831026 0.000000
vn -0.547782 -0.831027 -0.096588
vn -0.530281 -0.842650 -0.093503
vn -0.547782 -0.831027 -0.096588
vn -0.556233 -0.831026 0.000000
vn -0.576365 -0.817192 0.000000
vn -0.576365 -0.817192 0.000000
vn -0.567608 -0.817193 -0.100084
vn -0.547782 -0.831027 -0.096588
vn -0.567608 -0.817193 -0.100084
vn -0.576365 -0.817192 0.000000
vn -0.596464 -0.802640 0.000000
vn -0.596464 -0.802640 0.000000
vn -0.587402 -0.802640 -0.103575
vn -0.567608 -0.817193 -0.100084
vn -0.587402 -0.802640 -0.103575
vn -0.596464 -0.802640 0.000000
vn -0.615043 -0.788494 0.000000
vn -0.615043 -0.788494 0.000000
vn -0.605699 -0.788493 -0.106801
vn -0.587402 -0.802640 -0.103575
vn -0.605699 -0.788493 -0.106801
vn -0.615043 -0.788494 0.000000
vn -0.712382 -0.701792 0.000000
vn -0.712382 -0.701792 0.000000
vn -0.701561 -0.701790 -0.123704
vn -0.605699 -0.788493 -0.106801
vn -0.701561 -0.701790 -0.123704
vn -0.712382 -0.701792 0.000000
vn -0.785623 -0.618706 0.000000
vn -0.785623 -0.618706 0.000000
vn -0.773688 -0.618705 -0.136422
vn -0.701561 -0.701790 -0.123704
vn -0.983831 0.044541 -0.173475
vn -0.999007 0.044548 -0.000000
vn -0.999007 0.044548 -0.000000
vn -0.999007 0.044548 -0.000000
vn -0.983831 0.044541 -0.173475
vn -0.983831 0.044541 -0.173475
vn -0.777114 0.614262 -0.137026
vn -0.789104 0.614260 0.000000
vn -0.697196 0.716880 0.000000
vn -0.697196 0.716880 0.000000
vn -0.686603 0.716881 -0.121067
vn -0.777114 0.614262 -0.137026
vn -0.686603 0.716881 -0.121067
vn -0.697196 0.716880 0.000000
vn -0.530643 0.847595 0.000000
vn -0.530643 0.847595 0.000000
vn -0.522582 0.847595 -0.092145
vn -0.686603 0.716881 -0.121067
vn -0.522582 0.847595 -0.092145
vn -0.530643 0.847595 0.000000
vn -0.443814 0.896119 0.000000
vn -0.443814 0.896119 0.000000
vn -0.437072 0.896119 -0.077068
vn -0.522582 0.847595 -0.092145
vn -0.437072 0.896119 -0.077068
vn -0.443814 0.896119 0.000000
vn -0.401821 0.915718 0.000000
vn -0.401821 0.915718 0.000000
vn -0.395717 0.915718 -0.069776
vn -0.437072 0.896119 -0.077068
vn -0.395717 0.915718 -0.069776
vn -0.401821 0.915718 0.000000
vn -0.388859 0.921297 0.000000
vn -0.388859 0.921297 0.000000
vn -0.382951 0.921297 -0.067525
vn -0.395717 0.915718 -0.069776
vn -0.980434 0.094139 -0.172877
vn -0.995559 0.094139 0.000000
vn -0.993800 0.111184 0.000000
vn -0.993800 0.111184 0.000000
vn -0.978702 0.111184 -0.172572
vn -0.980434 0.094139 -0.172877
vn -0.978702 0.111184 -0.172572
vn -0.993800 0.111184 0.000000
vn -0.991721 0.128408 -0.000001
vn -0.991721 0.128408 -0.000001
vn -0.976655 0.128408 -0.172211
vn -0.978702 0.111184 -0.172572
vn -0.004571 -0.999989 -0.000806
vn -0.004642 -0.999989 0.000000
vn -0.004642 -0.999989 0.000000
vn -0.004642 -0.999989 0.000000
vn -0.004571 -0.999989 -0.000806
vn -0.004571 -0.999989 -0.000806
vn -0.984808 0.000296 -0.173649
vn -1.000000 0.000296 -0.000001
vn -1.000000 0.000296 -0.000001
vn -1.000000 0.000296 -0.000001
vn -0.984808 0.000296 -0.173649
vn -0.984808 0.000296 -0.173649
vn 0.000808 -1.000000 0.000142
vn 0.000821 -1.000000 0.000000
vn 0.000821 -1.000000 0.000000
vn 0.000821 -1.000000 0.000000
vn 0.000808 -1.000000 0.000142
vn 0.000808 -1.000000 0.000142
vn -0.984808 -0.000076 -0.173649
vn -1.000000 -0.000076 -0.000001
vn -1.000000 -0.000076 -0.000001
vn -1.000000 -0.000076 -0.000001
vn -0.984808 -0.000076 -0.173649
vn -0.984808 -0.000076 -0.173649
vn 0.000324 -1.000000 0.000057
vn 0.000329 -1.000000 0.000000
vn 0.000329 -1.000000 0.000000
vn 0.000329 -1.000000 0.000000
vn 0.000324 -1.000000 0.000057
vn 0.000324 -1.000000 0.000057
vn -0.984808 0.000000 -0.173649
vn -1.000000 0.000000 -0.000001
vn -1.000000 0.000000 -0.000001
vn -1.000000 0.000000 -0.000001
vn -0.984808 0.000000 -0.173649
vn -0.984808 0.000000 -0.173649
vn 0.000417 -1.000000 0.000073
vn 0.000423 -1.000000 0.000000
vn 0.000423 -1.000000 0.000000
vn 0.000423 -1.000000 0.000000
vn 0.000417 -1.000000 0.000073
vn 0.000417 -1.000000 0.000073
vn -0.984807 0.000553 -0.173649
vn -1.000000 0.000553 -0.000000
vn -0.999575 -0.000128 0.029144
vn -0.999575 -0.000128 0.029144
vn -0.984807 0.000553 -0.173649
vn -0.984807 0.000553 -0.173649
vn -0.001528 0.999999 -0.000269
vn -0.001549 0.999999 -0.000049
vn 0.000000 1.000000 0.000000
vn 0.000000 -1.000000 0.000000
vn 0.000000 -1.000000 0.000000
vn 0.000000 -1.000000 0.000000
vn -1.000000 0.000000 0.000000
vn -0.984808 0.000000 0.173649
vn -0.984808 0.000000 0.173649
vn -0.984808 0.000000 0.173649
vn -1.000000 0.000000 0.000000
vn -1.000000 0.000000 0.000000
vn -0.413751 -0.910390 0.000000
vn -0.407465 -0.910390 0.071847
vn -0.416186 -0.906313 0.073385
vn -0.416186 -0.906313 0.073385
vn -0.422607 -0.906313 0.000000
vn -0.413751 -0.910390 0.000000
vn -0.422607 -0.906313 0.000000
vn -0.416186 -0.906313 0.073385
vn -0.442970 -0.893128 0.078108
vn -0.442970 -0.893128 0.078108
vn -0.449803 -0.893128 0.000000
vn -0.422607 -0.906313 0.000000
vn -0.449803 -0.893128 0.000000
vn -0.442970 -0.893128 0.078108
vn -0.492493 -0.865973 0.086840
vn -0.492493 -0.865973 0.086840
vn -0.500090 -0.865974 0.000000
vn -0.449803 -0.893128 0.000000
vn -0.500090 -0.865974 0.000000
vn -0.492493 -0.865973 0.086840
vn -0.573658 -0.812825 0.101152
vn -0.573658 -0.812825 0.101152
vn -0.582507 -0.812826 0.000000
vn -0.500090 -0.865974 0.000000
vn -0.582507 -0.812826 0.000000
vn -0.573658 -0.812825 0.101152
vn -0.698572 -0.704858 0.123178
vn -0.698572 -0.704858 0.123178
vn -0.709349 -0.704857 0.000000
vn -0.582507 -0.812826 0.000000
vn -0.709349 -0.704857 0.000000
vn -0.698572 -0.704858 0.123178
vn -0.863142 -0.481479 0.152196
vn -0.863142 -0.481479 0.152196
vn -0.876459 -0.481477 0.000000
vn -0.709349 -0.704857 0.000000
vn -0.876459 -0.481477 0.000000
vn -0.863142 -0.481479 0.152196
vn -0.982130 -0.073693 0.173177
vn -0.982130 -0.073693 0.173177
vn -0.997281 -0.073695 0.000000
vn -0.876459 -0.481477 0.000000
vn -0.997281 -0.073695 0.000000
vn -0.982130 -0.073693 0.173177
vn -0.908055 0.387038 0.160115
vn -0.908055 0.387038 0.160115
vn -0.922064 0.387038 0.000000
vn -0.997281 -0.073695 0.000000
vn -0.922064 0.387038 0.000000
vn -0.908055 0.387038 0.160115
vn -0.727968 0.673488 0.128361
vn -0.727968 0.673488 0.128361
vn -0.739197 0.673490 0.000000
vn -0.922064 0.387038 0.000000
vn -0.739197 0.673490 0.000000
vn -0.727968 0.673488 0.128361
vn -0.589927 0.800729 0.104020
vn -0.589927 0.800729 0.104020
vn -0.599027 0.800729 0.000000
vn -0.739197 0.673490 0.000000
vn -0.599027 0.800729 0.000000
vn -0.589927 0.800729 0.104020
vn -0.504275 0.858953 0.088917
vn -0.504275 0.858953 0.088917
vn -0.512055 0.858953 0.000000
vn -0.599027 0.800729 0.000000
vn -0.512055 0.858953 0.000000
vn -0.504275 0.858953 0.088917
vn -0.453846 0.887479 0.080026
vn -0.453846 0.887479 0.080026
vn -0.460847 0.887480 0.000000
vn -0.512055 0.858953 0.000000
vn -0.460847 0.887480 0.000000
vn -0.453846 0.887479 0.080026
vn -0.427151 0.901038 0.075318
vn -0.427151 0.901038 0.075318
vn -0.433741 0.901038 0.000000
vn -0.460847 0.887480 0.000000
vn -0.433741 0.901038 0.000000
vn -0.427151 0.901038 0.075318
vn -0.418549 0.905191 0.073802
vn -0.418549 0.905191 0.073802
vn -0.425006 0.905191 0.000000
vn -0.433741 0.901038 0.000000
vn -1.000000 0.000000 0.000000
vn -0.984808 0.000000 0.173649
vn -0.984808 0.000000 0.173649
vn -0.984808 0.000000 0.173649
vn -1.000000 0.000000 0.000000
vn -1.000000 0.000000 0.000000
vn -0.270068 -0.962841 0.000000
vn -0.265964 -0.962842 0.046897
vn -0.320571 -0.945536 0.056525
vn -0.320571 -0.945536 0.056525
vn -0.325516 -0.945536 0.000000
vn -0.270068 -0.962841 0.000000
vn -0.325516 -0.945536 0.000000
vn -0.320571 -0.945536 0.056525
vn -0.416257 -0.906280 0.073398
vn -0.416257 -0.906280 0.073398
vn -0.422678 -0.906280 0.000000
vn -0.325516 -0.945536 0.000000
vn -0.422678 -0.906280 0.000000
vn -0.416257 -0.906280 0.073398
vn -0.502683 -0.859915 0.088637
vn -0.502683 -0.859915 0.088637
vn -0.510439 -0.859914 0.000000
vn -0.422678 -0.906280 0.000000
vn -0.510439 -0.859914 0.000000
vn -0.502683 -0.859915 0.088637
vn -0.588641 -0.801704 0.103794
vn -0.588641 -0.801704 0.103794
vn -0.597724 -0.801702 0.000000
vn -0.510439 -0.859914 0.000000
vn -0.597724 -0.801702 0.000000
vn -0.588641 -0.801704 0.103794
vn -0.686308 -0.717173 0.121015
vn -0.686308 -0.717173 0.121015
vn -0.696895 -0.717174 0.000000
vn -0.597724 -0.801702 0.000000
vn -0.696895 -0.717174 0.000000
vn -0.686308 -0.717173 0.121015
vn -0.815351 -0.560833 0.143768
vn -0.815351 -0.560833 0.143768
vn -0.827926 -0.560837 0.000000
vn -0.696895 -0.717174 0.000000
vn -0.827926 -0.560837 0.000000
vn -0.815351 -0.560833 0.143768
vn -0.877779 -0.453374 0.154776
vn -0.877779 -0.453374 0.154776
vn -0.891319 -0.453377 0.000001
vn -0.827926 -0.560837 0.000000
vn -0.996383 0.084982 0.000001
vn -0.981245 0.084985 0.173020
vn -0.956505 0.238020 0.168658
vn -0.956505 0.238020 0.168658
vn -0.971260 0.238021 0.000000
vn -0.996383 0.084982 0.000001
vn -0.971260 0.238021 0.000000
vn -0.956505 0.238020 0.168658
vn -0.877392 0.454145 0.154709
vn -0.877392 0.454145 0.154709
vn -0.890927 0.454147 -0.000000
vn -0.971260 0.238021 0.000000
vn -0.890927 0.454147 -0.000000
vn -0.877392 0.454145 0.154709
vn -0.817412 0.557730 0.144132
vn -0.817412 0.557730 0.144132
vn -0.830023 0.557729 0.000000
vn -0.890927 0.454147 -0.000000
vn -0.830023 0.557729 0.000000
vn -0.817412 0.557730 0.144132
vn -0.769870 0.623596 0.135749
vn -0.769870 0.623596 0.135749
vn -0.781747 0.623596 0.000000
vn -0.830023 0.557729 0.000000
vn -0.781747 0.623596 0.000000
vn -0.769870 0.623596 0.135749
vn -0.727803 0.673672 0.128332
vn -0.727803 0.673672 0.128332
vn -0.739031 0.673672 0.000000
vn -0.781747 0.623596 0.000000
vn -0.739031 0.673672 0.000000
vn -0.727803 0.673672 0.128332
vn -0.687156 0.716335 0.121164
vn -0.687156 0.716335 0.121164
vn -0.697756 0.716335 0.000000
vn -0.739031 0.673672 0.000000
vn -0.697756 0.716335 0.000000
vn -0.687156 0.716335 0.121164
vn -0.665684 0.736944 0.117378
vn -0.665684 0.736944 0.117378
vn -0.675954 0.736944 0.000000
vn -0.697756 0.716335 0.000000
vn -0.999878 0.015597 0.000000
vn -0.984688 0.015597 0.173627
vn -0.984688 0.015597 0.173628
vn -0.984688 0.015597 0.173628
vn -0.999878 0.015597 0.000000
vn -0.999878 0.015597 0.000000
vn -0.300890 0.953659 0.000000
vn -0.296319 0.953659 0.052249
vn -0.296319 0.953659 0.052249
vn -0.296319 0.953659 0.052249
vn -0.300890 0.953659 0.000000
vn -0.300890 0.953659 0.000000
vn -1.000000 0.000000 0.000000
vn -0.984808 0.000000 0.173648
vn -0.984808 0.000000 0.173648
vn -0.984808 0.000000 0.173648
vn -1.000000 0.000000 0.000000
vn -1.000000 0.000000 0.000000
vn -0.521317 -0.853363 0.000000
vn -0.513394 -0.853365 0.090526
vn -0.517981 -0.850502 0.091334
vn -0.517981 -0.850502 0.091334
vn -0.525972 -0.850502 0.000000
vn -0.521317 -0.853363 0.000000
vn -0.525972 -0.850502 0.000000
vn -0.517981 -0.850502 0.091334
vn -0.530280 -0.842651 0.093503
vn -0.530280 -0.842651 0.093503
vn -0.538459 -0.842652 0.000000
vn -0.525972 -0.850502 0.000000
vn -0.538459 -0.842652 0.000000
vn -0.530280 -0.842651 0.093503
vn -0.547781 -0.831027 0.096589
vn -0.547781 -0.831027 0.096589
vn -0.556233 -0.831026 0.000000
vn -0.538459 -0.842652 0.000000
vn -0.556233 -0.831026 0.000000
vn -0.547781 -0.831027 0.096589
vn -0.567608 -0.817193 0.100085
vn -0.567608 -0.817193 0.100085
vn -0.576365 -0.817192 0.000000
vn -0.556233 -0.831026 0.000000
vn -0.576365 -0.817192 0.000000
vn -0.567608 -0.817193 0.100085
vn -0.587404 -0.802639 0.103575
vn -0.587404 -0.802639 0.103575
vn -0.596464 -0.802640 0.000000
vn -0.576365 -0.817192 0.000000
vn -0.596464 -0.802640 0.000000
vn -0.587404 -0.802639 0.103575
vn -0.605699 -0.788493 0.106802
vn -0.605699 -0.788493 0.106802
vn -0.615043 -0.788494 0.000000
vn -0.596464 -0.802640 0.000000
vn -0.615043 -0.788494 0.000000
vn -0.605699 -0.788493 0.106802
vn -0.701560 -0.701791 0.123704
vn -0.701560 -0.701791 0.123704
vn -0.712382 -0.701792 0.000000
vn -0.615043 -0.788494 0.000000
vn -0.712382 -0.701792 0.000000
vn -0.701560 -0.701791 0.123704
vn -0.773688 -0.618705 0.136422
vn -0.773688 -0.618705 0.136422
vn -0.785623 -0.618706 0.000000
vn -0.712382 -0.701792 0.000000
vn -0.999007 0.044548 -0.000000
vn -0.983830 0.044541 0.173477
vn -0.983830 0.044541 0.173476
vn -0.983830 0.044541 0.173476
vn -0.999007 0.044548 -0.000000
vn -0.999007 0.044548 -0.000000
vn -0.789104 0.614260 0.000000
vn -0.777114 0.614262 0.137026
vn -0.686604 0.716881 0.121067
vn -0.686604 0.716881 0.121067
vn -0.697196 0.716880 0.000000
vn -0.789104 0.614260 0.000000
vn -0.697196 0.716880 0.000000
vn -0.686604 0.716881 0.121067
vn -0.522582 0.847595 0.092145
vn -0.522582 0.847595 0.092145
vn -0.530643 0.847595 0.000000
vn -0.697196 0.716880 0.000000
vn -0.530643 0.847595 0.000000
vn -0.522582 0.847595 0.092145
vn -0.437071 0.896119 0.077067
vn -0.437071 0.896119 0.077067
vn -0.443814 0.896119 0.000000
vn -0.530643 0.847595 0.000000
vn -0.443814 0.896119 0.000000
vn -0.437071 0.896119 0.077067
vn -0.395717 0.915718 0.069776
vn -0.395717 0.915718 0.069776
vn -0.401821 0.915718 0.000000
vn -0.443814 0.896119 0.000000
vn -0.401821 0.915718 0.000000
vn -0.395717 0.915718 0.069776
vn -0.382951 0.921297 0.067525
vn -0.382951 0.921297 0.067525
vn -0.388859 0.921297 0.000000
vn -0.401821 0.915718 0.000000
vn -0.995559 0.094139 0.000000
vn -0.980434 0.094139 0.172878
vn -0.978702 0.111184 0.172572
vn -0.978702 0.111184 0.172572
vn -0.993800 0.111184 0.000000
vn -0.995559 0.094139 0.000000
vn -0.993800 0.111184 0.000000
vn -0.978702 0.111184 0.172572
vn -0.976655 0.128408 0.172210
vn -0.976655 0.128408 0.172210
vn -0.991721 0.128408 -0.000001
vn -0.993800 0.111184 0.000000
vn -0.004642 -0.999989 0.000000
vn -0.004571 -0.999989 0.000806
vn -0.004571 -0.999989 0.000806
vn -0.004571 -0.999989 0.000806
vn -0.004642 -0.999989 0.000000
vn -0.004642 -0.999989 0.000000
vn -1.000000 0.000296 -0.000001
vn -0.984808 0.000296 0.173648
vn -0.984808 0.000296 0.173648
vn -0.984808 0.000296 0.173648
vn -1.000000 0.000296 -0.000001
vn -1.000000 0.000296 -0.000001
vn 0.000821 -1.000000 0.000000
vn 0.000808 -1.000000 -0.000143
vn 0.000808 -1.000000 -0.000143
vn 0.000808 -1.000000 -0.000143
vn 0.000821 -1.000000 0.000000
vn 0.000821 -1.000000 0.000000
vn -1.000000 -0.000076 -0.000001
vn -0.984808 -0.000075 0.173648
vn -0.984808 -0.000075 0.173648
vn -0.984808 -0.000075 0.173648
vn -1.000000 -0.000076 -0.000001
vn -1.000000 -0.000076 -0.000001
vn 0.000329 -1.000000 0.000000
vn 0.000324 -1.000000 -0.000057
vn 0.000324 -1.000000 -0.000057
vn 0.000324 -1.000000 -0.000057
vn 0.000329 -1.000000 0.000000
vn 0.000329 -1.000000 0.000000
vn -1.000000 0.000000 -0.000001
vn -0.984808 0.000000 0.173648
vn -0.984808 0.000000 0.173648
vn -0.984808 0.000000 0.173648
vn -1.000000 0.000000 -0.000001
vn -1.000000 0.000000 -0.000001
vn 0.000423 -1.000000 0.000000
vn 0.000417 -1.000000 -0.000074
vn 0.000417 -1.000000 -0.000074
vn 0.000417 -1.000000 -0.000074
vn 0.000423 -1.000000 0.000000
vn 0.000423 -1.000000 0.000000
vn -1.000000 0.000553 -0.000000
vn -0.984808 0.000553 0.173648
vn -0.984809 -0.000480 0.173641
vn -0.984809 -0.000480 0.173641
vn -0.999575 -0.000128 0.029144
vn -1.000000 0.000553 -0.000000
vn -0.001549 0.999999 -0.000049
vn -0.001519 0.999999 0.000268
vn 0.000000 1.000000 0.000000
vn 0.000000 -1.000000 0.000000
vn 0.000000 -1.000000 0.000000
vn 0.000000 -1.000000 0.000000
vn -0.984808 0.000000 0.173649
vn -0.939692 0.000000 0.342021
vn -0.939692 0.000000 0.342021
vn -0.939692 0.000000 0.342021
vn -0.984808 0.000000 0.173649
vn -0.984808 0.000000 0.173649
vn -0.407465 -0.910390 0.071847
vn -0.388798 -0.910390 0.141511
vn -0.397120 -0.906313 0.144540
vn -0.397120 -0.906313 0.144540
vn -0.416186 -0.906313 0.073385
vn -0.407465 -0.910390 0.071847
vn -0.416186 -0.906313 0.073385
vn -0.397120 -0.906313 0.144540
vn -0.422677 -0.893128 0.153842
vn -0.422677 -0.893128 0.153842
vn -0.442970 -0.893128 0.078108
vn -0.416186 -0.906313 0.073385
vn -0.442970 -0.893128 0.078108
vn -0.422677 -0.893128 0.153842
vn -0.469931 -0.865973 0.171041
vn -0.469931 -0.865973 0.171041
vn -0.492493 -0.865973 0.086840
vn -0.442970 -0.893128 0.078108
vn -0.492493 -0.865973 0.086840
vn -0.469931 -0.865973 0.171041
vn -0.547378 -0.812825 0.199230
vn -0.547378 -0.812825 0.199230
vn -0.573658 -0.812825 0.101152
vn -0.492493 -0.865973 0.086840
vn -0.573658 -0.812825 0.101152
vn -0.547378 -0.812825 0.199230
vn -0.666570 -0.704857 0.242612
vn -0.666570 -0.704857 0.242612
vn -0.698572 -0.704858 0.123178
vn -0.573658 -0.812825 0.101152
vn -0.698572 -0.704858 0.123178
vn -0.666570 -0.704857 0.242612
vn -0.823600 -0.481479 0.299767
vn -0.823600 -0.481479 0.299767
vn -0.863142 -0.481479 0.152196
vn -0.698572 -0.704858 0.123178
vn -0.863142 -0.481479 0.152196
vn -0.823600 -0.481479 0.299767
vn -0.937138 -0.073690 0.341091
vn -0.937138 -0.073690 0.341091
vn -0.982130 -0.073693 0.173177
vn -0.863142 -0.481479 0.152196
vn -0.982130 -0.073693 0.173177
vn -0.937138 -0.073690 0.341091
vn -0.866456 0.387039 0.315365
vn -0.866456 0.387039 0.315365
vn -0.908055 0.387038 0.160115
vn -0.982130 -0.073693 0.173177
vn -0.908055 0.387038 0.160115
vn -0.866456 0.387039 0.315365
vn -0.694620 0.673487 0.252822
vn -0.694620 0.673487 0.252822
vn -0.727968 0.673488 0.128361
vn -0.908055 0.387038 0.160115
vn -0.727968 0.673488 0.128361
vn -0.694620 0.673487 0.252822
vn -0.562900 0.800729 0.204880
vn -0.562900 0.800729 0.204880
vn -0.589927 0.800729 0.104020
vn -0.727968 0.673488 0.128361
vn -0.589927 0.800729 0.104020
vn -0.562900 0.800729 0.204880
vn -0.481174 0.858953 0.175133
vn -0.481174 0.858953 0.175133
vn -0.504275 0.858953 0.088917
vn -0.589927 0.800729 0.104020
vn -0.504275 0.858953 0.088917
vn -0.481174 0.858953 0.175133
vn -0.433054 0.887480 0.157619
vn -0.433054 0.887480 0.157619
vn -0.453846 0.887479 0.080026
vn -0.504275 0.858953 0.088917
vn -0.453846 0.887479 0.080026
vn -0.433054 0.887480 0.157619
vn -0.407583 0.901038 0.148348
vn -0.407583 0.901038 0.148348
vn -0.427151 0.901038 0.075318
vn -0.453846 0.887479 0.080026
vn -0.427151 0.901038 0.075318
vn -0.407583 0.901038 0.148348
vn -0.399374 0.905191 0.145361
vn -0.399374 0.905191 0.145361
vn -0.418549 0.905191 0.073802
vn -0.427151 0.901038 0.075318
vn -0.984808 0.000000 0.173649
vn -0.939692 0.000000 0.342021
vn -0.939692 0.000000 0.342021
vn -0.939692 0.000000 0.342021
vn -0.984808 0.000000 0.173649
vn -0.984808 0.000000 0.173649
vn -0.265964 -0.962842 0.046897
vn -0.253781 -0.962841 0.092369
vn -0.305885 -0.945536 0.111334
vn -0.305885 -0.945536 0.111334
vn -0.320571 -0.945536 0.056525
vn -0.265964 -0.962842 0.046897
vn -0.320571 -0.945536 0.056525
vn -0.305885 -0.945536 0.111334
vn -0.397187 -0.906280 0.144565
vn -0.397187 -0.906280 0.144565
vn -0.416257 -0.906280 0.073398
vn -0.320571 -0.945536 0.056525
vn -0.416257 -0.906280 0.073398
vn -0.397187 -0.906280 0.144565
vn -0.479655 -0.859914 0.174581
vn -0.479655 -0.859914 0.174581
vn -0.502683 -0.859915 0.088637
vn -0.416257 -0.906280 0.073398
vn -0.502683 -0.859915 0.088637
vn -0.479655 -0.859914 0.174581
vn -0.561675 -0.801703 0.204434
vn -0.561675 -0.801703 0.204434
vn -0.588641 -0.801704 0.103794
vn -0.502683 -0.859915 0.088637
vn -0.588641 -0.801704 0.103794
vn -0.561675 -0.801703 0.204434
vn -0.654867 -0.717173 0.238353
vn -0.654867 -0.717173 0.238353
vn -0.686308 -0.717173 0.121015
vn -0.588641 -0.801704 0.103794
vn -0.686308 -0.717173 0.121015
vn -0.654867 -0.717173 0.238353
vn -0.777998 -0.560834 0.283169
vn -0.777998 -0.560834 0.283169
vn -0.815351 -0.560833 0.143768
vn -0.686308 -0.717173 0.121015
vn -0.815351 -0.560833 0.143768
vn -0.777998 -0.560834 0.283169
vn -0.837567 -0.453374 0.304850
vn -0.837567 -0.453374 0.304850
vn -0.877779 -0.453374 0.154776
vn -0.815351 -0.560833 0.143768
vn -0.981245 0.084985 0.173020
vn -0.936293 0.084985 0.340783
vn -0.912686 0.238021 0.332191
vn -0.912686 0.238021 0.332191
vn -0.956505 0.238020 0.168658
vn -0.981245 0.084985 0.173020
vn -0.956505 0.238020 0.168658
vn -0.912686 0.238021 0.332191
vn -0.837198 0.454146 0.304715
vn -0.837198 0.454146 0.304715
vn -0.877392 0.454145 0.154709
vn -0.956505 0.238020 0.168658
vn -0.877392 0.454145 0.154709
vn -0.837198 0.454146 0.304715
vn -0.779966 0.557730 0.283885
vn -0.779966 0.557730 0.283885
vn -0.817412 0.557730 0.144132
vn -0.877392 0.454145 0.154709
vn -0.817412 0.557730 0.144132
vn -0.779966 0.557730 0.283885
vn -0.734602 0.623596 0.267373
vn -0.734602 0.623596 0.267373
vn -0.769870 0.623596 0.135749
vn -0.817412 0.557730 0.144132
vn -0.769870 0.623596 0.135749
vn -0.734602 0.623596 0.267373
vn -0.694462 0.673672 0.252764
vn -0.694462 0.673672 0.252764
vn -0.727803 0.673672 0.128332
vn -0.769870 0.623596 0.135749
vn -0.727803 0.673672 0.128332
vn -0.694462 0.673672 0.252764
vn -0.655676 0.716335 0.238647
vn -0.655676 0.716335 0.238647
vn -0.687156 0.716335 0.121164
vn -0.727803 0.673672 0.128332
vn -0.687156 0.716335 0.121164
vn -0.655676 0.716335 0.238647
vn -0.635189 0.736944 0.231190
vn -0.635189 0.736944 0.231190
vn -0.665684 0.736944 0.117378
vn -0.687156 0.716335 0.121164
vn -0.984688 0.015597 0.173627
vn -0.939578 0.015597 0.341979
vn -0.939578 0.015597 0.341979
vn -0.939578 0.015597 0.341979
vn -0.984688 0.015597 0.173628
vn -0.984688 0.015597 0.173627
vn -0.296319 0.953659 0.052249
vn -0.282744 0.953659 0.102910
vn -0.282744 0.953659 0.102910
vn -0.282744 0.953659 0.102910
vn -0.296319 0.953659 0.052249
vn -0.296319 0.953659 0.052249
vn -0.984808 0.000000 0.173648
vn -0.939693 0.000000 0.342020
vn -0.939693 0.000000 0.342020
vn -0.939693 0.000000 0.342020
vn -0.984808 0.000000 0.173648
vn -0.984808 0.000000 0.173648
vn -0.513394 -0.853365 0.090526
vn -0.489879 -0.853362 0.178302
vn -0.494253 -0.850501 0.179894
vn -0.494253 -0.850501 0.179894
vn -0.517981 -0.850502 0.091334
vn -0.513394 -0.853365 0.090526
vn -0.517981 -0.850502 0.091334
vn -0.494253 -0.850501 0.179894
vn -0.505987 -0.842651 0.184165
vn -0.505987 -0.842651 0.184165
vn -0.530280 -0.842651 0.093503
vn -0.517981 -0.850502 0.091334
vn -0.530280 -0.842651 0.093503
vn -0.505987 -0.842651 0.184165
vn -0.522686 -0.831028 0.190243
vn -0.522686 -0.831028 0.190243
vn -0.547781 -0.831027 0.096589
vn -0.530280 -0.842651 0.093503
vn -0.547781 -0.831027 0.096589
vn -0.522686 -0.831028 0.190243
vn -0.541604 -0.817194 0.197128
vn -0.541604 -0.817194 0.197128
vn -0.567608 -0.817193 0.100085
vn -0.547781 -0.831027 0.096589
vn -0.567608 -0.817193 0.100085
vn -0.541604 -0.817194 0.197128
vn -0.560494 -0.802639 0.204004
vn -0.560494 -0.802639 0.204004
vn -0.587404 -0.802639 0.103575
vn -0.567608 -0.817193 0.100085
vn -0.587404 -0.802639 0.103575
vn -0.560494 -0.802639 0.204004
vn -0.577952 -0.788493 0.210358
vn -0.577952 -0.788493 0.210358
vn -0.605699 -0.788493 0.106802
vn -0.587404 -0.802639 0.103575
vn -0.605699 -0.788493 0.106802
vn -0.577952 -0.788493 0.210358
vn -0.669420 -0.701792 0.243649
vn -0.669420 -0.701792 0.243649
vn -0.701560 -0.701791 0.123704
vn -0.605699 -0.788493 0.106802
vn -0.701560 -0.701791 0.123704
vn -0.669420 -0.701792 0.243649
vn -0.738243 -0.618706 0.268699
vn -0.738243 -0.618706 0.268699
vn -0.773688 -0.618705 0.136422
vn -0.701560 -0.701791 0.123704
vn -0.983830 0.044541 0.173477
vn -0.938760 0.044545 0.341681
vn -0.938760 0.044544 0.341681
vn -0.938760 0.044544 0.341681
vn -0.983830 0.044541 0.173476
vn -0.983830 0.044541 0.173477
vn -0.777114 0.614262 0.137026
vn -0.741514 0.614261 0.269889
vn -0.655150 0.716881 0.238455
vn -0.655150 0.716881 0.238455
vn -0.686604 0.716881 0.121067
vn -0.777114 0.614262 0.137026
vn -0.686604 0.716881 0.121067
vn -0.655150 0.716881 0.238455
vn -0.498642 0.847595 0.181491
vn -0.498642 0.847595 0.181491
vn -0.522582 0.847595 0.092145
vn -0.686604 0.716881 0.121067
vn -0.522582 0.847595 0.092145
vn -0.498642 0.847595 0.181491
vn -0.417049 0.896119 0.151793
vn -0.417049 0.896119 0.151793
vn -0.437071 0.896119 0.077067
vn -0.522582 0.847595 0.092145
vn -0.437071 0.896119 0.077067
vn -0.417049 0.896119 0.151793
vn -0.377588 0.915718 0.137431
vn -0.377588 0.915718 0.137431
vn -0.395717 0.915718 0.069776
vn -0.437071 0.896119 0.077067
vn -0.395717 0.915718 0.069776
vn -0.377588 0.915718 0.137431
vn -0.365407 0.921298 0.132997
vn -0.365407 0.921298 0.132997
vn -0.382951 0.921297 0.067525
vn -0.395717 0.915718 0.069776
vn -0.980434 0.094139 0.172878
vn -0.935519 0.094139 0.340502
vn -0.933866 0.111184 0.339900
vn -0.933866 0.111184 0.339900
vn -0.978702 0.111184 0.172572
vn -0.980434 0.094139 0.172878
vn -0.978702 0.111184 0.172572
vn -0.933866 0.111184 0.339900
vn -0.931913 0.128408 0.339189
vn -0.931913 0.128408 0.339189
vn -0.976655 0.128408 0.172210
vn -0.978702 0.111184 0.172572
vn -0.004571 -0.999989 0.000806
vn -0.004362 -0.999989 0.001588
vn -0.004362 -0.999989 0.001588
vn -0.004362 -0.999989 0.001588
vn -0.004571 -0.999989 0.000806
vn -0.004571 -0.999989 0.000806
vn -0.984808 0.000296 0.173648
vn -0.939693 0.000296 0.342020
vn -0.939693 0.000296 0.342020
vn -0.939693 0.000296 0.342020
vn -0.984808 0.000296 0.173648
vn -0.984808 0.000296 0.173648
vn 0.000808 -1.000000 -0.000143
vn 0.000771 -1.000000 -0.000280
vn 0.000771 -1.000000 -0.000280
vn 0.000771 -1.000000 -0.000280
vn 0.000808 -1.000000 -0.000143
vn 0.000808 -1.000000 -0.000143
vn -0.984808 -0.000075 0.173648
vn -0.939693 -0.000076 0.342020
vn -0.939693 -0.000076 0.342020
vn -0.939693 -0.000076 0.342020
vn -0.984808 -0.000075 0.173648
vn -0.984808 -0.000075 0.173648
vn 0.000324 -1.000000 -0.000057
vn 0.000309 -1.000000 -0.000112
vn 0.000309 -1.000000 -0.000112
vn 0.000309 -1.000000 -0.000112
vn 0.000324 -1.000000 -0.000057
vn 0.000324 -1.000000 -0.000057
vn -0.984808 0.000000 0.173648
vn -0.939693 0.000000 0.342020
vn -0.939693 0.000000 0.342020
vn -0.939693 0.000000 0.342020
vn -0.984808 0.000000 0.173648
vn -0.984808 0.000000 0.173648
vn 0.000417 -1.000000 -0.000074
vn 0.000398 -1.000000 -0.000145
vn 0.000398 -1.000000 -0.000145
vn 0.000398 -1.000000 -0.000145
vn 0.000417 -1.000000 -0.000074
vn 0.000417 -1.000000 -0.000074
vn -0.984808 0.000553 0.173648
vn -0.939692 0.000553 0.342020
vn -0.939693 -0.000492 0.342020
vn -0.939693 -0.000492 0.342020
vn -0.984809 -0.000480 0.173641
vn -0.984808 0.000553 0.173648
vn -0.001519 0.999999 0.000268
vn -0.001450 0.999999 0.000528
vn 0.000000 1.000000 0.000000
vn 0.000000 -1.000000 0.000000
vn 0.000000 -1.000000 0.000000
vn 0.000000 -1.000000 0.000000
vn -0.939692 0.000000 0.342021
vn -0.866025 0.000000 0.500000
vn -0.866025 0.000000 0.500000
vn -0.866025 0.000000 0.500000
vn -0.939692 0.000000 0.342021
vn -0.939692 0.000000 0.342021
vn -0.388798 -0.910390 0.141511
vn -0.358319 -0.910390 0.206875
vn -0.365988 -0.906313 0.211304
vn -0.365988 -0.906313 0.211304
vn -0.397120 -0.906313 0.144540
vn -0.388798 -0.910390 0.141511
vn -0.397120 -0.906313 0.144540
vn -0.365988 -0.906313 0.211304
vn -0.389541 -0.893128 0.224902
vn -0.389541 -0.893128 0.224902
vn -0.422677 -0.893128 0.153842
vn -0.397120 -0.906313 0.144540
vn -0.422677 -0.893128 0.153842
vn -0.389541 -0.893128 0.224902
vn -0.433090 -0.865974 0.250045
vn -0.433090 -0.865974 0.250045
vn -0.469931 -0.865973 0.171041
vn -0.422677 -0.893128 0.153842
vn -0.469931 -0.865973 0.171041
vn -0.433090 -0.865974 0.250045
vn -0.504466 -0.812826 0.291254
vn -0.504466 -0.812826 0.291254
vn -0.547378 -0.812825 0.199230
vn -0.469931 -0.865973 0.171041
vn -0.547378 -0.812825 0.199230
vn -0.504466 -0.812826 0.291254
vn -0.614315 -0.704857 0.354675
vn -0.614315 -0.704857 0.354675
vn -0.666570 -0.704857 0.242612
vn -0.547378 -0.812825 0.199230
vn -0.666570 -0.704857 0.242612
vn -0.614315 -0.704857 0.354675
vn -0.759035 -0.481477 0.438229
vn -0.759035 -0.481477 0.438229
vn -0.823600 -0.481479 0.299767
vn -0.666570 -0.704857 0.242612
vn -0.823600 -0.481479 0.299767
vn -0.759035 -0.481477 0.438229
vn -0.863670 -0.073694 0.498641
vn -0.863670 -0.073694 0.498641
vn -0.937138 -0.073690 0.341091
vn -0.823600 -0.481479 0.299767
vn -0.937138 -0.073690 0.341091
vn -0.863670 -0.073694 0.498641
vn -0.798531 0.387037 0.461032
vn -0.798531 0.387037 0.461032
vn -0.866456 0.387039 0.315365
vn -0.937138 -0.073690 0.341091
vn -0.866456 0.387039 0.315365
vn -0.798531 0.387037 0.461032
vn -0.640164 0.673489 0.369599
vn -0.640164 0.673489 0.369599
vn -0.694620 0.673487 0.252822
vn -0.866456 0.387039 0.315365
vn -0.694620 0.673487 0.252822
vn -0.640164 0.673489 0.369599
vn -0.518772 0.800729 0.299513
vn -0.518772 0.800729 0.299513
vn -0.562900 0.800729 0.204880
vn -0.694620 0.673487 0.252822
vn -0.562900 0.800729 0.204880
vn -0.518772 0.800729 0.299513
vn -0.443452 0.858953 0.256028
vn -0.443452 0.858953 0.256028
vn -0.481174 0.858953 0.175133
vn -0.562900 0.800729 0.204880
vn -0.481174 0.858953 0.175133
vn -0.443452 0.858953 0.256028
vn -0.399105 0.887479 0.230424
vn -0.399105 0.887479 0.230424
vn -0.433054 0.887480 0.157619
vn -0.481174 0.858953 0.175133
vn -0.433054 0.887480 0.157619
vn -0.399105 0.887479 0.230424
vn -0.375631 0.901038 0.216871
vn -0.375631 0.901038 0.216871
vn -0.407583 0.901038 0.148348
vn -0.433054 0.887480 0.157619
vn -0.407583 0.901038 0.148348
vn -0.375631 0.901038 0.216871
vn -0.368065 0.905191 0.212503
vn -0.368065 0.905191 0.212503
vn -0.399374 0.905191 0.145361
vn -0.407583 0.901038 0.148348
vn -0.939692 0.000000 0.342021
vn -0.866025 0.000000 0.500000
vn -0.866025 0.000000 0.500000
vn -0.866025 0.000000 0.500000
vn -0.939692 0.000000 0.342021
vn -0.939692 0.000000 0.342021
vn -0.253781 -0.962841 0.092369
vn -0.233887 -0.962841 0.135035
vn -0.281906 -0.945536 0.162759
vn -0.281906 -0.945536 0.162759
vn -0.305885 -0.945536 0.111334
vn -0.253781 -0.962841 0.092369
vn -0.305885 -0.945536 0.111334
vn -0.281906 -0.945536 0.162759
vn -0.366050 -0.906280 0.211340
vn -0.366050 -0.906280 0.211340
vn -0.397187 -0.906280 0.144565
vn -0.305885 -0.945536 0.111334
vn -0.397187 -0.906280 0.144565
vn -0.366050 -0.906280 0.211340
vn -0.442053 -0.859914 0.255220
vn -0.442053 -0.859914 0.255220
vn -0.479655 -0.859914 0.174581
vn -0.397187 -0.906280 0.144565
vn -0.479655 -0.859914 0.174581
vn -0.442053 -0.859914 0.255220
vn -0.517643 -0.801703 0.298862
vn -0.517643 -0.801703 0.298862
vn -0.561675 -0.801703 0.204434
vn -0.479655 -0.859914 0.174581
vn -0.561675 -0.801703 0.204434
vn -0.517643 -0.801703 0.298862
vn -0.603529 -0.717172 0.348449
vn -0.603529 -0.717172 0.348449
vn -0.654867 -0.717173 0.238353
vn -0.561675 -0.801703 0.204434
vn -0.654867 -0.717173 0.238353
vn -0.603529 -0.717172 0.348449
vn -0.717006 -0.560835 0.413964
vn -0.717006 -0.560835 0.413964
vn -0.777998 -0.560834 0.283169
vn -0.654867 -0.717173 0.238353
vn -0.777998 -0.560834 0.283169
vn -0.717006 -0.560835 0.413964
vn -0.771904 -0.453377 0.445660
vn -0.771904 -0.453377 0.445660
vn -0.837567 -0.453374 0.304850
vn -0.777998 -0.560834 0.283169
vn -0.936293 0.084985 0.340783
vn -0.862892 0.084984 0.498191
vn -0.841136 0.238020 0.485630
vn -0.841136 0.238020 0.485630
vn -0.912686 0.238021 0.332191
vn -0.936293 0.084985 0.340783
vn -0.912686 0.238021 0.332191
vn -0.841136 0.238020 0.485630
vn -0.771566 0.454146 0.445464
vn -0.771566 0.454146 0.445464
vn -0.837198 0.454146 0.304715
vn -0.912686 0.238021 0.332191
vn -0.837198 0.454146 0.304715
vn -0.771566 0.454146 0.445464
vn -0.718821 0.557730 0.415012
vn -0.718821 0.557730 0.415012
vn -0.779966 0.557730 0.283885
vn -0.837198 0.454146 0.304715
vn -0.779966 0.557730 0.283885
vn -0.718821 0.557730 0.415012
vn -0.677013 0.623596 0.390874
vn -0.677013 0.623596 0.390874
vn -0.734602 0.623596 0.267373
vn -0.779966 0.557730 0.283885
vn -0.734602 0.623596 0.267373
vn -0.677013 0.623596 0.390874
vn -0.640019 0.673672 0.369515
vn -0.640019 0.673672 0.369515
vn -0.694462 0.673672 0.252764
vn -0.734602 0.623596 0.267373
vn -0.694462 0.673672 0.252764
vn -0.640019 0.673672 0.369515
vn -0.604274 0.716335 0.348878
vn -0.604274 0.716335 0.348878
vn -0.655676 0.716335 0.238647
vn -0.694462 0.673672 0.252764
vn -0.655676 0.716335 0.238647
vn -0.604274 0.716335 0.348878
vn -0.585393 0.736944 0.337977
vn -0.585393 0.736944 0.337977
vn -0.635189 0.736944 0.231190
vn -0.655676 0.716335 0.238647
vn -0.939578 0.015597 0.341979
vn -0.865920 0.015597 0.499940
vn -0.865920 0.015597 0.499939
vn -0.865920 0.015597 0.499939
vn -0.939578 0.015597 0.341979
vn -0.939578 0.015597 0.341979
vn -0.282744 0.953659 0.102910
vn -0.260578 0.953659 0.150445
vn -0.260578 0.953659 0.150445
vn -0.260578 0.953659 0.150445
vn -0.282744 0.953659 0.102910
vn -0.282744 0.953659 0.102910
vn -0.939693 0.000000 0.342020
vn -0.866025 0.000000 0.500000
vn -0.866025 0.000000 0.500000
vn -0.866025 0.000000 0.500000
vn -0.939693 0.000000 0.342020
vn -0.939693 0.000000 0.342020
vn -0.489879 -0.853362 0.178302
vn -0.451474 -0.853363 0.260659
vn -0.455506 -0.850501 0.262987
vn -0.455506 -0.850501 0.262987
vn -0.494253 -0.850501 0.179894
vn -0.489879 -0.853362 0.178302
vn -0.494253 -0.850501 0.179894
vn -0.455506 -0.850501 0.262987
vn -0.466320 -0.842651 0.269230
vn -0.466320 -0.842651 0.269230
vn -0.505987 -0.842651 0.184165
vn -0.494253 -0.850501 0.179894
vn -0.505987 -0.842651 0.184165
vn -0.466320 -0.842651 0.269230
vn -0.481710 -0.831028 0.278116
vn -0.481710 -0.831028 0.278116
vn -0.522686 -0.831028 0.190243
vn -0.505987 -0.842651 0.184165
vn -0.522686 -0.831028 0.190243
vn -0.481710 -0.831028 0.278116
vn -0.499146 -0.817193 0.288182
vn -0.499146 -0.817193 0.288182
vn -0.541604 -0.817194 0.197128
vn -0.522686 -0.831028 0.190243
vn -0.541604 -0.817194 0.197128
vn -0.499146 -0.817193 0.288182
vn -0.516555 -0.802638 0.298233
vn -0.516555 -0.802638 0.298233
vn -0.560494 -0.802639 0.204004
vn -0.541604 -0.817194 0.197128
vn -0.560494 -0.802639 0.204004
vn -0.516555 -0.802638 0.298233
vn -0.532643 -0.788493 0.307522
vn -0.532643 -0.788493 0.307522
vn -0.577952 -0.788493 0.210358
vn -0.560494 -0.802639 0.204004
vn -0.577952 -0.788493 0.210358
vn -0.532643 -0.788493 0.307522
vn -0.616941 -0.701792 0.356191
vn -0.616941 -0.701792 0.356191
vn -0.669420 -0.701792 0.243649
vn -0.577952 -0.788493 0.210358
vn -0.669420 -0.701792 0.243649
vn -0.616941 -0.701792 0.356191
vn -0.680370 -0.618705 0.392812
vn -0.680370 -0.618705 0.392812
vn -0.738243 -0.618706 0.268699
vn -0.669420 -0.701792 0.243649
vn -0.938760 0.044545 0.341681
vn -0.865166 0.044543 0.499504
vn -0.865166 0.044543 0.499504
vn -0.865166 0.044543 0.499504
vn -0.938760 0.044544 0.341681
vn -0.938760 0.044545 0.341681
vn -0.741514 0.614261 0.269889
vn -0.683383 0.614262 0.394551
vn -0.603789 0.716881 0.348598
vn -0.603789 0.716881 0.348598
vn -0.655150 0.716881 0.238455
vn -0.741514 0.614261 0.269889
vn -0.655150 0.716881 0.238455
vn -0.603789 0.716881 0.348598
vn -0.459550 0.847595 0.265322
vn -0.459550 0.847595 0.265322
vn -0.498642 0.847595 0.181491
vn -0.655150 0.716881 0.238455
vn -0.498642 0.847595 0.181491
vn -0.459550 0.847595 0.265322
vn -0.384354 0.896119 0.221907
vn -0.384354 0.896119 0.221907
vn -0.417049 0.896119 0.151793
vn -0.498642 0.847595 0.181491
vn -0.417049 0.896119 0.151793
vn -0.384354 0.896119 0.221907
vn -0.347987 0.915718 0.200911
vn -0.347987 0.915718 0.200911
vn -0.377588 0.915718 0.137431
vn -0.417049 0.896119 0.151793
vn -0.377588 0.915718 0.137431
vn -0.347987 0.915718 0.200911
vn -0.336761 0.921298 0.194429
vn -0.336761 0.921298 0.194429
vn -0.365407 0.921298 0.132997
vn -0.377588 0.915718 0.137431
vn -0.935519 0.094139 0.340502
vn -0.862180 0.094139 0.497779
vn -0.860656 0.111185 0.496900
vn -0.860656 0.111185 0.496900
vn -0.933866 0.111184 0.339900
vn -0.935519 0.094139 0.340502
vn -0.933866 0.111184 0.339900
vn -0.860656 0.111185 0.496900
vn -0.858856 0.128408 0.495861
vn -0.858856 0.128408 0.495861
vn -0.931913 0.128408 0.339189
vn -0.933866 0.111184 0.339900
vn -0.004362 -0.999989 0.001588
vn -0.004020 -0.999989 0.002322
vn -0.004020 -0.999989 0.002321
vn -0.004020 -0.999989 0.002321
vn -0.004362 -0.999989 0.001588
vn -0.004362 -0.999989 0.001588
vn -0.939693 0.000296 0.342020
vn -0.866025 0.000296 0.500000
vn -0.866025 0.000296 0.500000
vn -0.866025 0.000296 0.500000
vn -0.939693 0.000296 0.342020
vn -0.939693 0.000296 0.342020
vn 0.000771 -1.000000 -0.000280
vn 0.000711 -1.000000 -0.000410
vn 0.000711 -1.000000 -0.000410
vn 0.000711 -1.000000 -0.000410
vn 0.000771 -1.000000 -0.000280
vn 0.000771 -1.000000 -0.000280
vn -0.939693 -0.000076 0.342020
vn -0.866026 -0.000076 0.500000
vn -0.866026 -0.000076 0.500000
vn -0.866026 -0.000076 0.500000
vn -0.939693 -0.000076 0.342020
vn -0.939693 -0.000076 0.342020
vn 0.000309 -1.000000 -0.000112
vn 0.000285 -1.000000 -0.000164
vn 0.000285 -1.000000 -0.000164
vn 0.000285 -1.000000 -0.000164
vn 0.000309 -1.000000 -0.000112
vn 0.000309 -1.000000 -0.000112
vn -0.939693 0.000000 0.342020
vn -0.866026 0.000000 0.500000
vn -0.866026 0.000000 0.500000
vn -0.866026 0.000000 0.500000
vn -0.939693 0.000000 0.342020
vn -0.939693 0.000000 0.342020
vn 0.000398 -1.000000 -0.000145
vn 0.000367 -1.000000 -0.000212
vn 0.000367 -1.000000 -0.000212
vn 0.000367 -1.000000 -0.000212
vn 0.000398 -1.000000 -0.000145
vn 0.000398 -1.000000 -0.000145
vn -0.939692 0.000553 0.342020
vn -0.866025 0.000553 0.500000
vn -0.866022 -0.000480 0.500006
vn -0.866022 -0.000480 0.500006
vn -0.939693 -0.000492 0.342020
vn -0.939692 0.000553 0.342020
vn -0.001450 0.999999 0.000528
vn -0.001336 0.999999 0.000772
vn 0.000000 1.000000 0.000000
vn 0.000000 -1.000000 0.000000
vn 0.000000 -1.000000 0.000000
vn 0.000000 -1.000000 0.000000
vn -0.866025 0.000000 0.500000
vn -0.766044 0.000000 0.642788
vn -0.766044 0.000000 0.642788
vn -0.766044 0.000000 0.642788
vn -0.866025 0.000000 0.500000
vn -0.866025 0.000000 0.500000
vn -0.358319 -0.910390 0.206875
vn -0.316951 -0.910390 0.265954
vn -0.323736 -0.906313 0.271647
vn -0.323736 -0.906313 0.271647
vn -0.365988 -0.906313 0.211304
vn -0.358319 -0.910390 0.206875
vn -0.365988 -0.906313 0.211304
vn -0.323736 -0.906313 0.271647
vn -0.344569 -0.893128 0.289128
vn -0.344569 -0.893128 0.289128
vn -0.389541 -0.893128 0.224902
vn -0.365988 -0.906313 0.211304
vn -0.389541 -0.893128 0.224902
vn -0.344569 -0.893128 0.289128
vn -0.383091 -0.865974 0.321451
vn -0.383091 -0.865974 0.321451
vn -0.433090 -0.865974 0.250045
vn -0.389541 -0.893128 0.224902
vn -0.433090 -0.865974 0.250045
vn -0.383091 -0.865974 0.321451
vn -0.446227 -0.812825 0.374429
vn -0.446227 -0.812825 0.374429
vn -0.504466 -0.812826 0.291254
vn -0.433090 -0.865974 0.250045
vn -0.504466 -0.812826 0.291254
vn -0.446227 -0.812825 0.374429
vn -0.543393 -0.704857 0.455961
vn -0.543393 -0.704857 0.455961
vn -0.614315 -0.704857 0.354675
vn -0.504466 -0.812826 0.291254
vn -0.614315 -0.704857 0.354675
vn -0.543393 -0.704857 0.455961
vn -0.671405 -0.481479 0.563376
vn -0.671405 -0.481479 0.563376
vn -0.759035 -0.481477 0.438229
vn -0.614315 -0.704857 0.354675
vn -0.759035 -0.481477 0.438229
vn -0.671405 -0.481479 0.563376
vn -0.763961 -0.073693 0.641040
vn -0.763961 -0.073693 0.641040
vn -0.863670 -0.073694 0.498641
vn -0.759035 -0.481477 0.438229
vn -0.863670 -0.073694 0.498641
vn -0.763961 -0.073693 0.641040
vn -0.706342 0.387038 0.592691
vn -0.706342 0.387038 0.592691
vn -0.798531 0.387037 0.461032
vn -0.863670 -0.073694 0.498641
vn -0.798531 0.387037 0.461032
vn -0.706342 0.387038 0.592691
vn -0.566259 0.673488 0.475148
vn -0.566259 0.673488 0.475148
vn -0.640164 0.673489 0.369599
vn -0.798531 0.387037 0.461032
vn -0.640164 0.673489 0.369599
vn -0.566259 0.673488 0.475148
vn -0.458881 0.800729 0.385047
vn -0.458881 0.800729 0.385047
vn -0.518772 0.800729 0.299513
vn -0.640164 0.673489 0.369599
vn -0.518772 0.800729 0.299513
vn -0.458881 0.800729 0.385047
vn -0.392256 0.858953 0.329142
vn -0.392256 0.858953 0.329142
vn -0.443452 0.858953 0.256028
vn -0.518772 0.800729 0.299513
vn -0.443452 0.858953 0.256028
vn -0.392256 0.858953 0.329142
vn -0.353030 0.887479 0.296227
vn -0.353030 0.887479 0.296227
vn -0.399105 0.887479 0.230424
vn -0.443452 0.858953 0.256028
vn -0.399105 0.887479 0.230424
vn -0.353030 0.887479 0.296227
vn -0.332265 0.901038 0.278803
vn -0.332265 0.901038 0.278803
vn -0.375631 0.901038 0.216871
vn -0.399105 0.887479 0.230424
vn -0.375631 0.901038 0.216871
vn -0.332265 0.901038 0.278803
vn -0.325573 0.905191 0.273188
vn -0.325573 0.905191 0.273188
vn -0.368065 0.905191 0.212503
vn -0.375631 0.901038 0.216871
vn -0.866025 0.000000 0.500000
vn -0.766044 0.000000 0.642788
vn -0.766044 0.000000 0.642788
vn -0.766044 0.000000 0.642788
vn -0.866025 0.000000 0.500000
vn -0.866025 0.000000 0.500000
vn -0.233887 -0.962841 0.135035
vn -0.206886 -0.962840 0.173598
vn -0.249361 -0.945536 0.209238
vn -0.249361 -0.945536 0.209238
vn -0.281906 -0.945536 0.162759
vn -0.233887 -0.962841 0.135035
vn -0.281906 -0.945536 0.162759
vn -0.249361 -0.945536 0.209238
vn -0.323790 -0.906280 0.271693
vn -0.323790 -0.906280 0.271693
vn -0.366050 -0.906280 0.211340
vn -0.281906 -0.945536 0.162759
vn -0.366050 -0.906280 0.211340
vn -0.323790 -0.906280 0.271693
vn -0.391018 -0.859914 0.328104
vn -0.391018 -0.859914 0.328104
vn -0.442053 -0.859914 0.255220
vn -0.366050 -0.906280 0.211340
vn -0.442053 -0.859914 0.255220
vn -0.391018 -0.859914 0.328104
vn -0.457883 -0.801702 0.384209
vn -0.457883 -0.801702 0.384209
vn -0.517643 -0.801703 0.298862
vn -0.442053 -0.859914 0.255220
vn -0.517643 -0.801703 0.298862
vn -0.457883 -0.801702 0.384209
vn -0.533854 -0.717171 0.447957
vn -0.533854 -0.717171 0.447957
vn -0.603529 -0.717172 0.348449
vn -0.517643 -0.801703 0.298862
vn -0.603529 -0.717172 0.348449
vn -0.533854 -0.717171 0.447957
vn -0.634229 -0.560836 0.532181
vn -0.634229 -0.560836 0.532181
vn -0.717006 -0.560835 0.413964
vn -0.603529 -0.717172 0.348449
vn -0.717006 -0.560835 0.413964
vn -0.634229 -0.560836 0.532181
vn -0.682789 -0.453380 0.572928
vn -0.682789 -0.453380 0.572928
vn -0.771904 -0.453377 0.445660
vn -0.717006 -0.560835 0.413964
vn -0.862892 0.084984 0.498191
vn -0.763273 0.084985 0.640462
vn -0.744028 0.238021 0.624314
vn -0.744028 0.238021 0.624314
vn -0.841136 0.238020 0.485630
vn -0.862892 0.084984 0.498191
vn -0.841136 0.238020 0.485630
vn -0.744028 0.238021 0.624314
vn -0.682490 0.454147 0.572677
vn -0.682490 0.454147 0.572677
vn -0.771566 0.454146 0.445464
vn -0.841136 0.238020 0.485630
vn -0.771566 0.454146 0.445464
vn -0.682490 0.454147 0.572677
vn -0.635834 0.557730 0.533528
vn -0.635834 0.557730 0.533528
vn -0.718821 0.557730 0.415012
vn -0.771566 0.454146 0.445464
vn -0.718821 0.557730 0.415012
vn -0.635834 0.557730 0.533528
vn -0.598853 0.623596 0.502498
vn -0.598853 0.623596 0.502498
vn -0.677013 0.623596 0.390874
vn -0.718821 0.557730 0.415012
vn -0.677013 0.623596 0.390874
vn -0.598853 0.623596 0.502498
vn -0.566130 0.673672 0.475040
vn -0.566130 0.673672 0.475040
vn -0.640019 0.673672 0.369515
vn -0.677013 0.623596 0.390874
vn -0.640019 0.673672 0.369515
vn -0.566130 0.673672 0.475040
vn -0.534512 0.716335 0.448509
vn -0.534512 0.716335 0.448509
vn -0.604274 0.716335 0.348878
vn -0.640019 0.673672 0.369515
vn -0.604274 0.716335 0.348878
vn -0.534512 0.716335 0.448509
vn -0.517811 0.736944 0.434495
vn -0.517811 0.736944 0.434495
vn -0.585393 0.736944 0.337977
vn -0.604274 0.716335 0.348878
vn -0.865920 0.015597 0.499940
vn -0.765951 0.015597 0.642710
vn -0.765951 0.015597 0.642710
vn -0.765951 0.015597 0.642710
vn -0.865920 0.015597 0.499939
vn -0.865920 0.015597 0.499940
vn -0.260578 0.953659 0.150445
vn -0.230495 0.953659 0.193408
vn -0.230495 0.953659 0.193408
vn -0.230495 0.953659 0.193408
vn -0.260578 0.953659 0.150445
vn -0.260578 0.953659 0.150445
vn -0.866025 0.000000 0.500000
vn -0.766044 0.000000 0.642788
vn -0.766044 0.000000 0.642788
vn -0.766044 0.000000 0.642788
vn -0.866025 0.000000 0.500000
vn -0.866025 0.000000 0.500000
vn -0.451474 -0.853363 0.260659
vn -0.399350 -0.853364 0.335095
vn -0.402918 -0.850501 0.338089
vn -0.402918 -0.850501 0.338089
vn -0.455506 -0.850501 0.262987
vn -0.451474 -0.853363 0.260659
vn -0.455506 -0.850501 0.262987
vn -0.402918 -0.850501 0.338089
vn -0.412485 -0.842651 0.346116
vn -0.412485 -0.842651 0.346116
vn -0.466320 -0.842651 0.269230
vn -0.455506 -0.850501 0.262987
vn -0.466320 -0.842651 0.269230
vn -0.412485 -0.842651 0.346116
vn -0.426099 -0.831027 0.357540
vn -0.426099 -0.831027 0.357540
vn -0.481710 -0.831028 0.278116
vn -0.466320 -0.842651 0.269230
vn -0.481710 -0.831028 0.278116
vn -0.426099 -0.831027 0.357540
vn -0.441520 -0.817193 0.370480
vn -0.441520 -0.817193 0.370480
vn -0.499146 -0.817193 0.288182
vn -0.481710 -0.831028 0.278116
vn -0.499146 -0.817193 0.288182
vn -0.441520 -0.817193 0.370480
vn -0.456918 -0.802639 0.383400
vn -0.456918 -0.802639 0.383400
vn -0.516555 -0.802638 0.298233
vn -0.499146 -0.817193 0.288182
vn -0.516555 -0.802638 0.298233
vn -0.456918 -0.802639 0.383400
vn -0.471150 -0.788493 0.395342
vn -0.471150 -0.788493 0.395342
vn -0.532643 -0.788493 0.307522
vn -0.516555 -0.802638 0.298233
vn -0.532643 -0.788493 0.307522
vn -0.471150 -0.788493 0.395342
vn -0.545716 -0.701791 0.457911
vn -0.545716 -0.701791 0.457911
vn -0.616941 -0.701792 0.356191
vn -0.532643 -0.788493 0.307522
vn -0.616941 -0.701792 0.356191
vn -0.545716 -0.701791 0.457911
vn -0.601822 -0.618705 0.504990
vn -0.601822 -0.618705 0.504990
vn -0.680370 -0.618705 0.392812
vn -0.616941 -0.701792 0.356191
vn -0.865166 0.044543 0.499504
vn -0.765284 0.044540 0.642150
vn -0.765284 0.044540 0.642150
vn -0.765284 0.044540 0.642150
vn -0.865166 0.044543 0.499504
vn -0.865166 0.044543 0.499504
vn -0.683383 0.614262 0.394551
vn -0.604488 0.614261 0.507226
vn -0.534083 0.716880 0.448149
vn -0.534083 0.716880 0.448149
vn -0.603789 0.716881 0.348598
vn -0.683383 0.614262 0.394551
vn -0.603789 0.716881 0.348598
vn -0.534083 0.716880 0.448149
vn -0.406496 0.847595 0.341091
vn -0.406496 0.847595 0.341091
vn -0.459550 0.847595 0.265322
vn -0.603789 0.716881 0.348598
vn -0.459550 0.847595 0.265322
vn -0.406496 0.847595 0.341091
vn -0.339981 0.896119 0.285278
vn -0.339981 0.896119 0.285278
vn -0.384354 0.896119 0.221907
vn -0.459550 0.847595 0.265322
vn -0.384354 0.896119 0.221907
vn -0.339981 0.896119 0.285278
vn -0.307813 0.915718 0.258286
vn -0.307813 0.915718 0.258286
vn -0.347987 0.915718 0.200911
vn -0.384354 0.896119 0.221907
vn -0.347987 0.915718 0.200911
vn -0.307813 0.915718 0.258286
vn -0.297883 0.921297 0.249954
vn -0.297883 0.921297 0.249954
vn -0.336761 0.921298 0.194429
vn -0.347987 0.915718 0.200911
vn -0.862180 0.094139 0.497779
vn -0.762642 0.094139 0.639933
vn -0.761295 0.111185 0.638802
vn -0.761295 0.111185 0.638802
vn -0.860656 0.111185 0.496900
vn -0.862180 0.094139 0.497779
vn -0.860656 0.111185 0.496900
vn -0.761295 0.111185 0.638802
vn -0.759703 0.128408 0.637466
vn -0.759703 0.128408 0.637466
vn -0.858856 0.128408 0.495861
vn -0.860656 0.111185 0.496900
vn -0.004020 -0.999989 0.002322
vn -0.003556 -0.999989 0.002984
vn -0.003556 -0.999989 0.002984
vn -0.003556 -0.999989 0.002984
vn -0.004020 -0.999989 0.002321
vn -0.004020 -0.999989 0.002322
vn -0.866025 0.000296 0.500000
vn -0.766045 0.000296 0.642787
vn -0.766045 0.000296 0.642787
vn -0.766045 0.000296 0.642787
vn -0.866025 0.000296 0.500000
vn -0.866025 0.000296 0.500000
vn 0.000711 -1.000000 -0.000410
vn 0.000629 -1.000000 -0.000527
vn 0.000629 -1.000000 -0.000527
vn 0.000629 -1.000000 -0.000527
vn 0.000711 -1.000000 -0.000410
vn 0.000711 -1.000000 -0.000410
vn -0.866026 -0.000076 0.500000
vn -0.766045 -0.000076 0.642787
vn -0.766045 -0.000076 0.642787
vn -0.766045 -0.000076 0.642787
vn -0.866026 -0.000076 0.500000
vn -0.866026 -0.000076 0.500000
vn 0.000285 -1.000000 -0.000164
vn 0.000252 -1.000000 -0.000211
vn 0.000252 -1.000000 -0.000211
vn 0.000252 -1.000000 -0.000211
vn 0.000285 -1.000000 -0.000164
vn 0.000285 -1.000000 -0.000164
vn -0.866026 0.000000 0.500000
vn -0.766045 0.000000 0.642787
vn -0.766045 0.000000 0.642787
vn -0.766045 0.000000 0.642787
vn -0.866026 0.000000 0.500000
vn -0.866026 0.000000 0.500000
vn 0.000367 -1.000000 -0.000212
vn 0.000324 -1.000000 -0.000272
vn 0.000324 -1.000000 -0.000272
vn 0.000324 -1.000000 -0.000272
vn 0.000367 -1.000000 -0.000212
vn 0.000367 -1.000000 -0.000212
vn -0.866025 0.000553 0.500000
vn -0.766045 0.000553 0.642787
vn -0.784453 -0.000128 0.620188
vn -0.784453 -0.000128 0.620188
vn -0.866022 -0.000480 0.500006
vn -0.866025 0.000553 0.500000
vn -0.001336 0.999999 0.000772
vn -0.001155 0.999999 0.001033
vn 0.000000 1.000000 0.000000
vn 0.000000 -1.000000 0.000000
vn 0.000000 -1.000000 0.000000
vn 0.000000 -1.000000 0.000000
vn -0.766044 0.000000 0.642788
vn -0.642787 0.000000 0.766045
vn -0.642787 0.000000 0.766045
vn -0.642787 0.000000 0.766045
vn -0.766044 0.000000 0.642788
vn -0.766044 0.000000 0.642788
vn -0.316951 -0.910390 0.265954
vn -0.265953 -0.910391 0.316951
vn -0.271646 -0.906313 0.323736
vn -0.271646 -0.906313 0.323736
vn -0.323736 -0.906313 0.271647
vn -0.316951 -0.910390 0.265954
vn -0.323736 -0.906313 0.271647
vn -0.271646 -0.906313 0.323736
vn -0.289128 -0.893128 0.344569
vn -0.289128 -0.893128 0.344569
vn -0.344569 -0.893128 0.289128
vn -0.323736 -0.906313 0.271647
vn -0.344569 -0.893128 0.289128
vn -0.289128 -0.893128 0.344569
vn -0.321451 -0.865974 0.383091
vn -0.321451 -0.865974 0.383091
vn -0.383091 -0.865974 0.321451
vn -0.344569 -0.893128 0.289128
vn -0.383091 -0.865974 0.321451
vn -0.321451 -0.865974 0.383091
vn -0.374428 -0.812826 0.446227
vn -0.374428 -0.812826 0.446227
vn -0.446227 -0.812825 0.374429
vn -0.383091 -0.865974 0.321451
vn -0.446227 -0.812825 0.374429
vn -0.374428 -0.812826 0.446227
vn -0.455961 -0.704856 0.543394
vn -0.455961 -0.704856 0.543394
vn -0.543393 -0.704857 0.455961
vn -0.446227 -0.812825 0.374429
vn -0.543393 -0.704857 0.455961
vn -0.455961 -0.704856 0.543394
vn -0.563376 -0.481479 0.671406
vn -0.563376 -0.481479 0.671406
vn -0.671405 -0.481479 0.563376
vn -0.543393 -0.704857 0.455961
vn -0.671405 -0.481479 0.563376
vn -0.563376 -0.481479 0.671406
vn -0.641040 -0.073694 0.763961
vn -0.641040 -0.073694 0.763961
vn -0.763961 -0.073693 0.641040
vn -0.671405 -0.481479 0.563376
vn -0.763961 -0.073693 0.641040
vn -0.641040 -0.073694 0.763961
vn -0.592690 0.387040 0.706341
vn -0.592690 0.387040 0.706341
vn -0.706342 0.387038 0.592691
vn -0.763961 -0.073693 0.641040
vn -0.706342 0.387038 0.592691
vn -0.592690 0.387040 0.706341
vn -0.475147 0.673488 0.566258
vn -0.475147 0.673488 0.566258
vn -0.566259 0.673488 0.475148
vn -0.706342 0.387038 0.592691
vn -0.566259 0.673488 0.475148
vn -0.475147 0.673488 0.566258
vn -0.385047 0.800729 0.458881
vn -0.385047 0.800729 0.458881
vn -0.458881 0.800729 0.385047
vn -0.566259 0.673488 0.475148
vn -0.458881 0.800729 0.385047
vn -0.385047 0.800729 0.458881
vn -0.329142 0.858953 0.392256
vn -0.329142 0.858953 0.392256
vn -0.392256 0.858953 0.329142
vn -0.458881 0.800729 0.385047
vn -0.392256 0.858953 0.329142
vn -0.329142 0.858953 0.392256
vn -0.296227 0.887479 0.353030
vn -0.296227 0.887479 0.353030
vn -0.353030 0.887479 0.296227
vn -0.392256 0.858953 0.329142
vn -0.353030 0.887479 0.296227
vn -0.296227 0.887479 0.353030
vn -0.278803 0.901038 0.332265
vn -0.278803 0.901038 0.332265
vn -0.332265 0.901038 0.278803
vn -0.353030 0.887479 0.296227
vn -0.332265 0.901038 0.278803
vn -0.278803 0.901038 0.332265
vn -0.273188 0.905191 0.325573
vn -0.273188 0.905191 0.325573
vn -0.325573 0.905191 0.273188
vn -0.332265 0.901038 0.278803
vn -0.766044 0.000000 0.642788
vn -0.642787 0.000001 0.766045
vn -0.642787 0.000000 0.766045
vn -0.642787 0.000000 0.766045
vn -0.766044 0.000000 0.642788
vn -0.766044 0.000000 0.642788
vn -0.206886 -0.962840 0.173598
vn -0.173597 -0.962841 0.206885
vn -0.209238 -0.945536 0.249361
vn -0.209238 -0.945536 0.249361
vn -0.249361 -0.945536 0.209238
vn -0.206886 -0.962840 0.173598
vn -0.249361 -0.945536 0.209238
vn -0.209238 -0.945536 0.249361
vn -0.271693 -0.906279 0.323791
vn -0.271693 -0.906279 0.323791
vn -0.323790 -0.906280 0.271693
vn -0.249361 -0.945536 0.209238
vn -0.323790 -0.906280 0.271693
vn -0.271693 -0.906279 0.323791
vn -0.328104 -0.859913 0.391020
vn -0.328104 -0.859913 0.391020
vn -0.391018 -0.859914 0.328104
vn -0.323790 -0.906280 0.271693
vn -0.391018 -0.859914 0.328104
vn -0.328104 -0.859913 0.391020
vn -0.384208 -0.801703 0.457882
vn -0.384208 -0.801703 0.457882
vn -0.457883 -0.801702 0.384209
vn -0.391018 -0.859914 0.328104
vn -0.457883 -0.801702 0.384209
vn -0.384208 -0.801703 0.457882
vn -0.447955 -0.717173 0.533853
vn -0.447955 -0.717173 0.533853
vn -0.533854 -0.717171 0.447957
vn -0.457883 -0.801702 0.384209
vn -0.533854 -0.717171 0.447957
vn -0.447955 -0.717173 0.533853
vn -0.532181 -0.560836 0.634229
vn -0.532181 -0.560836 0.634229
vn -0.634229 -0.560836 0.532181
vn -0.533854 -0.717171 0.447957
vn -0.634229 -0.560836 0.532181
vn -0.532181 -0.560836 0.634229
vn -0.572929 -0.453377 0.682790
vn -0.572929 -0.453377 0.682790
vn -0.682789 -0.453380 0.572928
vn -0.634229 -0.560836 0.532181
vn -0.763273 0.084985 0.640462
vn -0.640462 0.084986 0.763273
vn -0.624314 0.238022 0.744028
vn -0.624314 0.238022 0.744028
vn -0.744028 0.238021 0.624314
vn -0.763273 0.084985 0.640462
vn -0.744028 0.238021 0.624314
vn -0.624314 0.238022 0.744028
vn -0.572677 0.454146 0.682490
vn -0.572677 0.454146 0.682490
vn -0.682490 0.454147 0.572677
vn -0.744028 0.238021 0.624314
vn -0.682490 0.454147 0.572677
vn -0.572677 0.454146 0.682490
vn -0.533528 0.557730 0.635834
vn -0.533528 0.557730 0.635834
vn -0.635834 0.557730 0.533528
vn -0.682490 0.454147 0.572677
vn -0.635834 0.557730 0.533528
vn -0.533528 0.557730 0.635834
vn -0.502497 0.623596 0.598853
vn -0.502497 0.623596 0.598853
vn -0.598853 0.623596 0.502498
vn -0.635834 0.557730 0.533528
vn -0.598853 0.623596 0.502498
vn -0.502497 0.623596 0.598853
vn -0.475040 0.673672 0.566130
vn -0.475040 0.673672 0.566130
vn -0.566130 0.673672 0.475040
vn -0.598853 0.623596 0.502498
vn -0.566130 0.673672 0.475040
vn -0.475040 0.673672 0.566130
vn -0.448509 0.716335 0.534512
vn -0.448509 0.716335 0.534512
vn -0.534512 0.716335 0.448509
vn -0.566130 0.673672 0.475040
vn -0.534512 0.716335 0.448509
vn -0.448509 0.716335 0.534512
vn -0.434495 0.736944 0.517811
vn -0.434495 0.736944 0.517811
vn -0.517811 0.736944 0.434495
vn -0.534512 0.716335 0.448509
vn -0.765951 0.015597 0.642710
vn -0.642709 0.015597 0.765951
vn -0.642709 0.015597 0.765951
vn -0.642709 0.015597 0.765951
vn -0.765951 0.015597 0.642710
vn -0.765951 0.015597 0.642710
vn -0.230495 0.953659 0.193408
vn -0.193408 0.953659 0.230495
vn -0.193408 0.953659 0.230495
vn -0.193408 0.953659 0.230495
vn -0.230495 0.953659 0.193408
vn -0.230495 0.953659 0.193408
vn -0.766044 0.000000 0.642788
vn -0.642788 0.000000 0.766044
vn -0.642788 0.000000 0.766044
vn -0.642788 0.000000 0.766044
vn -0.766044 0.000000 0.642788
vn -0.766044 0.000000 0.642788
vn -0.399350 -0.853364 0.335095
vn -0.335094 -0.853365 0.399350
vn -0.338088 -0.850502 0.402918
vn -0.338088 -0.850502 0.402918
vn -0.402918 -0.850501 0.338089
vn -0.399350 -0.853364 0.335095
vn -0.402918 -0.850501 0.338089
vn -0.338088 -0.850502 0.402918
vn -0.346115 -0.842651 0.412485
vn -0.346115 -0.842651 0.412485
vn -0.412485 -0.842651 0.346116
vn -0.402918 -0.850501 0.338089
vn -0.412485 -0.842651 0.346116
vn -0.346115 -0.842651 0.412485
vn -0.357539 -0.831027 0.426099
vn -0.357539 -0.831027 0.426099
vn -0.426099 -0.831027 0.357540
vn -0.412485 -0.842651 0.346116
vn -0.426099 -0.831027 0.357540
vn -0.357539 -0.831027 0.426099
vn -0.370479 -0.817193 0.441520
vn -0.370479 -0.817193 0.441520
vn -0.441520 -0.817193 0.370480
vn -0.426099 -0.831027 0.357540
vn -0.441520 -0.817193 0.370480
vn -0.370479 -0.817193 0.441520
vn -0.383400 -0.802640 0.456918
vn -0.383400 -0.802640 0.456918
vn -0.456918 -0.802639 0.383400
vn -0.441520 -0.817193 0.370480
vn -0.456918 -0.802639 0.383400
vn -0.383400 -0.802640 0.456918
vn -0.395343 -0.788493 0.471151
vn -0.395343 -0.788493 0.471151
vn -0.471150 -0.788493 0.395342
vn -0.456918 -0.802639 0.383400
vn -0.471150 -0.788493 0.395342
vn -0.395343 -0.788493 0.471151
vn -0.457911 -0.701791 0.545717
vn -0.457911 -0.701791 0.545717
vn -0.545716 -0.701791 0.457911
vn -0.471150 -0.788493 0.395342
vn -0.545716 -0.701791 0.457911
vn -0.457911 -0.701791 0.545717
vn -0.504989 -0.618705 0.601823
vn -0.504989 -0.618705 0.601823
vn -0.601822 -0.618705 0.504990
vn -0.545716 -0.701791 0.457911
vn -0.765284 0.044540 0.642150
vn -0.642150 0.044543 0.765284
vn -0.642150 0.044543 0.765284
vn -0.642150 0.044543 0.765284
vn -0.765284 0.044540 0.642150
vn -0.765284 0.044540 0.642150
vn -0.604488 0.614261 0.507226
vn -0.507226 0.614260 0.604489
vn -0.448149 0.716880 0.534084
vn -0.448149 0.716880 0.534084
vn -0.534083 0.716880 0.448149
vn -0.604488 0.614261 0.507226
vn -0.534083 0.716880 0.448149
vn -0.448149 0.716880 0.534084
vn -0.341091 0.847595 0.406496
vn -0.341091 0.847595 0.406496
vn -0.406496 0.847595 0.341091
vn -0.534083 0.716880 0.448149
vn -0.406496 0.847595 0.341091
vn -0.341091 0.847595 0.406496
vn -0.285278 0.896119 0.339981
vn -0.285278 0.896119 0.339981
vn -0.339981 0.896119 0.285278
vn -0.406496 0.847595 0.341091
vn -0.339981 0.896119 0.285278
vn -0.285278 0.896119 0.339981
vn -0.258286 0.915718 0.307813
vn -0.258286 0.915718 0.307813
vn -0.307813 0.915718 0.258286
vn -0.339981 0.896119 0.285278
vn -0.307813 0.915718 0.258286
vn -0.258286 0.915718 0.307813
vn -0.249953 0.921298 0.297882
vn -0.249953 0.921298 0.297882
vn -0.297883 0.921297 0.249954
vn -0.307813 0.915718 0.258286
vn -0.762642 0.094139 0.639933
vn -0.639933 0.094139 0.762643
vn -0.638803 0.111185 0.761294
vn -0.638803 0.111185 0.761294
vn -0.761295 0.111185 0.638802
vn -0.762642 0.094139 0.639933
vn -0.761295 0.111185 0.638802
vn -0.638803 0.111185 0.761294
vn -0.637467 0.128408 0.759702
vn -0.637467 0.128408 0.759702
vn -0.759703 0.128408 0.637466
vn -0.761295 0.111185 0.638802
vn -0.003556 -0.999989 0.002984
vn -0.002984 -0.999989 0.003556
vn -0.002984 -0.999989 0.003556
vn -0.002984 -0.999989 0.003556
vn -0.003556 -0.999989 0.002984
vn -0.003556 -0.999989 0.002984
vn -0.766045 0.000296 0.642787
vn -0.642788 0.000296 0.766044
vn -0.642788 0.000296 0.766044
vn -0.642788 0.000296 0.766044
vn -0.766045 0.000296 0.642787
vn -0.766045 0.000296 0.642787
vn 0.000629 -1.000000 -0.000527
vn 0.000527 -1.000000 -0.000629
vn 0.000527 -1.000000 -0.000629
vn 0.000527 -1.000000 -0.000629
vn 0.000629 -1.000000 -0.000527
vn 0.000629 -1.000000 -0.000527
vn -0.766045 -0.000076 0.642787
vn -0.642788 -0.000076 0.766044
vn -0.642788 -0.000076 0.766044
vn -0.642788 -0.000076 0.766044
vn -0.766045 -0.000076 0.642787
vn -0.766045 -0.000076 0.642787
vn 0.000252 -1.000000 -0.000211
vn 0.000211 -1.000000 -0.000252
vn 0.000211 -1.000000 -0.000252
vn 0.000211 -1.000000 -0.000252
vn 0.000252 -1.000000 -0.000211
vn 0.000252 -1.000000 -0.000211
vn -0.766045 0.000000 0.642787
vn -0.642788 0.000000 0.766044
vn -0.642788 0.000000 0.766044
vn -0.642788 0.000000 0.766044
vn -0.766045 0.000000 0.642787
vn -0.766045 0.000000 0.642787
vn 0.000324 -1.000000 -0.000272
vn 0.000272 -1.000000 -0.000324
vn 0.000272 -1.000000 -0.000324
vn 0.000272 -1.000000 -0.000324
vn 0.000324 -1.000000 -0.000272
vn 0.000324 -1.000000 -0.000272
vn -0.766045 0.000553 0.642787
vn -0.642788 0.000553 0.766044
vn -0.642788 0.000553 0.766044
vn -0.642788 0.000553 0.766044
vn -0.784453 -0.000128 0.620188
vn -0.766045 0.000553 0.642787
vn -0.001155 0.999999 0.001033
vn -0.000998 0.999999 0.001189
vn 0.000000 1.000000 0.000000
vn 0.000000 -1.000000 0.000000
vn 0.000001 -1.000000 0.000000
vn 0.000000 -1.000000 0.000000
vn -0.642787 0.000000 0.766045
vn -0.500000 0.000000 0.866026
vn -0.500000 0.000000 0.866026
vn -0.500000 0.000000 0.866026
vn -0.642787 0.000000 0.766045
vn -0.642787 0.000000 0.766045
vn -0.265953 -0.910391 0.316951
vn -0.206875 -0.910390 0.358319
vn -0.211303 -0.906313 0.365989
vn -0.211303 -0.906313 0.365989
vn -0.271646 -0.906313 0.323736
vn -0.265953 -0.910391 0.316951
vn -0.271646 -0.906313 0.323736
vn -0.211303 -0.906313 0.365989
vn -0.224901 -0.893128 0.389541
vn -0.224901 -0.893128 0.389541
vn -0.289128 -0.893128 0.344569
vn -0.271646 -0.906313 0.323736
vn -0.289128 -0.893128 0.344569
vn -0.224901 -0.893128 0.389541
vn -0.250044 -0.865974 0.433090
vn -0.250044 -0.865974 0.433090
vn -0.321451 -0.865974 0.383091
vn -0.289128 -0.893128 0.344569
vn -0.321451 -0.865974 0.383091
vn -0.250044 -0.865974 0.433090
vn -0.291253 -0.812826 0.504466
vn -0.291253 -0.812826 0.504466
vn -0.374428 -0.812826 0.446227
vn -0.321451 -0.865974 0.383091
vn -0.374428 -0.812826 0.446227
vn -0.291253 -0.812826 0.504466
vn -0.354674 -0.704857 0.614315
vn -0.354674 -0.704857 0.614315
vn -0.455961 -0.704856 0.543394
vn -0.374428 -0.812826 0.446227
vn -0.455961 -0.704856 0.543394
vn -0.354674 -0.704857 0.614315
vn -0.438228 -0.481479 0.759035
vn -0.438228 -0.481479 0.759035
vn -0.563376 -0.481479 0.671406
vn -0.455961 -0.704856 0.543394
vn -0.563376 -0.481479 0.671406
vn -0.438228 -0.481479 0.759035
vn -0.498640 -0.073693 0.863671
vn -0.498640 -0.073693 0.863671
vn -0.641040 -0.073694 0.763961
vn -0.563376 -0.481479 0.671406
vn -0.641040 -0.073694 0.763961
vn -0.498640 -0.073693 0.863671
vn -0.461031 0.387039 0.798530
vn -0.461031 0.387039 0.798530
vn -0.592690 0.387040 0.706341
vn -0.641040 -0.073694 0.763961
vn -0.592690 0.387040 0.706341
vn -0.461031 0.387039 0.798530
vn -0.369599 0.673488 0.640165
vn -0.369599 0.673488 0.640165
vn -0.475147 0.673488 0.566258
vn -0.592690 0.387040 0.706341
vn -0.475147 0.673488 0.566258
vn -0.369599 0.673488 0.640165
vn -0.299513 0.800729 0.518772
vn -0.299513 0.800729 0.518772
vn -0.385047 0.800729 0.458881
vn -0.475147 0.673488 0.566258
vn -0.385047 0.800729 0.458881
vn -0.299513 0.800729 0.518772
vn -0.256027 0.858953 0.443452
vn -0.256027 0.858953 0.443452
vn -0.329142 0.858953 0.392256
vn -0.385047 0.800729 0.458881
vn -0.329142 0.858953 0.392256
vn -0.256027 0.858953 0.443452
vn -0.230424 0.887479 0.399106
vn -0.230424 0.887479 0.399106
vn -0.296227 0.887479 0.353030
vn -0.329142 0.858953 0.392256
vn -0.296227 0.887479 0.353030
vn -0.230424 0.887479 0.399106
vn -0.216871 0.901038 0.375630
vn -0.216871 0.901038 0.375630
vn -0.278803 0.901038 0.332265
vn -0.296227 0.887479 0.353030
vn -0.278803 0.901038 0.332265
vn -0.216871 0.901038 0.375630
vn -0.212503 0.905191 0.368065
vn -0.212503 0.905191 0.368065
vn -0.273188 0.905191 0.325573
vn -0.278803 0.901038 0.332265
vn -0.642787 0.000001 0.766045
vn -0.500000 0.000001 0.866026
vn -0.500000 0.000001 0.866025
vn -0.500000 0.000001 0.866025
vn -0.642787 0.000000 0.766045
vn -0.642787 0.000001 0.766045
vn -0.173597 -0.962841 0.206885
vn -0.135034 -0.962841 0.233887
vn -0.162759 -0.945536 0.281907
vn -0.162759 -0.945536 0.281907
vn -0.209238 -0.945536 0.249361
vn -0.173597 -0.962841 0.206885
vn -0.209238 -0.945536 0.249361
vn -0.162759 -0.945536 0.281907
vn -0.211339 -0.906279 0.366051
vn -0.211339 -0.906279 0.366051
vn -0.271693 -0.906279 0.323791
vn -0.209238 -0.945536 0.249361
vn -0.271693 -0.906279 0.323791
vn -0.211339 -0.906279 0.366051
vn -0.255219 -0.859914 0.442053
vn -0.255219 -0.859914 0.442053
vn -0.328104 -0.859913 0.391020
vn -0.271693 -0.906279 0.323791
vn -0.328104 -0.859913 0.391020
vn -0.255219 -0.859914 0.442053
vn -0.298861 -0.801704 0.517642
vn -0.298861 -0.801704 0.517642
vn -0.384208 -0.801703 0.457882
vn -0.328104 -0.859913 0.391020
vn -0.384208 -0.801703 0.457882
vn -0.298861 -0.801704 0.517642
vn -0.348447 -0.717173 0.603529
vn -0.348447 -0.717173 0.603529
vn -0.447955 -0.717173 0.533853
vn -0.384208 -0.801703 0.457882
vn -0.447955 -0.717173 0.533853
vn -0.348447 -0.717173 0.603529
vn -0.413964 -0.560835 0.717007
vn -0.413964 -0.560835 0.717007
vn -0.532181 -0.560836 0.634229
vn -0.447955 -0.717173 0.533853
vn -0.532181 -0.560836 0.634229
vn -0.413964 -0.560835 0.717007
vn -0.445659 -0.453377 0.771905
vn -0.445659 -0.453377 0.771905
vn -0.572929 -0.453377 0.682790
vn -0.532181 -0.560836 0.634229
vn -0.640462 0.084986 0.763273
vn -0.498191 0.084984 0.862893
vn -0.485630 0.238021 0.841136
vn -0.485630 0.238021 0.841136
vn -0.624314 0.238022 0.744028
vn -0.640462 0.084986 0.763273
vn -0.624314 0.238022 0.744028
vn -0.485630 0.238021 0.841136
vn -0.445463 0.454146 0.771566
vn -0.445463 0.454146 0.771566
vn -0.572677 0.454146 0.682490
vn -0.624314 0.238022 0.744028
vn -0.572677 0.454146 0.682490
vn -0.445463 0.454146 0.771566
vn -0.415011 0.557730 0.718821
vn -0.415011 0.557730 0.718821
vn -0.533528 0.557730 0.635834
vn -0.572677 0.454146 0.682490
vn -0.533528 0.557730 0.635834
vn -0.415011 0.557730 0.718821
vn -0.390873 0.623596 0.677013
vn -0.390873 0.623596 0.677013
vn -0.502497 0.623596 0.598853
vn -0.533528 0.557730 0.635834
vn -0.502497 0.623596 0.598853
vn -0.390873 0.623596 0.677013
vn -0.369515 0.673672 0.640019
vn -0.369515 0.673672 0.640019
vn -0.475040 0.673672 0.566130
vn -0.502497 0.623596 0.598853
vn -0.475040 0.673672 0.566130
vn -0.369515 0.673672 0.640019
vn -0.348878 0.716335 0.604275
vn -0.348878 0.716335 0.604275
vn -0.448509 0.716335 0.534512
vn -0.475040 0.673672 0.566130
vn -0.448509 0.716335 0.534512
vn -0.348878 0.716335 0.604275
vn -0.337977 0.736944 0.585393
vn -0.337977 0.736944 0.585393
vn -0.434495 0.736944 0.517811
vn -0.448509 0.716335 0.534512
vn -0.642709 0.015597 0.765951
vn -0.499939 0.015597 0.865920
vn -0.499939 0.015597 0.865920
vn -0.499939 0.015597 0.865920
vn -0.642709 0.015597 0.765951
vn -0.642709 0.015597 0.765951
vn -0.193408 0.953659 0.230495
vn -0.150445 0.953659 0.260578
vn -0.150445 0.953659 0.260578
vn -0.150445 0.953659 0.260578
vn -0.193408 0.953659 0.230495
vn -0.193408 0.953659 0.230495
vn -0.642788 0.000000 0.766044
vn -0.500000 0.000000 0.866026
vn -0.500000 0.000000 0.866026
vn -0.500000 0.000000 0.866026
vn -0.642788 0.000000 0.766044
vn -0.642788 0.000000 0.766044
vn -0.335094 -0.853365 0.399350
vn -0.260659 -0.853363 0.451474
vn -0.262986 -0.850502 0.455506
vn -0.262986 -0.850502 0.455506
vn -0.338088 -0.850502 0.402918
vn -0.335094 -0.853365 0.399350
vn -0.338088 -0.850502 0.402918
vn -0.262986 -0.850502 0.455506
vn -0.269230 -0.842651 0.466320
vn -0.269230 -0.842651 0.466320
vn -0.346115 -0.842651 0.412485
vn -0.338088 -0.850502 0.402918
vn -0.346115 -0.842651 0.412485
vn -0.269230 -0.842651 0.466320
vn -0.278116 -0.831026 0.481712
vn -0.278116 -0.831026 0.481712
vn -0.357539 -0.831027 0.426099
vn -0.346115 -0.842651 0.412485
vn -0.357539 -0.831027 0.426099
vn -0.278116 -0.831026 0.481712
vn -0.288182 -0.817193 0.499146
vn -0.288182 -0.817193 0.499146
vn -0.370479 -0.817193 0.441520
vn -0.357539 -0.831027 0.426099
vn -0.370479 -0.817193 0.441520
vn -0.288182 -0.817193 0.499146
vn -0.298232 -0.802640 0.516553
vn -0.298232 -0.802640 0.516553
vn -0.383400 -0.802640 0.456918
vn -0.370479 -0.817193 0.441520
vn -0.383400 -0.802640 0.456918
vn -0.298232 -0.802640 0.516553
vn -0.307521 -0.788493 0.532643
vn -0.307521 -0.788493 0.532643
vn -0.395343 -0.788493 0.471151
vn -0.383400 -0.802640 0.456918
vn -0.395343 -0.788493 0.471151
vn -0.307521 -0.788493 0.532643
vn -0.356192 -0.701790 0.616942
vn -0.356192 -0.701790 0.616942
vn -0.457911 -0.701791 0.545717
vn -0.395343 -0.788493 0.471151
vn -0.457911 -0.701791 0.545717
vn -0.356192 -0.701790 0.616942
vn -0.392812 -0.618703 0.680371
vn -0.392812 -0.618703 0.680371
vn -0.504989 -0.618705 0.601823
vn -0.457911 -0.701791 0.545717
vn -0.642150 0.044543 0.765284
vn -0.499503 0.044543 0.865166
vn -0.499504 0.044543 0.865166
vn -0.499504 0.044543 0.865166
vn -0.642150 0.044543 0.765284
vn -0.642150 0.044543 0.765284
vn -0.507226 0.614260 0.604489
vn -0.394552 0.614259 0.683385
vn -0.348598 0.716880 0.603790
vn -0.348598 0.716880 0.603790
vn -0.448149 0.716880 0.534084
vn -0.507226 0.614260 0.604489
vn -0.448149 0.716880 0.534084
vn -0.348598 0.716880 0.603790
vn -0.265321 0.847596 0.459550
vn -0.265321 0.847596 0.459550
vn -0.341091 0.847595 0.406496
vn -0.448149 0.716880 0.534084
vn -0.341091 0.847595 0.406496
vn -0.265321 0.847596 0.459550
vn -0.221907 0.896119 0.384354
vn -0.221907 0.896119 0.384354
vn -0.285278 0.896119 0.339981
vn -0.341091 0.847595 0.406496
vn -0.285278 0.896119 0.339981
vn -0.221907 0.896119 0.384354
vn -0.200910 0.915718 0.347987
vn -0.200910 0.915718 0.347987
vn -0.258286 0.915718 0.307813
vn -0.285278 0.896119 0.339981
vn -0.258286 0.915718 0.307813
vn -0.200910 0.915718 0.347987
vn -0.194429 0.921298 0.336761
vn -0.194429 0.921298 0.336761
vn -0.249953 0.921298 0.297882
vn -0.258286 0.915718 0.307813
vn -0.639933 0.094139 0.762643
vn -0.497779 0.094139 0.862180
vn -0.496900 0.111185 0.860656
vn -0.496900 0.111185 0.860656
vn -0.638803 0.111185 0.761294
vn -0.639933 0.094139 0.762643
vn -0.638803 0.111185 0.761294
vn -0.496900 0.111185 0.860656
vn -0.495861 0.128408 0.858856
vn -0.495861 0.128408 0.858856
vn -0.637467 0.128408 0.759702
vn -0.638803 0.111185 0.761294
vn -0.002984 -0.999989 0.003556
vn -0.002321 -0.999989 0.004020
vn -0.002321 -0.999989 0.004020
vn -0.002321 -0.999989 0.004020
vn -0.002984 -0.999989 0.003556
vn -0.002984 -0.999989 0.003556
vn -0.642788 0.000296 0.766044
vn -0.500000 0.000296 0.866025
vn -0.500000 0.000296 0.866025
vn -0.500000 0.000296 0.866025
vn -0.642788 0.000296 0.766044
vn -0.642788 0.000296 0.766044
vn 0.000527 -1.000000 -0.000629
vn 0.000410 -1.000000 -0.000711
vn 0.000410 -1.000000 -0.000711
vn 0.000410 -1.000000 -0.000711
vn 0.000527 -1.000000 -0.000629
vn 0.000527 -1.000000 -0.000629
vn -0.642788 -0.000076 0.766044
vn -0.500000 -0.000076 0.866025
vn -0.500000 -0.000076 0.866025
vn -0.500000 -0.000076 0.866025
vn -0.642788 -0.000076 0.766044
vn -0.642788 -0.000076 0.766044
vn 0.000211 -1.000000 -0.000252
vn 0.000165 -1.000000 -0.000284
vn 0.000165 -1.000000 -0.000284
vn 0.000165 -1.000000 -0.000284
vn 0.000211 -1.000000 -0.000252
vn 0.000211 -1.000000 -0.000252
vn -0.642788 0.000000 0.766044
vn -0.500000 0.000000 0.866025
vn -0.500000 0.000000 0.866025
vn -0.500000 0.000000 0.866025
vn -0.642788 0.000000 0.766044
vn -0.642788 0.000000 0.766044
vn 0.000272 -1.000000 -0.000324
vn 0.000212 -1.000000 -0.000366
vn 0.000212 -1.000000 -0.000366
vn 0.000212 -1.000000 -0.000366
vn 0.000272 -1.000000 -0.000324
vn 0.000272 -1.000000 -0.000324
vn -0.642788 0.000553 0.766044
vn -0.500000 0.000553 0.866025
vn -0.474548 -0.000128 0.880230
vn -0.474548 -0.000128 0.880230
vn -0.642788 0.000553 0.766044
vn -0.642788 0.000553 0.766044
vn -0.000998 0.999999 0.001189
vn -0.000818 0.999999 0.001317
vn 0.000000 1.000000 0.000000
vn 0.000000 -1.000000 0.000000
vn 0.000000 -1.000000 0.000000
vn 0.000001 -1.000000 0.000000
vn -0.500000 0.000000 0.866026
vn -0.342020 0.000000 0.939693
vn -0.342020 0.000000 0.939693
vn -0.342020 0.000000 0.939693
vn -0.500000 0.000000 0.866026
vn -0.500000 0.000000 0.866026
vn -0.206875 -0.910390 0.358319
vn -0.141510 -0.910390 0.388799
vn -0.144540 -0.906313 0.397121
vn -0.144540 -0.906313 0.397121
vn -0.211303 -0.906313 0.365989
vn -0.206875 -0.910390 0.358319
vn -0.211303 -0.906313 0.365989
vn -0.144540 -0.906313 0.397121
vn -0.153841 -0.893128 0.422677
vn -0.153841 -0.893128 0.422677
vn -0.224901 -0.893128 0.389541
vn -0.211303 -0.906313 0.365989
vn -0.224901 -0.893128 0.389541
vn -0.153841 -0.893128 0.422677
vn -0.171040 -0.865974 0.469931
vn -0.171040 -0.865974 0.469931
vn -0.250044 -0.865974 0.433090
vn -0.224901 -0.893128 0.389541
vn -0.250044 -0.865974 0.433090
vn -0.171040 -0.865974 0.469931
vn -0.199228 -0.812826 0.547378
vn -0.199228 -0.812826 0.547378
vn -0.291253 -0.812826 0.504466
vn -0.250044 -0.865974 0.433090
vn -0.291253 -0.812826 0.504466
vn -0.199228 -0.812826 0.547378
vn -0.242612 -0.704856 0.666571
vn -0.242612 -0.704856 0.666571
vn -0.354674 -0.704857 0.614315
vn -0.291253 -0.812826 0.504466
vn -0.354674 -0.704857 0.614315
vn -0.242612 -0.704856 0.666571
vn -0.299766 -0.481477 0.823602
vn -0.299766 -0.481477 0.823602
vn -0.438228 -0.481479 0.759035
vn -0.354674 -0.704857 0.614315
vn -0.438228 -0.481479 0.759035
vn -0.299766 -0.481477 0.823602
vn -0.341090 -0.073695 0.937138
vn -0.341090 -0.073695 0.937138
vn -0.498640 -0.073693 0.863671
vn -0.438228 -0.481479 0.759035
vn -0.498640 -0.073693 0.863671
vn -0.341090 -0.073695 0.937138
vn -0.315364 0.387038 0.866457
vn -0.315364 0.387038 0.866457
vn -0.461031 0.387039 0.798530
vn -0.498640 -0.073693 0.863671
vn -0.461031 0.387039 0.798530
vn -0.315364 0.387038 0.866457
vn -0.252821 0.673488 0.694619
vn -0.252821 0.673488 0.694619
vn -0.369599 0.673488 0.640165
vn -0.461031 0.387039 0.798530
vn -0.369599 0.673488 0.640165
vn -0.252821 0.673488 0.694619
vn -0.204879 0.800729 0.562901
vn -0.204879 0.800729 0.562901
vn -0.299513 0.800729 0.518772
vn -0.369599 0.673488 0.640165
vn -0.299513 0.800729 0.518772
vn -0.204879 0.800729 0.562901
vn -0.175133 0.858953 0.481173
vn -0.175133 0.858953 0.481173
vn -0.256027 0.858953 0.443452
vn -0.299513 0.800729 0.518772
vn -0.256027 0.858953 0.443452
vn -0.175133 0.858953 0.481173
vn -0.157619 0.887479 0.433055
vn -0.157619 0.887479 0.433055
vn -0.230424 0.887479 0.399106
vn -0.256027 0.858953 0.443452
vn -0.230424 0.887479 0.399106
vn -0.157619 0.887479 0.433055
vn -0.148348 0.901038 0.407583
vn -0.148348 0.901038 0.407583
vn -0.216871 0.901038 0.375630
vn -0.230424 0.887479 0.399106
vn -0.216871 0.901038 0.375630
vn -0.148348 0.901038 0.407583
vn -0.145361 0.905191 0.399374
vn -0.145361 0.905191 0.399374
vn -0.212503 0.905191 0.368065
vn -0.216871 0.901038 0.375630
vn -0.500000 0.000001 0.866026
vn -0.342020 0.000000 0.939693
vn -0.342020 0.000000 0.939693
vn -0.342020 0.000000 0.939693
vn -0.500000 0.000001 0.866025
vn -0.500000 0.000001 0.866026
vn -0.135034 -0.962841 0.233887
vn -0.092368 -0.962841 0.253781
vn -0.111333 -0.945536 0.305886
vn -0.111333 -0.945536 0.305886
vn -0.162759 -0.945536 0.281907
vn -0.135034 -0.962841 0.233887
vn -0.162759 -0.945536 0.281907
vn -0.111333 -0.945536 0.305886
vn -0.144564 -0.906280 0.397188
vn -0.144564 -0.906280 0.397188
vn -0.211339 -0.906279 0.366051
vn -0.162759 -0.945536 0.281907
vn -0.211339 -0.906279 0.366051
vn -0.144564 -0.906280 0.397188
vn -0.174580 -0.859914 0.479655
vn -0.174580 -0.859914 0.479655
vn -0.255219 -0.859914 0.442053
vn -0.211339 -0.906279 0.366051
vn -0.255219 -0.859914 0.442053
vn -0.174580 -0.859914 0.479655
vn -0.204433 -0.801703 0.561676
vn -0.204433 -0.801703 0.561676
vn -0.298861 -0.801704 0.517642
vn -0.255219 -0.859914 0.442053
vn -0.298861 -0.801704 0.517642
vn -0.204433 -0.801703 0.561676
vn -0.238352 -0.717173 0.654867
vn -0.238352 -0.717173 0.654867
vn -0.348447 -0.717173 0.603529
vn -0.298861 -0.801704 0.517642
vn -0.348447 -0.717173 0.603529
vn -0.238352 -0.717173 0.654867
vn -0.283168 -0.560835 0.777998
vn -0.283168 -0.560835 0.777998
vn -0.413964 -0.560835 0.717007
vn -0.348447 -0.717173 0.603529
vn -0.413964 -0.560835 0.717007
vn -0.283168 -0.560835 0.777998
vn -0.304849 -0.453376 0.837566
vn -0.304849 -0.453376 0.837566
vn -0.445659 -0.453377 0.771905
vn -0.413964 -0.560835 0.717007
vn -0.498191 0.084984 0.862893
vn -0.340783 0.084985 0.936293
vn -0.332190 0.238021 0.912686
vn -0.332190 0.238021 0.912686
vn -0.485630 0.238021 0.841136
vn -0.498191 0.084984 0.862893
vn -0.485630 0.238021 0.841136
vn -0.332190 0.238021 0.912686
vn -0.304715 0.454146 0.837198
vn -0.304715 0.454146 0.837198
vn -0.445463 0.454146 0.771566
vn -0.485630 0.238021 0.841136
vn -0.445463 0.454146 0.771566
vn -0.304715 0.454146 0.837198
vn -0.283884 0.557730 0.779966
vn -0.283884 0.557730 0.779966
vn -0.415011 0.557730 0.718821
vn -0.445463 0.454146 0.771566
vn -0.415011 0.557730 0.718821
vn -0.283884 0.557730 0.779966
vn -0.267373 0.623596 0.734602
vn -0.267373 0.623596 0.734602
vn -0.390873 0.623596 0.677013
vn -0.415011 0.557730 0.718821
vn -0.390873 0.623596 0.677013
vn -0.267373 0.623596 0.734602
vn -0.252763 0.673672 0.694462
vn -0.252763 0.673672 0.694462
vn -0.369515 0.673672 0.640019
vn -0.390873 0.623596 0.677013
vn -0.369515 0.673672 0.640019
vn -0.252763 0.673672 0.694462
vn -0.238647 0.716335 0.655676
vn -0.238647 0.716335 0.655676
vn -0.348878 0.716335 0.604275
vn -0.369515 0.673672 0.640019
vn -0.348878 0.716335 0.604275
vn -0.238647 0.716335 0.655676
vn -0.231190 0.736944 0.635189
vn -0.231190 0.736944 0.635189
vn -0.337977 0.736944 0.585393
vn -0.348878 0.716335 0.604275
vn -0.499939 0.015597 0.865920
vn -0.341978 0.015597 0.939578
vn -0.341978 0.015597 0.939578
vn -0.341978 0.015597 0.939578
vn -0.499939 0.015597 0.865920
vn -0.499939 0.015597 0.865920
vn -0.150445 0.953659 0.260578
vn -0.102910 0.953659 0.282744
vn -0.102910 0.953659 0.282744
vn -0.102910 0.953659 0.282744
vn -0.150445 0.953659 0.260578
vn -0.150445 0.953659 0.260578
vn -0.500000 0.000000 0.866026
vn -0.342020 0.000000 0.939693
vn -0.342020 0.000000 0.939693
vn -0.342020 0.000000 0.939693
vn -0.500000 0.000000 0.866026
vn -0.500000 0.000000 0.866026
vn -0.260659 -0.853363 0.451474
vn -0.178301 -0.853363 0.489877
vn -0.179893 -0.850502 0.494252
vn -0.179893 -0.850502 0.494252
vn -0.262986 -0.850502 0.455506
vn -0.260659 -0.853363 0.451474
vn -0.262986 -0.850502 0.455506
vn -0.179893 -0.850502 0.494252
vn -0.184164 -0.842651 0.505987
vn -0.184164 -0.842651 0.505987
vn -0.269230 -0.842651 0.466320
vn -0.262986 -0.850502 0.455506
vn -0.269230 -0.842651 0.466320
vn -0.184164 -0.842651 0.505987
vn -0.190243 -0.831027 0.522687
vn -0.190243 -0.831027 0.522687
vn -0.278116 -0.831026 0.481712
vn -0.269230 -0.842651 0.466320
vn -0.278116 -0.831026 0.481712
vn -0.190243 -0.831027 0.522687
vn -0.197128 -0.817193 0.541605
vn -0.197128 -0.817193 0.541605
vn -0.288182 -0.817193 0.499146
vn -0.278116 -0.831026 0.481712
vn -0.288182 -0.817193 0.499146
vn -0.197128 -0.817193 0.541605
vn -0.204003 -0.802639 0.560494
vn -0.204003 -0.802639 0.560494
vn -0.298232 -0.802640 0.516553
vn -0.288182 -0.817193 0.499146
vn -0.298232 -0.802640 0.516553
vn -0.204003 -0.802639 0.560494
vn -0.210357 -0.788493 0.577952
vn -0.210357 -0.788493 0.577952
vn -0.307521 -0.788493 0.532643
vn -0.298232 -0.802640 0.516553
vn -0.307521 -0.788493 0.532643
vn -0.210357 -0.788493 0.577952
vn -0.243649 -0.701791 0.669421
vn -0.243649 -0.701791 0.669421
vn -0.356192 -0.701790 0.616942
vn -0.307521 -0.788493 0.532643
vn -0.356192 -0.701790 0.616942
vn -0.243649 -0.701791 0.669421
vn -0.268699 -0.618705 0.738245
vn -0.268699 -0.618705 0.738245
vn -0.392812 -0.618703 0.680371
vn -0.356192 -0.701790 0.616942
vn -0.499503 0.044543 0.865166
vn -0.341681 0.044543 0.938760
vn -0.341681 0.044543 0.938760
vn -0.341681 0.044543 0.938760
vn -0.499504 0.044543 0.865166
vn -0.499503 0.044543 0.865166
vn -0.394552 0.614259 0.683385
vn -0.269889 0.614261 0.741514
vn -0.238455 0.716881 0.655150
vn -0.238455 0.716881 0.655150
vn -0.348598 0.716880 0.603790
vn -0.394552 0.614259 0.683385
vn -0.348598 0.716880 0.603790
vn -0.238455 0.716881 0.655150
vn -0.181491 0.847595 0.498642
vn -0.181491 0.847595 0.498642
vn -0.265321 0.847596 0.459550
vn -0.348598 0.716880 0.603790
vn -0.265321 0.847596 0.459550
vn -0.181491 0.847595 0.498642
vn -0.151793 0.896119 0.417049
vn -0.151793 0.896119 0.417049
vn -0.221907 0.896119 0.384354
vn -0.265321 0.847596 0.459550
vn -0.221907 0.896119 0.384354
vn -0.151793 0.896119 0.417049
vn -0.137431 0.915718 0.377589
vn -0.137431 0.915718 0.377589
vn -0.200910 0.915718 0.347987
vn -0.221907 0.896119 0.384354
vn -0.200910 0.915718 0.347987
vn -0.137431 0.915718 0.377589
vn -0.132997 0.921297 0.365408
vn -0.132997 0.921297 0.365408
vn -0.194429 0.921298 0.336761
vn -0.200910 0.915718 0.347987
vn -0.497779 0.094139 0.862180
vn -0.340501 0.094139 0.935520
vn -0.339899 0.111185 0.933866
vn -0.339899 0.111185 0.933866
vn -0.496900 0.111185 0.860656
vn -0.497779 0.094139 0.862180
vn -0.496900 0.111185 0.860656
vn -0.339899 0.111185 0.933866
vn -0.339189 0.128408 0.931913
vn -0.339189 0.128408 0.931913
vn -0.495861 0.128408 0.858856
vn -0.496900 0.111185 0.860656
vn -0.002321 -0.999989 0.004020
vn -0.001588 -0.999989 0.004362
vn -0.001588 -0.999989 0.004362
vn -0.001588 -0.999989 0.004362
vn -0.002321 -0.999989 0.004020
vn -0.002321 -0.999989 0.004020
vn -0.500000 0.000296 0.866025
vn -0.342020 0.000296 0.939693
vn -0.342020 0.000296 0.939693
vn -0.342020 0.000296 0.939693
vn -0.500000 0.000296 0.866025
vn -0.500000 0.000296 0.866025
vn 0.000410 -1.000000 -0.000711
vn 0.000281 -1.000000 -0.000771
vn 0.000281 -1.000000 -0.000771
vn 0.000281 -1.000000 -0.000771
vn 0.000410 -1.000000 -0.000711
vn 0.000410 -1.000000 -0.000711
vn -0.500000 -0.000076 0.866025
vn -0.342021 -0.000076 0.939692
vn -0.342021 -0.000076 0.939692
vn -0.342021 -0.000076 0.939692
vn -0.500000 -0.000076 0.866025
vn -0.500000 -0.000076 0.866025
vn 0.000165 -1.000000 -0.000284
vn 0.000113 -1.000000 -0.000308
vn 0.000113 -1.000000 -0.000308
vn 0.000113 -1.000000 -0.000308
vn 0.000165 -1.000000 -0.000284
vn 0.000165 -1.000000 -0.000284
vn -0.500000 0.000000 0.866025
vn -0.342020 0.000000 0.939693
vn -0.342020 0.000000 0.939693
vn -0.342020 0.000000 0.939693
vn -0.500000 0.000000 0.866025
vn -0.500000 0.000000 0.866025
vn 0.000212 -1.000000 -0.000366
vn 0.000146 -1.000000 -0.000398
vn 0.000146 -1.000000 -0.000398
vn 0.000146 -1.000000 -0.000398
vn 0.000212 -1.000000 -0.000366
vn 0.000212 -1.000000 -0.000366
vn -0.500000 0.000553 0.866025
vn -0.342020 0.000553 0.939692
vn -0.342027 -0.000480 0.939690
vn -0.342027 -0.000480 0.939690
vn -0.474548 -0.000128 0.880230
vn -0.500000 0.000553 0.866025
vn -0.000818 0.999999 0.001317
vn -0.000528 0.999999 0.001450
vn 0.000000 1.000000 0.000000
vn 0.000000 -1.000000 0.000000
vn 0.000000 -1.000000 0.000000
vn 0.000000 -1.000000 0.000000
vn -0.342020 0.000000 0.939693
vn -0.173648 0.000000 0.984808
vn -0.173648 0.000000 0.984808
vn -0.173648 0.000000 0.984808
vn -0.342020 0.000000 0.939693
vn -0.342020 0.000000 0.939693
vn -0.141510 -0.910390 0.388799
vn -0.071847 -0.910390 0.407465
vn -0.073385 -0.906313 0.416186
vn -0.073385 -0.906313 0.416186
vn -0.144540 -0.906313 0.397121
vn -0.141510 -0.910390 0.388799
vn -0.144540 -0.906313 0.397121
vn -0.073385 -0.906313 0.416186
vn -0.078107 -0.893128 0.442970
vn -0.078107 -0.893128 0.442970
vn -0.153841 -0.893128 0.422677
vn -0.144540 -0.906313 0.397121
vn -0.153841 -0.893128 0.422677
vn -0.078107 -0.893128 0.442970
vn -0.086839 -0.865974 0.492492
vn -0.086839 -0.865974 0.492492
vn -0.171040 -0.865974 0.469931
vn -0.153841 -0.893128 0.422677
vn -0.171040 -0.865974 0.469931
vn -0.086839 -0.865974 0.492492
vn -0.101151 -0.812825 0.573658
vn -0.101151 -0.812825 0.573658
vn -0.199228 -0.812826 0.547378
vn -0.171040 -0.865974 0.469931
vn -0.199228 -0.812826 0.547378
vn -0.101151 -0.812825 0.573658
vn -0.123177 -0.704857 0.698573
vn -0.123177 -0.704857 0.698573
vn -0.242612 -0.704856 0.666571
vn -0.199228 -0.812826 0.547378
vn -0.242612 -0.704856 0.666571
vn -0.123177 -0.704857 0.698573
vn -0.152195 -0.481478 0.863143
vn -0.152195 -0.481478 0.863143
vn -0.299766 -0.481477 0.823602
vn -0.242612 -0.704856 0.666571
vn -0.299766 -0.481477 0.823602
vn -0.152195 -0.481478 0.863143
vn -0.173176 -0.073693 0.982130
vn -0.173176 -0.073693 0.982130
vn -0.341090 -0.073695 0.937138
vn -0.299766 -0.481477 0.823602
vn -0.341090 -0.073695 0.937138
vn -0.173176 -0.073693 0.982130
vn -0.160114 0.387038 0.908056
vn -0.160114 0.387038 0.908056
vn -0.315364 0.387038 0.866457
vn -0.341090 -0.073695 0.937138
vn -0.315364 0.387038 0.866457
vn -0.160114 0.387038 0.908056
vn -0.128360 0.673488 0.727968
vn -0.128360 0.673488 0.727968
vn -0.252821 0.673488 0.694619
vn -0.315364 0.387038 0.866457
vn -0.252821 0.673488 0.694619
vn -0.128360 0.673488 0.727968
vn -0.104020 0.800729 0.589926
vn -0.104020 0.800729 0.589926
vn -0.204879 0.800729 0.562901
vn -0.252821 0.673488 0.694619
vn -0.204879 0.800729 0.562901
vn -0.104020 0.800729 0.589926
vn -0.088917 0.858953 0.504276
vn -0.088917 0.858953 0.504276
vn -0.175133 0.858953 0.481173
vn -0.204879 0.800729 0.562901
vn -0.175133 0.858953 0.481173
vn -0.088917 0.858953 0.504276
vn -0.080025 0.887479 0.453846
vn -0.080025 0.887479 0.453846
vn -0.157619 0.887479 0.433055
vn -0.175133 0.858953 0.481173
vn -0.157619 0.887479 0.433055
vn -0.080025 0.887479 0.453846
vn -0.075318 0.901038 0.427151
vn -0.075318 0.901038 0.427151
vn -0.148348 0.901038 0.407583
vn -0.157619 0.887479 0.433055
vn -0.148348 0.901038 0.407583
vn -0.075318 0.901038 0.427151
vn -0.073801 0.905191 0.418548
vn -0.073801 0.905191 0.418548
vn -0.145361 0.905191 0.399374
vn -0.148348 0.901038 0.407583
vn -0.342020 0.000000 0.939693
vn -0.173648 0.000000 0.984808
vn -0.173648 0.000000 0.984808
vn -0.173648 0.000000 0.984808
vn -0.342020 0.000000 0.939693
vn -0.342020 0.000000 0.939693
vn -0.092368 -0.962841 0.253781
vn -0.046897 -0.962841 0.265965
vn -0.056525 -0.945536 0.320571
vn -0.056525 -0.945536 0.320571
vn -0.111333 -0.945536 0.305886
vn -0.092368 -0.962841 0.253781
vn -0.111333 -0.945536 0.305886
vn -0.056525 -0.945536 0.320571
vn -0.073397 -0.906280 0.416257
vn -0.073397 -0.906280 0.416257
vn -0.144564 -0.906280 0.397188
vn -0.111333 -0.945536 0.305886
vn -0.144564 -0.906280 0.397188
vn -0.073397 -0.906280 0.416257
vn -0.088637 -0.859914 0.502684
vn -0.088637 -0.859914 0.502684
vn -0.174580 -0.859914 0.479655
vn -0.144564 -0.906280 0.397188
vn -0.174580 -0.859914 0.479655
vn -0.088637 -0.859914 0.502684
vn -0.103793 -0.801703 0.588642
vn -0.103793 -0.801703 0.588642
vn -0.204433 -0.801703 0.561676
vn -0.174580 -0.859914 0.479655
vn -0.204433 -0.801703 0.561676
vn -0.103793 -0.801703 0.588642
vn -0.121014 -0.717173 0.686308
vn -0.121014 -0.717173 0.686308
vn -0.238352 -0.717173 0.654867
vn -0.204433 -0.801703 0.561676
vn -0.238352 -0.717173 0.654867
vn -0.121014 -0.717173 0.686308
vn -0.143768 -0.560834 0.815350
vn -0.143768 -0.560834 0.815350
vn -0.283168 -0.560835 0.777998
vn -0.238352 -0.717173 0.654867
vn -0.283168 -0.560835 0.777998
vn -0.143768 -0.560834 0.815350
vn -0.154776 -0.453374 0.877779
vn -0.154776 -0.453374 0.877779
vn -0.304849 -0.453376 0.837566
vn -0.283168 -0.560835 0.777998
vn -0.340783 0.084985 0.936293
vn -0.173020 0.084985 0.981245
vn -0.168657 0.238021 0.956505
vn -0.168657 0.238021 0.956505
vn -0.332190 0.238021 0.912686
vn -0.340783 0.084985 0.936293
vn -0.332190 0.238021 0.912686
vn -0.168657 0.238021 0.956505
vn -0.154708 0.454146 0.877392
vn -0.154708 0.454146 0.877392
vn -0.304715 0.454146 0.837198
vn -0.332190 0.238021 0.912686
vn -0.304715 0.454146 0.837198
vn -0.154708 0.454146 0.877392
vn -0.144132 0.557730 0.817413
vn -0.144132 0.557730 0.817413
vn -0.283884 0.557730 0.779966
vn -0.304715 0.454146 0.837198
vn -0.283884 0.557730 0.779966
vn -0.144132 0.557730 0.817413
vn -0.135749 0.623596 0.769871
vn -0.135749 0.623596 0.769871
vn -0.267373 0.623596 0.734602
vn -0.283884 0.557730 0.779966
vn -0.267373 0.623596 0.734602
vn -0.135749 0.623596 0.769871
vn -0.128331 0.673672 0.727803
vn -0.128331 0.673672 0.727803
vn -0.252763 0.673672 0.694462
vn -0.267373 0.623596 0.734602
vn -0.252763 0.673672 0.694462
vn -0.128331 0.673672 0.727803
vn -0.121164 0.716335 0.687156
vn -0.121164 0.716335 0.687156
vn -0.238647 0.716335 0.655676
vn -0.252763 0.673672 0.694462
vn -0.238647 0.716335 0.655676
vn -0.121164 0.716335 0.687156
vn -0.117378 0.736944 0.665684
vn -0.117378 0.736944 0.665684
vn -0.231190 0.736944 0.635189
vn -0.238647 0.716335 0.655676
vn -0.341978 0.015597 0.939578
vn -0.173627 0.015597 0.984688
vn -0.173627 0.015597 0.984688
vn -0.173627 0.015597 0.984688
vn -0.341978 0.015597 0.939578
vn -0.341978 0.015597 0.939578
vn -0.102910 0.953659 0.282744
vn -0.052249 0.953659 0.296319
vn -0.052249 0.953659 0.296319
vn -0.052249 0.953659 0.296319
vn -0.102910 0.953659 0.282744
vn -0.102910 0.953659 0.282744
vn -0.342020 0.000000 0.939693
vn -0.173648 0.000000 0.984808
vn -0.173648 0.000000 0.984808
vn -0.173648 0.000000 0.984808
vn -0.342020 0.000000 0.939693
vn -0.342020 0.000000 0.939693
vn -0.178301 -0.853363 0.489877
vn -0.090526 -0.853363 0.513398
vn -0.091334 -0.850502 0.517982
vn -0.091334 -0.850502 0.517982
vn -0.179893 -0.850502 0.494252
vn -0.178301 -0.853363 0.489877
vn -0.179893 -0.850502 0.494252
vn -0.091334 -0.850502 0.517982
vn -0.093502 -0.842651 0.530280
vn -0.093502 -0.842651 0.530280
vn -0.184164 -0.842651 0.505987
vn -0.179893 -0.850502 0.494252
vn -0.184164 -0.842651 0.505987
vn -0.093502 -0.842651 0.530280
vn -0.096589 -0.831026 0.547782
vn -0.096589 -0.831026 0.547782
vn -0.190243 -0.831027 0.522687
vn -0.184164 -0.842651 0.505987
vn -0.190243 -0.831027 0.522687
vn -0.096589 -0.831026 0.547782
vn -0.100085 -0.817193 0.567608
vn -0.100085 -0.817193 0.567608
vn -0.197128 -0.817193 0.541605
vn -0.190243 -0.831027 0.522687
vn -0.197128 -0.817193 0.541605
vn -0.100085 -0.817193 0.567608
vn -0.103575 -0.802639 0.587403
vn -0.103575 -0.802639 0.587403
vn -0.204003 -0.802639 0.560494
vn -0.197128 -0.817193 0.541605
vn -0.204003 -0.802639 0.560494
vn -0.103575 -0.802639 0.587403
vn -0.106801 -0.788493 0.605699
vn -0.106801 -0.788493 0.605699
vn -0.210357 -0.788493 0.577952
vn -0.204003 -0.802639 0.560494
vn -0.210357 -0.788493 0.577952
vn -0.106801 -0.788493 0.605699
vn -0.123704 -0.701791 0.701560
vn -0.123704 -0.701791 0.701560
vn -0.243649 -0.701791 0.669421
vn -0.210357 -0.788493 0.577952
vn -0.243649 -0.701791 0.669421
vn -0.123704 -0.701791 0.701560
vn -0.136422 -0.618705 0.773688
vn -0.136422 -0.618705 0.773688
vn -0.268699 -0.618705 0.738245
vn -0.243649 -0.701791 0.669421
vn -0.341681 0.044543 0.938760
vn -0.173476 0.044541 0.983830
vn -0.173476 0.044541 0.983830
vn -0.173476 0.044541 0.983830
vn -0.341681 0.044543 0.938760
vn -0.341681 0.044543 0.938760
vn -0.269889 0.614261 0.741514
vn -0.137026 0.614261 0.777115
vn -0.121067 0.716881 0.686604
vn -0.121067 0.716881 0.686604
vn -0.238455 0.716881 0.655150
vn -0.269889 0.614261 0.741514
vn -0.238455 0.716881 0.655150
vn -0.121067 0.716881 0.686604
vn -0.092145 0.847596 0.522581
vn -0.092145 0.847596 0.522581
vn -0.181491 0.847595 0.498642
vn -0.238455 0.716881 0.655150
vn -0.181491 0.847595 0.498642
vn -0.092145 0.847596 0.522581
vn -0.077067 0.896119 0.437071
vn -0.077067 0.896119 0.437071
vn -0.151793 0.896119 0.417049
vn -0.181491 0.847595 0.498642
vn -0.151793 0.896119 0.417049
vn -0.077067 0.896119 0.437071
vn -0.069775 0.915718 0.395717
vn -0.069775 0.915718 0.395717
vn -0.137431 0.915718 0.377589
vn -0.151793 0.896119 0.417049
vn -0.137431 0.915718 0.377589
vn -0.069775 0.915718 0.395717
vn -0.067525 0.921297 0.382951
vn -0.067525 0.921297 0.382951
vn -0.132997 0.921297 0.365408
vn -0.137431 0.915718 0.377589
vn -0.340501 0.094139 0.935520
vn -0.172877 0.094139 0.980434
vn -0.172572 0.111185 0.978702
vn -0.172572 0.111185 0.978702
vn -0.339899 0.111185 0.933866
vn -0.340501 0.094139 0.935520
vn -0.339899 0.111185 0.933866
vn -0.172572 0.111185 0.978702
vn -0.172211 0.128408 0.976655
vn -0.172211 0.128408 0.976655
vn -0.339189 0.128408 0.931913
vn -0.339899 0.111185 0.933866
vn -0.001588 -0.999989 0.004362
vn -0.000806 -0.999989 0.004571
vn -0.000806 -0.999989 0.004571
vn -0.000806 -0.999989 0.004571
vn -0.001588 -0.999989 0.004362
vn -0.001588 -0.999989 0.004362
vn -0.342020 0.000296 0.939693
vn -0.173649 0.000296 0.984808
vn -0.173649 0.000296 0.984808
vn -0.173649 0.000296 0.984808
vn -0.342020 0.000296 0.939693
vn -0.342020 0.000296 0.939693
vn 0.000281 -1.000000 -0.000771
vn 0.000142 -1.000000 -0.000808
vn 0.000142 -1.000000 -0.000808
vn 0.000142 -1.000000 -0.000808
vn 0.000281 -1.000000 -0.000771
vn 0.000281 -1.000000 -0.000771
vn -0.342021 -0.000076 0.939692
vn -0.173649 -0.000075 0.984808
vn -0.173649 -0.000076 0.984808
vn -0.173649 -0.000076 0.984808
vn -0.342021 -0.000076 0.939692
vn -0.342021 -0.000076 0.939692
vn 0.000113 -1.000000 -0.000308
vn 0.000057 -1.000000 -0.000324
vn 0.000057 -1.000000 -0.000324
vn 0.000057 -1.000000 -0.000324
vn 0.000113 -1.000000 -0.000308
vn 0.000113 -1.000000 -0.000308
vn -0.342020 0.000000 0.939693
vn -0.173649 0.000000 0.984808
vn -0.173649 0.000000 0.984808
vn -0.173649 0.000000 0.984808
vn -0.342020 0.000000 0.939693
vn -0.342020 0.000000 0.939693
vn 0.000146 -1.000000 -0.000398
vn 0.000074 -1.000000 -0.000417
vn 0.000074 -1.000000 -0.000417
vn 0.000074 -1.000000 -0.000417
vn 0.000146 -1.000000 -0.000398
vn 0.000146 -1.000000 -0.000398
vn -0.342020 0.000553 0.939692
vn -0.173648 0.000553 0.984808
vn -0.173648 -0.000492 0.984808
vn -0.173648 -0.000492 0.984808
vn -0.342027 -0.000480 0.939690
vn -0.342020 0.000553 0.939692
vn -0.000528 0.999999 0.001450
vn -0.000267 0.999999 0.001520
vn 0.000000 1.000000 0.000000
vn 0.000000 -1.000000 0.000000
vn 0.000000 -1.000000 0.000000
vn 0.000000 -1.000000 0.000000
vn -0.173648 0.000000 0.984808
vn 0.000000 0.000001 1.000000
vn 0.000001 0.000001 1.000000
vn 0.000001 0.000001 1.000000
vn -0.173648 0.000000 0.984808
vn -0.173648 0.000000 0.984808
vn -0.071847 -0.910390 0.407465
vn 0.000000 -0.910390 0.413750
vn 0.000000 -0.906313 0.422607
vn 0.000000 -0.906313 0.422607
vn -0.073385 -0.906313 0.416186
vn -0.071847 -0.910390 0.407465
vn -0.073385 -0.906313 0.416186
vn 0.000000 -0.906313 0.422607
vn 0.000000 -0.893128 0.449803
vn 0.000000 -0.893128 0.449803
vn -0.078107 -0.893128 0.442970
vn -0.073385 -0.906313 0.416186
vn -0.078107 -0.893128 0.442970
vn 0.000000 -0.893128 0.449803
vn 0.000000 -0.865974 0.500090
vn 0.000000 -0.865974 0.500090
vn -0.086839 -0.865974 0.492492
vn -0.078107 -0.893128 0.442970
vn -0.086839 -0.865974 0.492492
vn 0.000000 -0.865974 0.500090
vn 0.000000 -0.812826 0.582507
vn 0.000000 -0.812826 0.582507
vn -0.101151 -0.812825 0.573658
vn -0.086839 -0.865974 0.492492
vn -0.101151 -0.812825 0.573658
vn 0.000000 -0.812826 0.582507
vn 0.000000 -0.704856 0.709350
vn 0.000000 -0.704856 0.709350
vn -0.123177 -0.704857 0.698573
vn -0.101151 -0.812825 0.573658
vn -0.123177 -0.704857 0.698573
vn 0.000000 -0.704856 0.709350
vn 0.000001 -0.481479 0.876458
vn 0.000001 -0.481479 0.876458
vn -0.152195 -0.481478 0.863143
vn -0.123177 -0.704857 0.698573
vn -0.152195 -0.481478 0.863143
vn 0.000001 -0.481479 0.876458
vn 0.000001 -0.073694 0.997281
vn 0.000001 -0.073694 0.997281
vn -0.173176 -0.073693 0.982130
vn -0.152195 -0.481478 0.863143
vn -0.173176 -0.073693 0.982130
vn 0.000001 -0.073694 0.997281
vn 0.000001 0.387038 0.922064
vn 0.000001 0.387038 0.922064
vn -0.160114 0.387038 0.908056
vn -0.173176 -0.073693 0.982130
vn -0.160114 0.387038 0.908056
vn 0.000001 0.387038 0.922064
vn 0.000000 0.673487 0.739199
vn 0.000000 0.673487 0.739199
vn -0.128360 0.673488 0.727968
vn -0.160114 0.387038 0.908056
vn -0.128360 0.673488 0.727968
vn 0.000000 0.673487 0.739199
vn 0.000000 0.800730 0.599026
vn 0.000000 0.800730 0.599026
vn -0.104020 0.800729 0.589926
vn -0.128360 0.673488 0.727968
vn -0.104020 0.800729 0.589926
vn 0.000000 0.800730 0.599026
vn 0.000000 0.858953 0.512054
vn 0.000000 0.858953 0.512054
vn -0.088917 0.858953 0.504276
vn -0.104020 0.800729 0.589926
vn -0.088917 0.858953 0.504276
vn 0.000000 0.858953 0.512054
vn 0.000000 0.887479 0.460848
vn 0.000000 0.887479 0.460848
vn -0.080025 0.887479 0.453846
vn -0.088917 0.858953 0.504276
vn -0.080025 0.887479 0.453846
vn 0.000000 0.887479 0.460848
vn 0.000000 0.901038 0.433741
vn 0.000000 0.901038 0.433741
vn -0.075318 0.901038 0.427151
vn -0.080025 0.887479 0.453846
vn -0.075318 0.901038 0.427151
vn 0.000000 0.901038 0.433741
vn 0.000000 0.905191 0.425005
vn 0.000000 0.905191 0.425005
vn -0.073801 0.905191 0.418548
vn -0.075318 0.901038 0.427151
vn -0.173648 0.000000 0.984808
vn 0.000001 -0.000000 1.000000
vn 0.000001 -0.000000 1.000000
vn 0.000001 -0.000000 1.000000
vn -0.173648 0.000000 0.984808
vn -0.173648 0.000000 0.984808
vn -0.046897 -0.962841 0.265965
vn 0.000000 -0.962842 0.270067
vn 0.000000 -0.945536 0.325516
vn 0.000000 -0.945536 0.325516
vn -0.056525 -0.945536 0.320571
vn -0.046897 -0.962841 0.265965
vn -0.056525 -0.945536 0.320571
vn 0.000000 -0.945536 0.325516
vn 0.000000 -0.906280 0.422679
vn 0.000000 -0.906280 0.422679
vn -0.073397 -0.906280 0.416257
vn -0.056525 -0.945536 0.320571
vn -0.073397 -0.906280 0.416257
vn 0.000000 -0.906280 0.422679
vn 0.000000 -0.859914 0.510439
vn 0.000000 -0.859914 0.510439
vn -0.088637 -0.859914 0.502684
vn -0.073397 -0.906280 0.416257
vn -0.088637 -0.859914 0.502684
vn 0.000000 -0.859914 0.510439
vn 0.000000 -0.801703 0.597722
vn 0.000000 -0.801703 0.597722
vn -0.103793 -0.801703 0.588642
vn -0.088637 -0.859914 0.502684
vn -0.103793 -0.801703 0.588642
vn 0.000000 -0.801703 0.597722
vn 0.000000 -0.717173 0.696895
vn 0.000000 -0.717173 0.696895
vn -0.121014 -0.717173 0.686308
vn -0.103793 -0.801703 0.588642
vn -0.121014 -0.717173 0.686308
vn 0.000000 -0.717173 0.696895
vn 0.000000 -0.560835 0.827928
vn 0.000000 -0.560835 0.827928
vn -0.143768 -0.560834 0.815350
vn -0.121014 -0.717173 0.686308
vn -0.143768 -0.560834 0.815350
vn 0.000000 -0.560835 0.827928
vn 0.000000 -0.453377 0.891319
vn 0.000000 -0.453377 0.891319
vn -0.154776 -0.453374 0.877779
vn -0.143768 -0.560834 0.815350
vn -0.173020 0.084985 0.981245
vn 0.000001 0.084982 0.996383
vn 0.000000 0.238020 0.971260
vn 0.000000 0.238020 0.971260
vn -0.168657 0.238021 0.956505
vn -0.173020 0.084985 0.981245
vn -0.168657 0.238021 0.956505
vn 0.000000 0.238020 0.971260
vn 0.000000 0.454147 0.890927
vn 0.000000 0.454147 0.890927
vn -0.154708 0.454146 0.877392
vn -0.168657 0.238021 0.956505
vn -0.154708 0.454146 0.877392
vn 0.000000 0.454147 0.890927
vn 0.000000 0.557730 0.830023
vn 0.000000 0.557730 0.830023
vn -0.144132 0.557730 0.817413
vn -0.154708 0.454146 0.877392
vn -0.144132 0.557730 0.817413
vn 0.000000 0.557730 0.830023
vn 0.000000 0.623596 0.781747
vn 0.000000 0.623596 0.781747
vn -0.135749 0.623596 0.769871
vn -0.144132 0.557730 0.817413
vn -0.135749 0.623596 0.769871
vn 0.000000 0.623596 0.781747
vn 0.000000 0.673672 0.739030
vn 0.000000 0.673672 0.739030
vn -0.128331 0.673672 0.727803
vn -0.135749 0.623596 0.769871
vn -0.128331 0.673672 0.727803
vn 0.000000 0.673672 0.739030
vn 0.000000 0.716335 0.697756
vn 0.000000 0.716335 0.697756
vn -0.121164 0.716335 0.687156
vn -0.128331 0.673672 0.727803
vn -0.121164 0.716335 0.687156
vn 0.000000 0.716335 0.697756
vn 0.000000 0.736944 0.675954
vn 0.000000 0.736944 0.675954
vn -0.117378 0.736944 0.665684
vn -0.121164 0.716335 0.687156
vn -0.173627 0.015597 0.984688
vn 0.000000 0.015597 0.999878
vn 0.000000 0.015597 0.999878
vn 0.000000 0.015597 0.999878
vn -0.173627 0.015597 0.984688
vn -0.173627 0.015597 0.984688
vn -0.052249 0.953659 0.296319
vn 0.000000 0.953659 0.300890
vn 0.000000 0.953659 0.300890
vn 0.000000 0.953659 0.300890
vn -0.052249 0.953659 0.296319
vn -0.052249 0.953659 0.296319
vn -0.173648 0.000000 0.984808
vn 0.000001 -0.000000 1.000000
vn 0.000001 -0.000000 1.000000
vn 0.000001 -0.000000 1.000000
vn -0.173648 0.000000 0.984808
vn -0.173648 0.000000 0.984808
vn -0.090526 -0.853363 0.513398
vn 0.000000 -0.853363 0.521317
vn 0.000000 -0.850502 0.525972
vn 0.000000 -0.850502 0.525972
vn -0.091334 -0.850502 0.517982
vn -0.090526 -0.853363 0.513398
vn -0.091334 -0.850502 0.517982
vn 0.000000 -0.850502 0.525972
vn 0.000000 -0.842651 0.538460
vn 0.000000 -0.842651 0.538460
vn -0.093502 -0.842651 0.530280
vn -0.091334 -0.850502 0.517982
vn -0.093502 -0.842651 0.530280
vn 0.000000 -0.842651 0.538460
vn 0.000000 -0.831027 0.556232
vn 0.000000 -0.831027 0.556232
vn -0.096589 -0.831026 0.547782
vn -0.093502 -0.842651 0.530280
vn -0.096589 -0.831026 0.547782
vn 0.000000 -0.831027 0.556232
vn 0.000000 -0.817193 0.576364
vn 0.000000 -0.817193 0.576364
vn -0.100085 -0.817193 0.567608
vn -0.096589 -0.831026 0.547782
vn -0.100085 -0.817193 0.567608
vn 0.000000 -0.817193 0.576364
vn 0.000000 -0.802639 0.596465
vn 0.000000 -0.802639 0.596465
vn -0.103575 -0.802639 0.587403
vn -0.100085 -0.817193 0.567608
vn -0.103575 -0.802639 0.587403
vn 0.000000 -0.802639 0.596465
vn 0.000000 -0.788494 0.615043
vn 0.000000 -0.788494 0.615043
vn -0.106801 -0.788493 0.605699
vn -0.103575 -0.802639 0.587403
vn -0.106801 -0.788493 0.605699
vn 0.000000 -0.788494 0.615043
vn 0.000000 -0.701791 0.712383
vn 0.000000 -0.701791 0.712383
vn -0.123704 -0.701791 0.701560
vn -0.106801 -0.788493 0.605699
vn -0.123704 -0.701791 0.701560
vn 0.000000 -0.701791 0.712383
vn 0.000000 -0.618704 0.785624
vn 0.000000 -0.618704 0.785624
vn -0.136422 -0.618705 0.773688
vn -0.123704 -0.701791 0.701560
vn -0.173476 0.044541 0.983830
vn 0.000000 0.044541 0.999008
vn 0.000000 0.044541 0.999008
vn 0.000000 0.044541 0.999008
vn -0.173476 0.044541 0.983830
vn -0.173476 0.044541 0.983830
vn -0.137026 0.614261 0.777115
vn 0.000000 0.614261 0.789103
vn 0.000000 0.716880 0.697196
vn 0.000000 0.716880 0.697196
vn -0.121067 0.716881 0.686604
vn -0.137026 0.614261 0.777115
vn -0.121067 0.716881 0.686604
vn 0.000000 0.716880 0.697196
vn 0.000000 0.847595 0.530643
vn 0.000000 0.847595 0.530643
vn -0.092145 0.847596 0.522581
vn -0.121067 0.716881 0.686604
vn -0.092145 0.847596 0.522581
vn 0.000000 0.847595 0.530643
vn 0.000000 0.896119 0.443814
vn 0.000000 0.896119 0.443814
vn -0.077067 0.896119 0.437071
vn -0.092145 0.847596 0.522581
vn -0.077067 0.896119 0.437071
vn 0.000000 0.896119 0.443814
vn 0.000000 0.915718 0.401821
vn 0.000000 0.915718 0.401821
vn -0.069775 0.915718 0.395717
vn -0.077067 0.896119 0.437071
vn -0.069775 0.915718 0.395717
vn 0.000000 0.915718 0.401821
vn 0.000000 0.921297 0.388859
vn 0.000000 0.921297 0.388859
vn -0.067525 0.921297 0.382951
vn -0.069775 0.915718 0.395717
vn -0.172877 0.094139 0.980434
vn 0.000000 0.094139 0.995559
vn 0.000000 0.111185 0.993800
vn 0.000000 0.111185 0.993800
vn -0.172572 0.111185 0.978702
vn -0.172877 0.094139 0.980434
vn -0.172572 0.111185 0.978702
vn 0.000000 0.111185 0.993800
vn 0.000000 0.128408 0.991721
vn 0.000000 0.128408 0.991721
vn -0.172211 0.128408 0.976655
vn -0.172572 0.111185 0.978702
vn -0.000806 -0.999989 0.004571
vn 0.000000 -0.999989 0.004642
vn 0.000000 -0.999989 0.004642
vn 0.000000 -0.999989 0.004642
vn -0.000806 -0.999989 0.004571
vn -0.000806 -0.999989 0.004571
vn -0.173649 0.000296 0.984808
vn 0.000000 0.000296 1.000000
vn 0.000000 0.000296 1.000000
vn 0.000000 0.000296 1.000000
vn -0.173649 0.000296 0.984808
vn -0.173649 0.000296 0.984808
vn 0.000142 -1.000000 -0.000808
vn 0.000000 -1.000000 -0.000821
vn 0.000000 -1.000000 -0.000821
vn 0.000000 -1.000000 -0.000821
vn 0.000142 -1.000000 -0.000808
vn 0.000142 -1.000000 -0.000808
vn -0.173649 -0.000075 0.984808
vn 0.000000 -0.000075 1.000000
vn 0.000000 -0.000075 1.000000
vn 0.000000 -0.000075 1.000000
vn -0.173649 -0.000076 0.984808
vn -0.173649 -0.000075 0.984808
vn 0.000057 -1.000000 -0.000324
vn 0.000000 -1.000000 -0.000329
vn 0.000000 -1.000000 -0.000329
vn 0.000000 -1.000000 -0.000329
vn 0.000057 -1.000000 -0.000324
vn 0.000057 -1.000000 -0.000324
vn -0.173649 0.000000 0.984808
vn 0.000000 0.000000 1.000000
vn 0.000000 0.000000 1.000000
vn 0.000000 0.000000 1.000000
vn -0.173649 0.000000 0.984808
vn -0.173649 0.000000 0.984808
vn 0.000074 -1.000000 -0.000417
vn 0.000000 -1.000000 -0.000423
vn 0.000000 -1.000000 -0.000423
vn 0.000000 -1.000000 -0.000423
vn 0.000074 -1.000000 -0.000417
vn 0.000074 -1.000000 -0.000417
vn -0.173648 0.000553 0.984808
vn 0.000000 0.000553 1.000000
vn 0.000007 -0.000480 1.000000
vn 0.000007 -0.000480 1.000000
vn -0.173648 -0.000492 0.984808
vn -0.173648 0.000553 0.984808
vn -0.000267 0.999999 0.001520
vn 0.000000 0.999999 0.001543
vn 0.000000 1.000000 0.000000
vn 0.000000 -1.000000 0.000000
vn 0.000000 -1.000000 0.000000
vn 0.000000 -1.000000 0.000000
vn 0.000000 0.000001 1.000000
vn 0.173649 0.000001 0.984808
vn 0.173649 0.000001 0.984808
vn 0.173649 0.000001 0.984808
vn 0.000001 0.000001 1.000000
vn 0.000000 0.000001 1.000000
vn 0.000000 -0.910390 0.413750
vn 0.071847 -0.910390 0.407465
vn 0.073385 -0.906313 0.416186
vn 0.073385 -0.906313 0.416186
vn 0.000000 -0.906313 0.422607
vn 0.000000 -0.910390 0.413750
vn 0.000000 -0.906313 0.422607
vn 0.073385 -0.906313 0.416186
vn 0.078108 -0.893128 0.442970
vn 0.078108 -0.893128 0.442970
vn 0.000000 -0.893128 0.449803
vn 0.000000 -0.906313 0.422607
vn 0.000000 -0.893128 0.449803
vn 0.078108 -0.893128 0.442970
vn 0.086840 -0.865974 0.492492
vn 0.086840 -0.865974 0.492492
vn 0.000000 -0.865974 0.500090
vn 0.000000 -0.893128 0.449803
vn 0.000000 -0.865974 0.500090
vn 0.086840 -0.865974 0.492492
vn 0.101152 -0.812825 0.573658
vn 0.101152 -0.812825 0.573658
vn 0.000000 -0.812826 0.582507
vn 0.000000 -0.865974 0.500090
vn 0.000000 -0.812826 0.582507
vn 0.101152 -0.812825 0.573658
vn 0.123178 -0.704857 0.698573
vn 0.123178 -0.704857 0.698573
vn 0.000000 -0.704856 0.709350
vn 0.000000 -0.812826 0.582507
vn 0.000000 -0.704856 0.709350
vn 0.123178 -0.704857 0.698573
vn 0.152196 -0.481479 0.863142
vn 0.152196 -0.481479 0.863142
vn 0.000001 -0.481479 0.876458
vn 0.000000 -0.704856 0.709350
vn 0.000001 -0.481479 0.876458
vn 0.152196 -0.481479 0.863142
vn 0.173177 -0.073693 0.982130
vn 0.173177 -0.073693 0.982130
vn 0.000001 -0.073694 0.997281
vn 0.000001 -0.481479 0.876458
vn 0.000001 -0.073694 0.997281
vn 0.173177 -0.073693 0.982130
vn 0.160115 0.387039 0.908055
vn 0.160115 0.387039 0.908055
vn 0.000001 0.387038 0.922064
vn 0.000001 -0.073694 0.997281
vn 0.000001 0.387038 0.922064
vn 0.160115 0.387039 0.908055
vn 0.128361 0.673488 0.727968
vn 0.128361 0.673488 0.727968
vn 0.000000 0.673487 0.739199
vn 0.000001 0.387038 0.922064
vn 0.000000 0.673487 0.739199
vn 0.128361 0.673488 0.727968
vn 0.104020 0.800729 0.589926
vn 0.104020 0.800729 0.589926
vn 0.000000 0.800730 0.599026
vn 0.000000 0.673487 0.739199
vn 0.000000 0.800730 0.599026
vn 0.104020 0.800729 0.589926
vn 0.088918 0.858953 0.504276
vn 0.088918 0.858953 0.504276
vn 0.000000 0.858953 0.512054
vn 0.000000 0.800730 0.599026
vn 0.000000 0.858953 0.512054
vn 0.088918 0.858953 0.504276
vn 0.080025 0.887480 0.453846
vn 0.080025 0.887480 0.453846
vn 0.000000 0.887479 0.460848
vn 0.000000 0.858953 0.512054
vn 0.000000 0.887479 0.460848
vn 0.080025 0.887480 0.453846
vn 0.075318 0.901038 0.427151
vn 0.075318 0.901038 0.427151
vn 0.000000 0.901038 0.433741
vn 0.000000 0.887479 0.460848
vn 0.000000 0.901038 0.433741
vn 0.075318 0.901038 0.427151
vn 0.073802 0.905191 0.418548
vn 0.073802 0.905191 0.418548
vn 0.000000 0.905191 0.425005
vn 0.000000 0.901038 0.433741
vn 0.000001 -0.000000 1.000000
vn 0.173649 0.000000 0.984808
vn 0.173649 -0.000000 0.984808
vn 0.173649 -0.000000 0.984808
vn 0.000001 -0.000000 1.000000
vn 0.000001 -0.000000 1.000000
vn 0.000000 -0.962842 0.270067
vn 0.046897 -0.962841 0.265965
vn 0.056525 -0.945536 0.320571
vn 0.056525 -0.945536 0.320571
vn 0.000000 -0.945536 0.325516
vn 0.000000 -0.962842 0.270067
vn 0.000000 -0.945536 0.325516
vn 0.056525 -0.945536 0.320571
vn 0.073398 -0.906280 0.416257
vn 0.073398 -0.906280 0.416257
vn 0.000000 -0.906280 0.422679
vn 0.000000 -0.945536 0.325516
vn 0.000000 -0.906280 0.422679
vn 0.073398 -0.906280 0.416257
vn 0.088637 -0.859915 0.502683
vn 0.088637 -0.859915 0.502683
vn 0.000000 -0.859914 0.510439
vn 0.000000 -0.906280 0.422679
vn 0.000000 -0.859914 0.510439
vn 0.088637 -0.859915 0.502683
vn 0.103794 -0.801702 0.588643
vn 0.103794 -0.801702 0.588643
vn 0.000000 -0.801703 0.597722
vn 0.000000 -0.859914 0.510439
vn 0.000000 -0.801703 0.597722
vn 0.103794 -0.801702 0.588643
vn 0.121015 -0.717173 0.686308
vn 0.121015 -0.717173 0.686308
vn 0.000000 -0.717173 0.696895
vn 0.000000 -0.801703 0.597722
vn 0.000000 -0.717173 0.696895
vn 0.121015 -0.717173 0.686308
vn 0.143768 -0.560836 0.815349
vn 0.143768 -0.560836 0.815349
vn 0.000000 -0.560835 0.827928
vn 0.000000 -0.717173 0.696895
vn 0.000000 -0.560835 0.827928
vn 0.143768 -0.560836 0.815349
vn 0.154776 -0.453378 0.877777
vn 0.154776 -0.453378 0.877777
vn 0.000000 -0.453377 0.891319
vn 0.000000 -0.560835 0.827928
vn 0.000001 0.084982 0.996383
vn 0.173020 0.084985 0.981245
vn 0.168658 0.238022 0.956504
vn 0.168658 0.238022 0.956504
vn 0.000000 0.238020 0.971260
vn 0.000001 0.084982 0.996383
vn 0.000000 0.238020 0.971260
vn 0.168658 0.238022 0.956504
vn 0.154708 0.454146 0.877392
vn 0.154708 0.454146 0.877392
vn 0.000000 0.454147 0.890927
vn 0.000000 0.238020 0.971260
vn 0.000000 0.454147 0.890927
vn 0.154708 0.454146 0.877392
vn 0.144132 0.557730 0.817413
vn 0.144132 0.557730 0.817413
vn 0.000000 0.557730 0.830023
vn 0.000000 0.454147 0.890927
vn 0.000000 0.557730 0.830023
vn 0.144132 0.557730 0.817413
vn 0.135749 0.623596 0.769870
vn 0.135749 0.623596 0.769870
vn 0.000000 0.623596 0.781747
vn 0.000000 0.557730 0.830023
vn 0.000000 0.623596 0.781747
vn 0.135749 0.623596 0.769870
vn 0.128332 0.673672 0.727803
vn 0.128332 0.673672 0.727803
vn 0.000000 0.673672 0.739030
vn 0.000000 0.623596 0.781747
vn 0.000000 0.673672 0.739030
vn 0.128332 0.673672 0.727803
vn 0.121164 0.716335 0.687156
vn 0.121164 0.716335 0.687156
vn 0.000000 0.716335 0.697756
vn 0.000000 0.673672 0.739030
vn 0.000000 0.716335 0.697756
vn 0.121164 0.716335 0.687156
vn 0.117378 0.736944 0.665684
vn 0.117378 0.736944 0.665684
vn 0.000000 0.736944 0.675954
vn 0.000000 0.716335 0.697756
vn 0.000000 0.015597 0.999878
vn 0.173628 0.015597 0.984688
vn 0.173627 0.015597 0.984688
vn 0.173627 0.015597 0.984688
vn 0.000000 0.015597 0.999878
vn 0.000000 0.015597 0.999878
vn 0.000000 0.953659 0.300890
vn 0.052249 0.953659 0.296319
vn 0.052249 0.953659 0.296319
vn 0.052249 0.953659 0.296319
vn 0.000000 0.953659 0.300890
vn 0.000000 0.953659 0.300890
vn 0.000001 -0.000000 1.000000
vn 0.173649 0.000000 0.984808
vn 0.173649 -0.000000 0.984808
vn 0.173649 -0.000000 0.984808
vn 0.000001 -0.000000 1.000000
vn 0.000001 -0.000000 1.000000
vn 0.000000 -0.853363 0.521317
vn 0.090526 -0.853364 0.513396
vn 0.091334 -0.850502 0.517982
vn 0.091334 -0.850502 0.517982
vn 0.000000 -0.850502 0.525972
vn 0.000000 -0.853363 0.521317
vn 0.000000 -0.850502 0.525972
vn 0.091334 -0.850502 0.517982
vn 0.093503 -0.842651 0.530280
vn 0.093503 -0.842651 0.530280
vn 0.000000 -0.842651 0.538460
vn 0.000000 -0.850502 0.525972
vn 0.000000 -0.842651 0.538460
vn 0.093503 -0.842651 0.530280
vn 0.096589 -0.831026 0.547782
vn 0.096589 -0.831026 0.547782
vn 0.000000 -0.831027 0.556232
vn 0.000000 -0.842651 0.538460
vn 0.000000 -0.831027 0.556232
vn 0.096589 -0.831026 0.547782
vn 0.100085 -0.817193 0.567608
vn 0.100085 -0.817193 0.567608
vn 0.000000 -0.817193 0.576364
vn 0.000000 -0.831027 0.556232
vn 0.000000 -0.817193 0.576364
vn 0.100085 -0.817193 0.567608
vn 0.103575 -0.802639 0.587403
vn 0.103575 -0.802639 0.587403
vn 0.000000 -0.802639 0.596465
vn 0.000000 -0.817193 0.576364
vn 0.000000 -0.802639 0.596465
vn 0.103575 -0.802639 0.587403
vn 0.106801 -0.788493 0.605699
vn 0.106801 -0.788493 0.605699
vn 0.000000 -0.788494 0.615043
vn 0.000000 -0.802639 0.596465
vn 0.000000 -0.788494 0.615043
vn 0.106801 -0.788493 0.605699
vn 0.123704 -0.701792 0.701559
vn 0.123704 -0.701792 0.701559
vn 0.000000 -0.701791 0.712383
vn 0.000000 -0.788494 0.615043
vn 0.000000 -0.701791 0.712383
vn 0.123704 -0.701792 0.701559
vn 0.136422 -0.618706 0.773687
vn 0.136422 -0.618706 0.773687
vn 0.000000 -0.618704 0.785624
vn 0.000000 -0.701791 0.712383
vn 0.000000 0.044541 0.999008
vn 0.173476 0.044544 0.983830
vn 0.173476 0.044544 0.983830
vn 0.173476 0.044544 0.983830
vn 0.000000 0.044541 0.999008
vn 0.000000 0.044541 0.999008
vn 0.000000 0.614261 0.789103
vn 0.137027 0.614261 0.777115
vn 0.121067 0.716880 0.686604
vn 0.121067 0.716880 0.686604
vn 0.000000 0.716880 0.697196
vn 0.000000 0.614261 0.789103
vn 0.000000 0.716880 0.697196
vn 0.121067 0.716880 0.686604
vn 0.092146 0.847595 0.522582
vn 0.092146 0.847595 0.522582
vn 0.000000 0.847595 0.530643
vn 0.000000 0.716880 0.697196
vn 0.000000 0.847595 0.530643
vn 0.092146 0.847595 0.522582
vn 0.077068 0.896119 0.437071
vn 0.077068 0.896119 0.437071
vn 0.000000 0.896119 0.443814
vn 0.000000 0.847595 0.530643
vn 0.000000 0.896119 0.443814
vn 0.077068 0.896119 0.437071
vn 0.069776 0.915718 0.395717
vn 0.069776 0.915718 0.395717
vn 0.000000 0.915718 0.401821
vn 0.000000 0.896119 0.443814
vn 0.000000 0.915718 0.401821
vn 0.069776 0.915718 0.395717
vn 0.067525 0.921297 0.382951
vn 0.067525 0.921297 0.382951
vn 0.000000 0.921297 0.388859
vn 0.000000 0.915718 0.401821
vn 0.000000 0.094139 0.995559
vn 0.172877 0.094139 0.980434
vn 0.172572 0.111185 0.978702
vn 0.172572 0.111185 0.978702
vn 0.000000 0.111185 0.993800
vn 0.000000 0.094139 0.995559
vn 0.000000 0.111185 0.993800
vn 0.172572 0.111185 0.978702
vn 0.172210 0.128408 0.976655
vn 0.172210 0.128408 0.976655
vn 0.000000 0.128408 0.991721
vn 0.000000 0.111185 0.993800
vn 0.000000 -0.999989 0.004642
vn 0.000806 -0.999989 0.004571
vn 0.000806 -0.999989 0.004571
vn 0.000806 -0.999989 0.004571
vn 0.000000 -0.999989 0.004642
vn 0.000000 -0.999989 0.004642
vn 0.000000 0.000296 1.000000
vn 0.173648 0.000296 0.984808
vn 0.173648 0.000296 0.984808
vn 0.173648 0.000296 0.984808
vn 0.000000 0.000296 1.000000
vn 0.000000 0.000296 1.000000
vn 0.000000 -1.000000 -0.000821
vn -0.000142 -1.000000 -0.000808
vn -0.000142 -1.000000 -0.000808
vn -0.000142 -1.000000 -0.000808
vn 0.000000 -1.000000 -0.000821
vn 0.000000 -1.000000 -0.000821
vn 0.000000 -0.000075 1.000000
vn 0.173648 -0.000076 0.984808
vn 0.173648 -0.000075 0.984808
vn 0.173648 -0.000075 0.984808
vn 0.000000 -0.000075 1.000000
vn 0.000000 -0.000075 1.000000
vn 0.000000 -1.000000 -0.000329
vn -0.000057 -1.000000 -0.000324
vn -0.000057 -1.000000 -0.000324
vn -0.000057 -1.000000 -0.000324
vn 0.000000 -1.000000 -0.000329
vn 0.000000 -1.000000 -0.000329
vn 0.000000 0.000000 1.000000
vn 0.173648 0.000000 0.984808
vn 0.173648 0.000000 0.984808
vn 0.173648 0.000000 0.984808
vn 0.000000 0.000000 1.000000
vn 0.000000 0.000000 1.000000
vn 0.000000 -1.000000 -0.000423
vn -0.000074 -1.000000 -0.000417
vn -0.000074 -1.000000 -0.000417
vn -0.000074 -1.000000 -0.000417
vn 0.000000 -1.000000 -0.000423
vn 0.000000 -1.000000 -0.000423
vn 0.000000 0.000553 1.000000
vn 0.173648 0.000553 0.984808
vn 0.144872 -0.000128 0.989450
vn 0.144872 -0.000128 0.989450
vn 0.000007 -0.000480 1.000000
vn 0.000000 0.000553 1.000000
vn 0.000000 0.999999 0.001543
vn 0.000316 0.999999 0.001517
vn 0.000000 1.000000 0.000000
vn 0.000000 -1.000000 0.000000
vn 0.000000 -1.000000 0.000000
vn 0.000000 -1.000000 0.000000
vn 0.173649 0.000001 0.984808
vn 0.342021 0.000000 0.939692
vn 0.342021 0.000000 0.939692
vn 0.342021 0.000000 0.939692
vn 0.173649 0.000001 0.984808
vn 0.173649 0.000001 0.984808
vn 0.071847 -0.910390 0.407465
vn 0.141511 -0.910390 0.388799
vn 0.144540 -0.906313 0.397121
vn 0.144540 -0.906313 0.397121
vn 0.073385 -0.906313 0.416186
vn 0.071847 -0.910390 0.407465
vn 0.073385 -0.906313 0.416186
vn 0.144540 -0.906313 0.397121
vn 0.153841 -0.893128 0.422677
vn 0.153841 -0.893128 0.422677
vn 0.078108 -0.893128 0.442970
vn 0.073385 -0.906313 0.416186
vn 0.078108 -0.893128 0.442970
vn 0.153841 -0.893128 0.422677
vn 0.171041 -0.865974 0.469930
vn 0.171041 -0.865974 0.469930
vn 0.086840 -0.865974 0.492492
vn 0.078108 -0.893128 0.442970
vn 0.086840 -0.865974 0.492492
vn 0.171041 -0.865974 0.469930
vn 0.199229 -0.812826 0.547377
vn 0.199229 -0.812826 0.547377
vn 0.101152 -0.812825 0.573658
vn 0.086840 -0.865974 0.492492
vn 0.101152 -0.812825 0.573658
vn 0.199229 -0.812826 0.547377
vn 0.242612 -0.704856 0.666571
vn 0.242612 -0.704856 0.666571
vn 0.123178 -0.704857 0.698573
vn 0.101152 -0.812825 0.573658
vn 0.123178 -0.704857 0.698573
vn 0.242612 -0.704856 0.666571
vn 0.299767 -0.481477 0.823602
vn 0.299767 -0.481477 0.823602
vn 0.152196 -0.481479 0.863142
vn 0.123178 -0.704857 0.698573
vn 0.152196 -0.481479 0.863142
vn 0.299767 -0.481477 0.823602
vn 0.341091 -0.073695 0.937137
vn 0.341091 -0.073695 0.937137
vn 0.173177 -0.073693 0.982130
vn 0.152196 -0.481479 0.863142
vn 0.173177 -0.073693 0.982130
vn 0.341091 -0.073695 0.937137
vn 0.315365 0.387038 0.866456
vn 0.315365 0.387038 0.866456
vn 0.160115 0.387039 0.908055
vn 0.173177 -0.073693 0.982130
vn 0.160115 0.387039 0.908055
vn 0.315365 0.387038 0.866456
vn 0.252821 0.673488 0.694619
vn 0.252821 0.673488 0.694619
vn 0.128361 0.673488 0.727968
vn 0.160115 0.387039 0.908055
vn 0.128361 0.673488 0.727968
vn 0.252821 0.673488 0.694619
vn 0.204880 0.800729 0.562901
vn 0.204880 0.800729 0.562901
vn 0.104020 0.800729 0.589926
vn 0.128361 0.673488 0.727968
vn 0.104020 0.800729 0.589926
vn 0.204880 0.800729 0.562901
vn 0.175134 0.858953 0.481173
vn 0.175134 0.858953 0.481173
vn 0.088918 0.858953 0.504276
vn 0.104020 0.800729 0.589926
vn 0.088918 0.858953 0.504276
vn 0.175134 0.858953 0.481173
vn 0.157620 0.887479 0.433055
vn 0.157620 0.887479 0.433055
vn 0.080025 0.887480 0.453846
vn 0.088918 0.858953 0.504276
vn 0.080025 0.887480 0.453846
vn 0.157620 0.887479 0.433055
vn 0.148349 0.901038 0.407583
vn 0.148349 0.901038 0.407583
vn 0.075318 0.901038 0.427151
vn 0.080025 0.887480 0.453846
vn 0.075318 0.901038 0.427151
vn 0.148349 0.901038 0.407583
vn 0.145361 0.905191 0.399374
vn 0.145361 0.905191 0.399374
vn 0.073802 0.905191 0.418548
vn 0.075318 0.901038 0.427151
vn 0.173649 0.000000 0.984808
vn 0.342020 0.000001 0.939693
vn 0.342020 0.000001 0.939693
vn 0.342020 0.000001 0.939693
vn 0.173649 -0.000000 0.984808
vn 0.173649 0.000000 0.984808
vn 0.046897 -0.962841 0.265965
vn 0.092368 -0.962842 0.253780
vn 0.111333 -0.945536 0.305885
vn 0.111333 -0.945536 0.305885
vn 0.056525 -0.945536 0.320571
vn 0.046897 -0.962841 0.265965
vn 0.056525 -0.945536 0.320571
vn 0.111333 -0.945536 0.305885
vn 0.144565 -0.906280 0.397188
vn 0.144565 -0.906280 0.397188
vn 0.073398 -0.906280 0.416257
vn 0.056525 -0.945536 0.320571
vn 0.073398 -0.906280 0.416257
vn 0.144565 -0.906280 0.397188
vn 0.174581 -0.859914 0.479655
vn 0.174581 -0.859914 0.479655
vn 0.088637 -0.859915 0.502683
vn 0.073398 -0.906280 0.416257
vn 0.088637 -0.859915 0.502683
vn 0.174581 -0.859914 0.479655
vn 0.204434 -0.801703 0.561676
vn 0.204434 -0.801703 0.561676
vn 0.103794 -0.801702 0.588643
vn 0.088637 -0.859915 0.502683
vn 0.103794 -0.801702 0.588643
vn 0.204434 -0.801703 0.561676
vn 0.238352 -0.717173 0.654867
vn 0.238352 -0.717173 0.654867
vn 0.121015 -0.717173 0.686308
vn 0.103794 -0.801702 0.588643
vn 0.121015 -0.717173 0.686308
vn 0.238352 -0.717173 0.654867
vn 0.283168 -0.560835 0.777998
vn 0.283168 -0.560835 0.777998
vn 0.143768 -0.560836 0.815349
vn 0.121015 -0.717173 0.686308
vn 0.143768 -0.560836 0.815349
vn 0.283168 -0.560835 0.777998
vn 0.304850 -0.453374 0.837567
vn 0.304850 -0.453374 0.837567
vn 0.154776 -0.453378 0.877777
vn 0.143768 -0.560836 0.815349
vn 0.173020 0.084985 0.981245
vn 0.340783 0.084985 0.936293
vn 0.332191 0.238021 0.912686
vn 0.332191 0.238021 0.912686
vn 0.168658 0.238022 0.956504
vn 0.173020 0.084985 0.981245
vn 0.168658 0.238022 0.956504
vn 0.332191 0.238021 0.912686
vn 0.304715 0.454146 0.837198
vn 0.304715 0.454146 0.837198
vn 0.154708 0.454146 0.877392
vn 0.168658 0.238022 0.956504
vn 0.154708 0.454146 0.877392
vn 0.304715 0.454146 0.837198
vn 0.283885 0.557730 0.779966
vn 0.283885 0.557730 0.779966
vn 0.144132 0.557730 0.817413
vn 0.154708 0.454146 0.877392
vn 0.144132 0.557730 0.817413
vn 0.283885 0.557730 0.779966
vn 0.267374 0.623596 0.734602
vn 0.267374 0.623596 0.734602
vn 0.135749 0.623596 0.769870
vn 0.144132 0.557730 0.817413
vn 0.135749 0.623596 0.769870
vn 0.267374 0.623596 0.734602
vn 0.252764 0.673672 0.694461
vn 0.252764 0.673672 0.694461
vn 0.128332 0.673672 0.727803
vn 0.135749 0.623596 0.769870
vn 0.128332 0.673672 0.727803
vn 0.252764 0.673672 0.694461
vn 0.238647 0.716335 0.655676
vn 0.238647 0.716335 0.655676
vn 0.121164 0.716335 0.687156
vn 0.128332 0.673672 0.727803
vn 0.121164 0.716335 0.687156
vn 0.238647 0.716335 0.655676
vn 0.231190 0.736944 0.635189
vn 0.231190 0.736944 0.635189
vn 0.117378 0.736944 0.665684
vn 0.121164 0.716335 0.687156
vn 0.173628 0.015597 0.984688
vn 0.341979 0.015597 0.939578
vn 0.341979 0.015597 0.939578
vn 0.341979 0.015597 0.939578
vn 0.173627 0.015597 0.984688
vn 0.173628 0.015597 0.984688
vn 0.052249 0.953659 0.296319
vn 0.102910 0.953659 0.282744
vn 0.102910 0.953659 0.282744
vn 0.102910 0.953659 0.282744
vn 0.052249 0.953659 0.296319
vn 0.052249 0.953659 0.296319
vn 0.173649 0.000000 0.984808
vn 0.342020 0.000001 0.939693
vn 0.342020 0.000000 0.939693
vn 0.342020 0.000000 0.939693
vn 0.173649 -0.000000 0.984808
vn 0.173649 0.000000 0.984808
vn 0.090526 -0.853364 0.513396
vn 0.178300 -0.853365 0.489875
vn 0.179893 -0.850502 0.494251
vn 0.179893 -0.850502 0.494251
vn 0.091334 -0.850502 0.517982
vn 0.090526 -0.853364 0.513396
vn 0.091334 -0.850502 0.517982
vn 0.179893 -0.850502 0.494251
vn 0.184165 -0.842651 0.505987
vn 0.184165 -0.842651 0.505987
vn 0.093503 -0.842651 0.530280
vn 0.091334 -0.850502 0.517982
vn 0.093503 -0.842651 0.530280
vn 0.184165 -0.842651 0.505987
vn 0.190243 -0.831026 0.522688
vn 0.190243 -0.831026 0.522688
vn 0.096589 -0.831026 0.547782
vn 0.093503 -0.842651 0.530280
vn 0.096589 -0.831026 0.547782
vn 0.190243 -0.831026 0.522688
vn 0.197128 -0.817193 0.541605
vn 0.197128 -0.817193 0.541605
vn 0.100085 -0.817193 0.567608
vn 0.096589 -0.831026 0.547782
vn 0.100085 -0.817193 0.567608
vn 0.197128 -0.817193 0.541605
vn 0.204003 -0.802640 0.560493
vn 0.204003 -0.802640 0.560493
vn 0.103575 -0.802639 0.587403
vn 0.100085 -0.817193 0.567608
vn 0.103575 -0.802639 0.587403
vn 0.204003 -0.802640 0.560493
vn 0.210357 -0.788494 0.577951
vn 0.210357 -0.788494 0.577951
vn 0.106801 -0.788493 0.605699
vn 0.103575 -0.802639 0.587403
vn 0.106801 -0.788493 0.605699
vn 0.210357 -0.788494 0.577951
vn 0.243649 -0.701791 0.669421
vn 0.243649 -0.701791 0.669421
vn 0.123704 -0.701792 0.701559
vn 0.106801 -0.788493 0.605699
vn 0.123704 -0.701792 0.701559
vn 0.243649 -0.701791 0.669421
vn 0.268699 -0.618705 0.738245
vn 0.268699 -0.618705 0.738245
vn 0.136422 -0.618706 0.773687
vn 0.123704 -0.701792 0.701559
vn 0.173476 0.044544 0.983830
vn 0.341681 0.044543 0.938760
vn 0.341681 0.044543 0.938760
vn 0.341681 0.044543 0.938760
vn 0.173476 0.044544 0.983830
vn 0.173476 0.044544 0.983830
vn 0.137027 0.614261 0.777115
vn 0.269889 0.614261 0.741514
vn 0.238455 0.716881 0.655150
vn 0.238455 0.716881 0.655150
vn 0.121067 0.716880 0.686604
vn 0.137027 0.614261 0.777115
vn 0.121067 0.716880 0.686604
vn 0.238455 0.716881 0.655150
vn 0.181491 0.847595 0.498642
vn 0.181491 0.847595 0.498642
vn 0.092146 0.847595 0.522582
vn 0.121067 0.716880 0.686604
vn 0.092146 0.847595 0.522582
vn 0.181491 0.847595 0.498642
vn 0.151793 0.896119 0.417048
vn 0.151793 0.896119 0.417048
vn 0.077068 0.896119 0.437071
vn 0.092146 0.847595 0.522582
vn 0.077068 0.896119 0.437071
vn 0.151793 0.896119 0.417048
vn 0.137431 0.915718 0.377588
vn 0.137431 0.915718 0.377588
vn 0.069776 0.915718 0.395717
vn 0.077068 0.896119 0.437071
vn 0.069776 0.915718 0.395717
vn 0.137431 0.915718 0.377588
vn 0.132998 0.921297 0.365408
vn 0.132998 0.921297 0.365408
vn 0.067525 0.921297 0.382951
vn 0.069776 0.915718 0.395717
vn 0.172877 0.094139 0.980434
vn 0.340502 0.094139 0.935519
vn 0.339900 0.111185 0.933866
vn 0.339900 0.111185 0.933866
vn 0.172572 0.111185 0.978702
vn 0.172877 0.094139 0.980434
vn 0.172572 0.111185 0.978702
vn 0.339900 0.111185 0.933866
vn 0.339188 0.128408 0.931913
vn 0.339188 0.128408 0.931913
vn 0.172210 0.128408 0.976655
vn 0.172572 0.111185 0.978702
vn 0.000806 -0.999989 0.004571
vn 0.001588 -0.999989 0.004362
vn 0.001588 -0.999989 0.004362
vn 0.001588 -0.999989 0.004362
vn 0.000806 -0.999989 0.004571
vn 0.000806 -0.999989 0.004571
vn 0.173648 0.000296 0.984808
vn 0.342020 0.000296 0.939693
vn 0.342020 0.000296 0.939693
vn 0.342020 0.000296 0.939693
vn 0.173648 0.000296 0.984808
vn 0.173648 0.000296 0.984808
vn -0.000142 -1.000000 -0.000808
vn -0.000281 -1.000000 -0.000771
vn -0.000281 -1.000000 -0.000771
vn -0.000281 -1.000000 -0.000771
vn -0.000142 -1.000000 -0.000808
vn -0.000142 -1.000000 -0.000808
vn 0.173648 -0.000076 0.984808
vn 0.342020 -0.000076 0.939693
vn 0.342020 -0.000076 0.939693
vn 0.342020 -0.000076 0.939693
vn 0.173648 -0.000075 0.984808
vn 0.173648 -0.000076 0.984808
vn -0.000057 -1.000000 -0.000324
vn -0.000113 -1.000000 -0.000308
vn -0.000113 -1.000000 -0.000308
vn -0.000113 -1.000000 -0.000308
vn -0.000057 -1.000000 -0.000324
vn -0.000057 -1.000000 -0.000324
vn 0.173648 0.000000 0.984808
vn 0.342020 0.000000 0.939693
vn 0.342020 0.000000 0.939693
vn 0.342020 0.000000 0.939693
vn 0.173648 0.000000 0.984808
vn 0.173648 0.000000 0.984808
vn -0.000074 -1.000000 -0.000417
vn -0.000146 -1.000000 -0.000398
vn -0.000146 -1.000000 -0.000398
vn -0.000146 -1.000000 -0.000398
vn -0.000074 -1.000000 -0.000417
vn -0.000074 -1.000000 -0.000417
vn 0.173648 0.000553 0.984808
vn 0.342020 0.000553 0.939693
vn 0.342020 0.000553 0.939693
vn 0.342020 0.000553 0.939693
vn 0.144872 -0.000128 0.989450
vn 0.173648 0.000553 0.984808
vn 0.000316 0.999999 0.001517
vn 0.000531 0.999999 0.001458
vn 0.000000 1.000000 0.000000
vn 0.000000 -1.000000 0.000000
vn -0.000001 -1.000000 0.000000
vn 0.000000 -1.000000 0.000000
vn 0.342021 0.000000 0.939692
vn 0.500001 0.000000 0.866025
vn 0.500000 0.000000 0.866025
vn 0.500000 0.000000 0.866025
vn 0.342021 0.000000 0.939692
vn 0.342021 0.000000 0.939692
vn 0.141511 -0.910390 0.388799
vn 0.206875 -0.910390 0.358318
vn 0.211303 -0.906313 0.365988
vn 0.211303 -0.906313 0.365988
vn 0.144540 -0.906313 0.397121
vn 0.141511 -0.910390 0.388799
vn 0.144540 -0.906313 0.397121
vn 0.211303 -0.906313 0.365988
vn 0.224901 -0.893128 0.389541
vn 0.224901 -0.893128 0.389541
vn 0.153841 -0.893128 0.422677
vn 0.144540 -0.906313 0.397121
vn 0.153841 -0.893128 0.422677
vn 0.224901 -0.893128 0.389541
vn 0.250045 -0.865973 0.433091
vn 0.250045 -0.865973 0.433091
vn 0.171041 -0.865974 0.469930
vn 0.153841 -0.893128 0.422677
vn 0.171041 -0.865974 0.469930
vn 0.250045 -0.865973 0.433091
vn 0.291253 -0.812826 0.504466
vn 0.291253 -0.812826 0.504466
vn 0.199229 -0.812826 0.547377
vn 0.171041 -0.865974 0.469930
vn 0.199229 -0.812826 0.547377
vn 0.291253 -0.812826 0.504466
vn 0.354675 -0.704857 0.614314
vn 0.354675 -0.704857 0.614314
vn 0.242612 -0.704856 0.666571
vn 0.199229 -0.812826 0.547377
vn 0.242612 -0.704856 0.666571
vn 0.354675 -0.704857 0.614314
vn 0.438229 -0.481479 0.759035
vn 0.438229 -0.481479 0.759035
vn 0.299767 -0.481477 0.823602
vn 0.242612 -0.704856 0.666571
vn 0.299767 -0.481477 0.823602
vn 0.438229 -0.481479 0.759035
vn 0.498641 -0.073693 0.863670
vn 0.498641 -0.073693 0.863670
vn 0.341091 -0.073695 0.937137
vn 0.299767 -0.481477 0.823602
vn 0.341091 -0.073695 0.937137
vn 0.498641 -0.073693 0.863670
vn 0.461032 0.387038 0.798530
vn 0.461032 0.387038 0.798530
vn 0.315365 0.387038 0.866456
vn 0.341091 -0.073695 0.937137
vn 0.315365 0.387038 0.866456
vn 0.461032 0.387038 0.798530
vn 0.369600 0.673488 0.640164
vn 0.369600 0.673488 0.640164
vn 0.252821 0.673488 0.694619
vn 0.315365 0.387038 0.866456
vn 0.252821 0.673488 0.694619
vn 0.369600 0.673488 0.640164
vn 0.299513 0.800730 0.518771
vn 0.299513 0.800730 0.518771
vn 0.204880 0.800729 0.562901
vn 0.252821 0.673488 0.694619
vn 0.204880 0.800729 0.562901
vn 0.299513 0.800730 0.518771
vn 0.256028 0.858953 0.443452
vn 0.256028 0.858953 0.443452
vn 0.175134 0.858953 0.481173
vn 0.204880 0.800729 0.562901
vn 0.175134 0.858953 0.481173
vn 0.256028 0.858953 0.443452
vn 0.230424 0.887479 0.399105
vn 0.230424 0.887479 0.399105
vn 0.157620 0.887479 0.433055
vn 0.175134 0.858953 0.481173
vn 0.157620 0.887479 0.433055
vn 0.230424 0.887479 0.399105
vn 0.216871 0.901038 0.375630
vn 0.216871 0.901038 0.375630
vn 0.148349 0.901038 0.407583
vn 0.157620 0.887479 0.433055
vn 0.148349 0.901038 0.407583
vn 0.216871 0.901038 0.375630
vn 0.212503 0.905191 0.368065
vn 0.212503 0.905191 0.368065
vn 0.145361 0.905191 0.399374
vn 0.148349 0.901038 0.407583
vn 0.342020 0.000001 0.939693
vn 0.500000 0.000001 0.866025
vn 0.500000 0.000001 0.866025
vn 0.500000 0.000001 0.866025
vn 0.342020 0.000001 0.939693
vn 0.342020 0.000001 0.939693
vn 0.092368 -0.962842 0.253780
vn 0.135034 -0.962841 0.233887
vn 0.162759 -0.945536 0.281907
vn 0.162759 -0.945536 0.281907
vn 0.111333 -0.945536 0.305885
vn 0.092368 -0.962842 0.253780
vn 0.111333 -0.945536 0.305885
vn 0.162759 -0.945536 0.281907
vn 0.211340 -0.906279 0.366052
vn 0.211340 -0.906279 0.366052
vn 0.144565 -0.906280 0.397188
vn 0.111333 -0.945536 0.305885
vn 0.144565 -0.906280 0.397188
vn 0.211340 -0.906279 0.366052
vn 0.255220 -0.859914 0.442053
vn 0.255220 -0.859914 0.442053
vn 0.174581 -0.859914 0.479655
vn 0.144565 -0.906280 0.397188
vn 0.174581 -0.859914 0.479655
vn 0.255220 -0.859914 0.442053
vn 0.298861 -0.801703 0.517642
vn 0.298861 -0.801703 0.517642
vn 0.204434 -0.801703 0.561676
vn 0.174581 -0.859914 0.479655
vn 0.204434 -0.801703 0.561676
vn 0.298861 -0.801703 0.517642
vn 0.348448 -0.717173 0.603528
vn 0.348448 -0.717173 0.603528
vn 0.238352 -0.717173 0.654867
vn 0.204434 -0.801703 0.561676
vn 0.238352 -0.717173 0.654867
vn 0.348448 -0.717173 0.603528
vn 0.413964 -0.560836 0.717006
vn 0.413964 -0.560836 0.717006
vn 0.283168 -0.560835 0.777998
vn 0.238352 -0.717173 0.654867
vn 0.283168 -0.560835 0.777998
vn 0.413964 -0.560836 0.717006
vn 0.445660 -0.453377 0.771904
vn 0.445660 -0.453377 0.771904
vn 0.304850 -0.453374 0.837567
vn 0.283168 -0.560835 0.777998
vn 0.340783 0.084985 0.936293
vn 0.498191 0.084987 0.862892
vn 0.485630 0.238022 0.841135
vn 0.485630 0.238022 0.841135
vn 0.332191 0.238021 0.912686
vn 0.340783 0.084985 0.936293
vn 0.332191 0.238021 0.912686
vn 0.485630 0.238022 0.841135
vn 0.445464 0.454146 0.771565
vn 0.445464 0.454146 0.771565
vn 0.304715 0.454146 0.837198
vn 0.332191 0.238021 0.912686
vn 0.304715 0.454146 0.837198
vn 0.445464 0.454146 0.771565
vn 0.415012 0.557730 0.718820
vn 0.415012 0.557730 0.718820
vn 0.283885 0.557730 0.779966
vn 0.304715 0.454146 0.837198
vn 0.283885 0.557730 0.779966
vn 0.415012 0.557730 0.718820
vn 0.390874 0.623596 0.677012
vn 0.390874 0.623596 0.677012
vn 0.267374 0.623596 0.734602
vn 0.283885 0.557730 0.779966
vn 0.267374 0.623596 0.734602
vn 0.390874 0.623596 0.677012
vn 0.369516 0.673672 0.640019
vn 0.369516 0.673672 0.640019
vn 0.252764 0.673672 0.694461
vn 0.267374 0.623596 0.734602
vn 0.252764 0.673672 0.694461
vn 0.369516 0.673672 0.640019
vn 0.348878 0.716335 0.604274
vn 0.348878 0.716335 0.604274
vn 0.238647 0.716335 0.655676
vn 0.252764 0.673672 0.694461
vn 0.238647 0.716335 0.655676
vn 0.348878 0.716335 0.604274
vn 0.337977 0.736944 0.585393
vn 0.337977 0.736944 0.585393
vn 0.231190 0.736944 0.635189
vn 0.238647 0.716335 0.655676
vn 0.341979 0.015597 0.939578
vn 0.499939 0.015597 0.865920
vn 0.499939 0.015597 0.865920
vn 0.499939 0.015597 0.865920
vn 0.341979 0.015597 0.939578
vn 0.341979 0.015597 0.939578
vn 0.102910 0.953659 0.282744
vn 0.150445 0.953659 0.260578
vn 0.150445 0.953659 0.260578
vn 0.150445 0.953659 0.260578
vn 0.102910 0.953659 0.282744
vn 0.102910 0.953659 0.282744
vn 0.342020 0.000001 0.939693
vn 0.500000 0.000000 0.866025
vn 0.500000 0.000001 0.866025
vn 0.500000 0.000001 0.866025
vn 0.342020 0.000000 0.939693
vn 0.342020 0.000001 0.939693
vn 0.178300 -0.853365 0.489875
vn 0.260658 -0.853364 0.451472
vn 0.262986 -0.850502 0.455505
vn 0.262986 -0.850502 0.455505
vn 0.179893 -0.850502 0.494251
vn 0.178300 -0.853365 0.489875
vn 0.179893 -0.850502 0.494251
vn 0.262986 -0.850502 0.455505
vn 0.269231 -0.842650 0.466321
vn 0.269231 -0.842650 0.466321
vn 0.184165 -0.842651 0.505987
vn 0.179893 -0.850502 0.494251
vn 0.184165 -0.842651 0.505987
vn 0.269231 -0.842650 0.466321
vn 0.278117 -0.831026 0.481712
vn 0.278117 -0.831026 0.481712
vn 0.190243 -0.831026 0.522688
vn 0.184165 -0.842651 0.505987
vn 0.190243 -0.831026 0.522688
vn 0.278117 -0.831026 0.481712
vn 0.288182 -0.817193 0.499146
vn 0.288182 -0.817193 0.499146
vn 0.197128 -0.817193 0.541605
vn 0.190243 -0.831026 0.522688
vn 0.197128 -0.817193 0.541605
vn 0.288182 -0.817193 0.499146
vn 0.298232 -0.802640 0.516553
vn 0.298232 -0.802640 0.516553
vn 0.204003 -0.802640 0.560493
vn 0.197128 -0.817193 0.541605
vn 0.204003 -0.802640 0.560493
vn 0.298232 -0.802640 0.516553
vn 0.307522 -0.788493 0.532643
vn 0.307522 -0.788493 0.532643
vn 0.210357 -0.788494 0.577951
vn 0.204003 -0.802640 0.560493
vn 0.210357 -0.788494 0.577951
vn 0.307522 -0.788493 0.532643
vn 0.356192 -0.701791 0.616942
vn 0.356192 -0.701791 0.616942
vn 0.243649 -0.701791 0.669421
vn 0.210357 -0.788494 0.577951
vn 0.243649 -0.701791 0.669421
vn 0.356192 -0.701791 0.616942
vn 0.392812 -0.618704 0.680371
vn 0.392812 -0.618704 0.680371
vn 0.268699 -0.618705 0.738245
vn 0.243649 -0.701791 0.669421
vn 0.341681 0.044543 0.938760
vn 0.499504 0.044543 0.865166
vn 0.499504 0.044543 0.865166
vn 0.499504 0.044543 0.865166
vn 0.341681 0.044543 0.938760
vn 0.341681 0.044543 0.938760
vn 0.269889 0.614261 0.741514
vn 0.394552 0.614260 0.683384
vn 0.348598 0.716880 0.603790
vn 0.348598 0.716880 0.603790
vn 0.238455 0.716881 0.655150
vn 0.269889 0.614261 0.741514
vn 0.238455 0.716881 0.655150
vn 0.348598 0.716880 0.603790
vn 0.265322 0.847595 0.459550
vn 0.265322 0.847595 0.459550
vn 0.181491 0.847595 0.498642
vn 0.238455 0.716881 0.655150
vn 0.181491 0.847595 0.498642
vn 0.265322 0.847595 0.459550
vn 0.221907 0.896119 0.384354
vn 0.221907 0.896119 0.384354
vn 0.151793 0.896119 0.417048
vn 0.181491 0.847595 0.498642
vn 0.151793 0.896119 0.417048
vn 0.221907 0.896119 0.384354
vn 0.200911 0.915718 0.347987
vn 0.200911 0.915718 0.347987
vn 0.137431 0.915718 0.377588
vn 0.151793 0.896119 0.417048
vn 0.137431 0.915718 0.377588
vn 0.200911 0.915718 0.347987
vn 0.194429 0.921298 0.336761
vn 0.194429 0.921298 0.336761
vn 0.132998 0.921297 0.365408
vn 0.137431 0.915718 0.377588
vn 0.340502 0.094139 0.935519
vn 0.497780 0.094139 0.862179
vn 0.496900 0.111185 0.860656
vn 0.496900 0.111185 0.860656
vn 0.339900 0.111185 0.933866
vn 0.340502 0.094139 0.935519
vn 0.339900 0.111185 0.933866
vn 0.496900 0.111185 0.860656
vn 0.495860 0.128408 0.858856
vn 0.495860 0.128408 0.858856
vn 0.339188 0.128408 0.931913
vn 0.339900 0.111185 0.933866
vn 0.001588 -0.999989 0.004362
vn 0.002321 -0.999989 0.004020
vn 0.002321 -0.999989 0.004020
vn 0.002321 -0.999989 0.004020
vn 0.001588 -0.999989 0.004362
vn 0.001588 -0.999989 0.004362
vn 0.342020 0.000296 0.939693
vn 0.500000 0.000296 0.866025
vn 0.500000 0.000296 0.866025
vn 0.500000 0.000296 0.866025
vn 0.342020 0.000296 0.939693
vn 0.342020 0.000296 0.939693
vn -0.000281 -1.000000 -0.000771
vn -0.000410 -1.000000 -0.000711
vn -0.000410 -1.000000 -0.000711
vn -0.000410 -1.000000 -0.000711
vn -0.000281 -1.000000 -0.000771
vn -0.000281 -1.000000 -0.000771
vn 0.342020 -0.000076 0.939693
vn 0.500000 -0.000076 0.866026
vn 0.500000 -0.000076 0.866026
vn 0.500000 -0.000076 0.866026
vn 0.342020 -0.000076 0.939693
vn 0.342020 -0.000076 0.939693
vn -0.000113 -1.000000 -0.000308
vn -0.000165 -1.000000 -0.000284
vn -0.000165 -1.000000 -0.000284
vn -0.000165 -1.000000 -0.000284
vn -0.000113 -1.000000 -0.000308
vn -0.000113 -1.000000 -0.000308
vn 0.342020 0.000000 0.939693
vn 0.500000 0.000000 0.866026
vn 0.500000 0.000000 0.866026
vn 0.500000 0.000000 0.866026
vn 0.342020 0.000000 0.939693
vn 0.342020 0.000000 0.939693
vn -0.000146 -1.000000 -0.000398
vn -0.000213 -1.000000 -0.000366
vn -0.000212 -1.000000 -0.000366
vn -0.000212 -1.000000 -0.000366
vn -0.000146 -1.000000 -0.000398
vn -0.000146 -1.000000 -0.000398
vn 0.342020 0.000553 0.939693
vn 0.500000 0.000553 0.866025
vn 0.525028 -0.000128 0.851085
vn 0.525028 -0.000128 0.851085
vn 0.342020 0.000553 0.939693
vn 0.342020 0.000553 0.939693
vn 0.000531 0.999999 0.001458
vn 0.000733 0.999999 0.001365
vn 0.000000 1.000000 0.000000
vn 0.000000 -1.000000 0.000000
vn 0.000000 -1.000000 0.000000
vn -0.000001 -1.000000 0.000000
vn 0.500001 0.000000 0.866025
vn 0.642788 -0.000000 0.766044
vn 0.642788 -0.000000 0.766044
vn 0.642788 -0.000000 0.766044
vn 0.500000 0.000000 0.866025
vn 0.500001 0.000000 0.866025
vn 0.206875 -0.910390 0.358318
vn 0.265954 -0.910390 0.316951
vn 0.271647 -0.906313 0.323736
vn 0.271647 -0.906313 0.323736
vn 0.211303 -0.906313 0.365988
vn 0.206875 -0.910390 0.358318
vn 0.211303 -0.906313 0.365988
vn 0.271647 -0.906313 0.323736
vn 0.289128 -0.893128 0.344569
vn 0.289128 -0.893128 0.344569
vn 0.224901 -0.893128 0.389541
vn 0.211303 -0.906313 0.365988
vn 0.224901 -0.893128 0.389541
vn 0.289128 -0.893128 0.344569
vn 0.321452 -0.865974 0.383091
vn 0.321452 -0.865974 0.383091
vn 0.250045 -0.865973 0.433091
vn 0.224901 -0.893128 0.389541
vn 0.250045 -0.865973 0.433091
vn 0.321452 -0.865974 0.383091
vn 0.374429 -0.812826 0.446226
vn 0.374429 -0.812826 0.446226
vn 0.291253 -0.812826 0.504466
vn 0.250045 -0.865973 0.433091
vn 0.291253 -0.812826 0.504466
vn 0.374429 -0.812826 0.446226
vn 0.455961 -0.704857 0.543393
vn 0.455961 -0.704857 0.543393
vn 0.354675 -0.704857 0.614314
vn 0.291253 -0.812826 0.504466
vn 0.354675 -0.704857 0.614314
vn 0.455961 -0.704857 0.543393
vn 0.563377 -0.481478 0.671406
vn 0.563377 -0.481478 0.671406
vn 0.438229 -0.481479 0.759035
vn 0.354675 -0.704857 0.614314
vn 0.438229 -0.481479 0.759035
vn 0.563377 -0.481478 0.671406
vn 0.641040 -0.073693 0.763961
vn 0.641040 -0.073693 0.763961
vn 0.498641 -0.073693 0.863670
vn 0.438229 -0.481479 0.759035
vn 0.498641 -0.073693 0.863670
vn 0.641040 -0.073693 0.763961
vn 0.592691 0.387039 0.706341
vn 0.592691 0.387039 0.706341
vn 0.461032 0.387038 0.798530
vn 0.498641 -0.073693 0.863670
vn 0.461032 0.387038 0.798530
vn 0.592691 0.387039 0.706341
vn 0.475148 0.673488 0.566258
vn 0.475148 0.673488 0.566258
vn 0.369600 0.673488 0.640164
vn 0.461032 0.387038 0.798530
vn 0.369600 0.673488 0.640164
vn 0.475148 0.673488 0.566258
vn 0.385047 0.800729 0.458881
vn 0.385047 0.800729 0.458881
vn 0.299513 0.800730 0.518771
vn 0.369600 0.673488 0.640164
vn 0.299513 0.800730 0.518771
vn 0.385047 0.800729 0.458881
vn 0.329142 0.858953 0.392256
vn 0.329142 0.858953 0.392256
vn 0.256028 0.858953 0.443452
vn 0.299513 0.800730 0.518771
vn 0.256028 0.858953 0.443452
vn 0.329142 0.858953 0.392256
vn 0.296227 0.887479 0.353030
vn 0.296227 0.887479 0.353030
vn 0.230424 0.887479 0.399105
vn 0.256028 0.858953 0.443452
vn 0.230424 0.887479 0.399105
vn 0.296227 0.887479 0.353030
vn 0.278803 0.901038 0.332264
vn 0.278803 0.901038 0.332264
vn 0.216871 0.901038 0.375630
vn 0.230424 0.887479 0.399105
vn 0.216871 0.901038 0.375630
vn 0.278803 0.901038 0.332264
vn 0.273188 0.905191 0.325573
vn 0.273188 0.905191 0.325573
vn 0.212503 0.905191 0.368065
vn 0.216871 0.901038 0.375630
vn 0.500000 0.000001 0.866025
vn 0.642788 0.000000 0.766044
vn 0.642788 0.000000 0.766044
vn 0.642788 0.000000 0.766044
vn 0.500000 0.000001 0.866025
vn 0.500000 0.000001 0.866025
vn 0.135034 -0.962841 0.233887
vn 0.173598 -0.962841 0.206885
vn 0.209238 -0.945536 0.249360
vn 0.209238 -0.945536 0.249360
vn 0.162759 -0.945536 0.281907
vn 0.135034 -0.962841 0.233887
vn 0.162759 -0.945536 0.281907
vn 0.209238 -0.945536 0.249360
vn 0.271693 -0.906279 0.323791
vn 0.271693 -0.906279 0.323791
vn 0.211340 -0.906279 0.366052
vn 0.162759 -0.945536 0.281907
vn 0.211340 -0.906279 0.366052
vn 0.271693 -0.906279 0.323791
vn 0.328104 -0.859914 0.391020
vn 0.328104 -0.859914 0.391020
vn 0.255220 -0.859914 0.442053
vn 0.211340 -0.906279 0.366052
vn 0.255220 -0.859914 0.442053
vn 0.328104 -0.859914 0.391020
vn 0.384209 -0.801703 0.457882
vn 0.384209 -0.801703 0.457882
vn 0.298861 -0.801703 0.517642
vn 0.255220 -0.859914 0.442053
vn 0.298861 -0.801703 0.517642
vn 0.384209 -0.801703 0.457882
vn 0.447956 -0.717173 0.533852
vn 0.447956 -0.717173 0.533852
vn 0.348448 -0.717173 0.603528
vn 0.298861 -0.801703 0.517642
vn 0.348448 -0.717173 0.603528
vn 0.447956 -0.717173 0.533852
vn 0.532181 -0.560836 0.634229
vn 0.532181 -0.560836 0.634229
vn 0.413964 -0.560836 0.717006
vn 0.348448 -0.717173 0.603528
vn 0.413964 -0.560836 0.717006
vn 0.532181 -0.560836 0.634229
vn 0.572928 -0.453378 0.682789
vn 0.572928 -0.453378 0.682789
vn 0.445660 -0.453377 0.771904
vn 0.413964 -0.560836 0.717006
vn 0.498191 0.084987 0.862892
vn 0.640462 0.084987 0.763273
vn 0.624314 0.238022 0.744028
vn 0.624314 0.238022 0.744028
vn 0.485630 0.238022 0.841135
vn 0.498191 0.084987 0.862892
vn 0.485630 0.238022 0.841135
vn 0.624314 0.238022 0.744028
vn 0.572677 0.454146 0.682490
vn 0.572677 0.454146 0.682490
vn 0.445464 0.454146 0.771565
vn 0.485630 0.238022 0.841135
vn 0.445464 0.454146 0.771565
vn 0.572677 0.454146 0.682490
vn 0.533528 0.557730 0.635834
vn 0.533528 0.557730 0.635834
vn 0.415012 0.557730 0.718820
vn 0.445464 0.454146 0.771565
vn 0.415012 0.557730 0.718820
vn 0.533528 0.557730 0.635834
vn 0.502497 0.623596 0.598853
vn 0.502497 0.623596 0.598853
vn 0.390874 0.623596 0.677012
vn 0.415012 0.557730 0.718820
vn 0.390874 0.623596 0.677012
vn 0.502497 0.623596 0.598853
vn 0.475040 0.673672 0.566130
vn 0.475040 0.673672 0.566130
vn 0.369516 0.673672 0.640019
vn 0.390874 0.623596 0.677012
vn 0.369516 0.673672 0.640019
vn 0.475040 0.673672 0.566130
vn 0.448509 0.716335 0.534512
vn 0.448509 0.716335 0.534512
vn 0.348878 0.716335 0.604274
vn 0.369516 0.673672 0.640019
vn 0.348878 0.716335 0.604274
vn 0.448509 0.716335 0.534512
vn 0.434495 0.736944 0.517811
vn 0.434495 0.736944 0.517811
vn 0.337977 0.736944 0.585393
vn 0.348878 0.716335 0.604274
vn 0.499939 0.015597 0.865920
vn 0.642710 0.015597 0.765951
vn 0.642710 0.015597 0.765951
vn 0.642710 0.015597 0.765951
vn 0.499939 0.015597 0.865920
vn 0.499939 0.015597 0.865920
vn 0.150445 0.953659 0.260578
vn 0.193408 0.953659 0.230495
vn 0.193408 0.953659 0.230495
vn 0.193408 0.953659 0.230495
vn 0.150445 0.953659 0.260578
vn 0.150445 0.953659 0.260578
vn 0.500000 0.000000 0.866025
vn 0.642788 0.000000 0.766044
vn 0.642788 0.000000 0.766044
vn 0.642788 0.000000 0.766044
vn 0.500000 0.000001 0.866025
vn 0.500000 0.000000 0.866025
vn 0.260658 -0.853364 0.451472
vn 0.335096 -0.853363 0.399353
vn 0.338089 -0.850502 0.402918
vn 0.338089 -0.850502 0.402918
vn 0.262986 -0.850502 0.455505
vn 0.260658 -0.853364 0.451472
vn 0.262986 -0.850502 0.455505
vn 0.338089 -0.850502 0.402918
vn 0.346116 -0.842651 0.412485
vn 0.346116 -0.842651 0.412485
vn 0.269231 -0.842650 0.466321
vn 0.262986 -0.850502 0.455505
vn 0.269231 -0.842650 0.466321
vn 0.346116 -0.842651 0.412485
vn 0.357539 -0.831027 0.426099
vn 0.357539 -0.831027 0.426099
vn 0.278117 -0.831026 0.481712
vn 0.269231 -0.842650 0.466321
vn 0.278117 -0.831026 0.481712
vn 0.357539 -0.831027 0.426099
vn 0.370480 -0.817193 0.441520
vn 0.370480 -0.817193 0.441520
vn 0.288182 -0.817193 0.499146
vn 0.278117 -0.831026 0.481712
vn 0.288182 -0.817193 0.499146
vn 0.370480 -0.817193 0.441520
vn 0.383400 -0.802639 0.456918
vn 0.383400 -0.802639 0.456918
vn 0.298232 -0.802640 0.516553
vn 0.288182 -0.817193 0.499146
vn 0.298232 -0.802640 0.516553
vn 0.383400 -0.802639 0.456918
vn 0.395342 -0.788493 0.471151
vn 0.395342 -0.788493 0.471151
vn 0.307522 -0.788493 0.532643
vn 0.298232 -0.802640 0.516553
vn 0.307522 -0.788493 0.532643
vn 0.395342 -0.788493 0.471151
vn 0.457911 -0.701792 0.545716
vn 0.457911 -0.701792 0.545716
vn 0.356192 -0.701791 0.616942
vn 0.307522 -0.788493 0.532643
vn 0.356192 -0.701791 0.616942
vn 0.457911 -0.701792 0.545716
vn 0.504989 -0.618706 0.601822
vn 0.504989 -0.618706 0.601822
vn 0.392812 -0.618704 0.680371
vn 0.356192 -0.701791 0.616942
vn 0.499504 0.044543 0.865166
vn 0.642150 0.044544 0.765284
vn 0.642150 0.044544 0.765284
vn 0.642150 0.044544 0.765284
vn 0.499504 0.044543 0.865166
vn 0.499504 0.044543 0.865166
vn 0.394552 0.614260 0.683384
vn 0.507226 0.614261 0.604488
vn 0.448149 0.716881 0.534083
vn 0.448149 0.716881 0.534083
vn 0.348598 0.716880 0.603790
vn 0.394552 0.614260 0.683384
vn 0.348598 0.716880 0.603790
vn 0.448149 0.716881 0.534083
vn 0.341091 0.847595 0.406496
vn 0.341091 0.847595 0.406496
vn 0.265322 0.847595 0.459550
vn 0.348598 0.716880 0.603790
vn 0.265322 0.847595 0.459550
vn 0.341091 0.847595 0.406496
vn 0.285278 0.896119 0.339981
vn 0.285278 0.896119 0.339981
vn 0.221907 0.896119 0.384354
vn 0.265322 0.847595 0.459550
vn 0.221907 0.896119 0.384354
vn 0.285278 0.896119 0.339981
vn 0.258286 0.915718 0.307813
vn 0.258286 0.915718 0.307813
vn 0.200911 0.915718 0.347987
vn 0.221907 0.896119 0.384354
vn 0.200911 0.915718 0.347987
vn 0.258286 0.915718 0.307813
vn 0.249954 0.921297 0.297883
vn 0.249954 0.921297 0.297883
vn 0.194429 0.921298 0.336761
vn 0.200911 0.915718 0.347987
vn 0.497780 0.094139 0.862179
vn 0.639933 0.094139 0.762642
vn 0.638802 0.111185 0.761295
vn 0.638802 0.111185 0.761295
vn 0.496900 0.111185 0.860656
vn 0.497780 0.094139 0.862179
vn 0.496900 0.111185 0.860656
vn 0.638802 0.111185 0.761295
vn 0.637466 0.128408 0.759703
vn 0.637466 0.128408 0.759703
vn 0.495860 0.128408 0.858856
vn 0.496900 0.111185 0.860656
vn 0.002321 -0.999989 0.004020
vn 0.002984 -0.999989 0.003556
vn 0.002984 -0.999989 0.003556
vn 0.002984 -0.999989 0.003556
vn 0.002321 -0.999989 0.004020
vn 0.002321 -0.999989 0.004020
vn 0.500000 0.000296 0.866025
vn 0.642787 0.000296 0.766045
vn 0.642787 0.000296 0.766045
vn 0.642787 0.000296 0.766045
vn 0.500000 0.000296 0.866025
vn 0.500000 0.000296 0.866025
vn -0.000410 -1.000000 -0.000711
vn -0.000527 -1.000000 -0.000629
vn -0.000527 -1.000000 -0.000629
vn -0.000527 -1.000000 -0.000629
vn -0.000410 -1.000000 -0.000711
vn -0.000410 -1.000000 -0.000711
vn 0.500000 -0.000076 0.866026
vn 0.642787 -0.000076 0.766045
vn 0.642787 -0.000076 0.766045
vn 0.642787 -0.000076 0.766045
vn 0.500000 -0.000076 0.866026
vn 0.500000 -0.000076 0.866026
vn -0.000165 -1.000000 -0.000284
vn -0.000211 -1.000000 -0.000252
vn -0.000211 -1.000000 -0.000252
vn -0.000211 -1.000000 -0.000252
vn -0.000165 -1.000000 -0.000284
vn -0.000165 -1.000000 -0.000284
vn 0.500000 0.000000 0.866026
vn 0.642787 0.000000 0.766045
vn 0.642787 0.000000 0.766045
vn 0.642787 0.000000 0.766045
vn 0.500000 0.000000 0.866026
vn 0.500000 0.000000 0.866026
vn -0.000213 -1.000000 -0.000366
vn -0.000272 -1.000000 -0.000324
vn -0.000272 -1.000000 -0.000324
vn -0.000272 -1.000000 -0.000324
vn -0.000212 -1.000000 -0.000366
vn -0.000213 -1.000000 -0.000366
vn 0.500000 0.000553 0.866025
vn 0.642787 0.000553 0.766045
vn 0.642782 -0.000480 0.766049
vn 0.642782 -0.000480 0.766049
vn 0.525028 -0.000128 0.851085
vn 0.500000 0.000553 0.866025
vn 0.000733 0.999999 0.001365
vn 0.000992 0.999999 0.001182
vn 0.000000 1.000000 0.000000
vn 0.000000 -1.000000 0.000000
vn 0.000000 -1.000000 0.000000
vn 0.000000 -1.000000 0.000000
vn 0.642788 -0.000000 0.766044
vn 0.766045 -0.000000 0.642787
vn 0.766045 -0.000000 0.642787
vn 0.766045 -0.000000 0.642787
vn 0.642788 -0.000000 0.766044
vn 0.642788 -0.000000 0.766044
vn 0.265954 -0.910390 0.316951
vn 0.316951 -0.910391 0.265953
vn 0.323736 -0.906313 0.271646
vn 0.323736 -0.906313 0.271646
vn 0.271647 -0.906313 0.323736
vn 0.265954 -0.910390 0.316951
vn 0.271647 -0.906313 0.323736
vn 0.323736 -0.906313 0.271646
vn 0.344569 -0.893128 0.289128
vn 0.344569 -0.893128 0.289128
vn 0.289128 -0.893128 0.344569
vn 0.271647 -0.906313 0.323736
vn 0.289128 -0.893128 0.344569
vn 0.344569 -0.893128 0.289128
vn 0.383091 -0.865974 0.321451
vn 0.383091 -0.865974 0.321451
vn 0.321452 -0.865974 0.383091
vn 0.289128 -0.893128 0.344569
vn 0.321452 -0.865974 0.383091
vn 0.383091 -0.865974 0.321451
vn 0.446227 -0.812825 0.374428
vn 0.446227 -0.812825 0.374428
vn 0.374429 -0.812826 0.446226
vn 0.321452 -0.865974 0.383091
vn 0.374429 -0.812826 0.446226
vn 0.446227 -0.812825 0.374428
vn 0.543394 -0.704857 0.455961
vn 0.543394 -0.704857 0.455961
vn 0.455961 -0.704857 0.543393
vn 0.374429 -0.812826 0.446226
vn 0.455961 -0.704857 0.543393
vn 0.543394 -0.704857 0.455961
vn 0.671406 -0.481479 0.563376
vn 0.671406 -0.481479 0.563376
vn 0.563377 -0.481478 0.671406
vn 0.455961 -0.704857 0.543393
vn 0.563377 -0.481478 0.671406
vn 0.671406 -0.481479 0.563376
vn 0.763962 -0.073694 0.641040
vn 0.763962 -0.073694 0.641040
vn 0.641040 -0.073693 0.763961
vn 0.563377 -0.481478 0.671406
vn 0.641040 -0.073693 0.763961
vn 0.763962 -0.073694 0.641040
vn 0.706342 0.387039 0.592691
vn 0.706342 0.387039 0.592691
vn 0.592691 0.387039 0.706341
vn 0.641040 -0.073693 0.763961
vn 0.592691 0.387039 0.706341
vn 0.706342 0.387039 0.592691
vn 0.566259 0.673488 0.475148
vn 0.566259 0.673488 0.475148
vn 0.475148 0.673488 0.566258
vn 0.592691 0.387039 0.706341
vn 0.475148 0.673488 0.566258
vn 0.566259 0.673488 0.475148
vn 0.458881 0.800729 0.385047
vn 0.458881 0.800729 0.385047
vn 0.385047 0.800729 0.458881
vn 0.475148 0.673488 0.566258
vn 0.385047 0.800729 0.458881
vn 0.458881 0.800729 0.385047
vn 0.392257 0.858953 0.329142
vn 0.392257 0.858953 0.329142
vn 0.329142 0.858953 0.392256
vn 0.385047 0.800729 0.458881
vn 0.329142 0.858953 0.392256
vn 0.392257 0.858953 0.329142
vn 0.353030 0.887479 0.296227
vn 0.353030 0.887479 0.296227
vn 0.296227 0.887479 0.353030
vn 0.329142 0.858953 0.392256
vn 0.296227 0.887479 0.353030
vn 0.353030 0.887479 0.296227
vn 0.332265 0.901038 0.278803
vn 0.332265 0.901038 0.278803
vn 0.278803 0.901038 0.332264
vn 0.296227 0.887479 0.353030
vn 0.278803 0.901038 0.332264
vn 0.332265 0.901038 0.278803
vn 0.325573 0.905191 0.273188
vn 0.325573 0.905191 0.273188
vn 0.273188 0.905191 0.325573
vn 0.278803 0.901038 0.332264
vn 0.642788 0.000000 0.766044
vn 0.766045 0.000000 0.642787
vn 0.766045 -0.000000 0.642787
vn 0.766045 -0.000000 0.642787
vn 0.642788 0.000000 0.766044
vn 0.642788 0.000000 0.766044
vn 0.173598 -0.962841 0.206885
vn 0.206886 -0.962841 0.173597
vn 0.249361 -0.945536 0.209238
vn 0.249361 -0.945536 0.209238
vn 0.209238 -0.945536 0.249360
vn 0.173598 -0.962841 0.206885
vn 0.209238 -0.945536 0.249360
vn 0.249361 -0.945536 0.209238
vn 0.323791 -0.906280 0.271692
vn 0.323791 -0.906280 0.271692
vn 0.271693 -0.906279 0.323791
vn 0.209238 -0.945536 0.249360
vn 0.271693 -0.906279 0.323791
vn 0.323791 -0.906280 0.271692
vn 0.391019 -0.859914 0.328104
vn 0.391019 -0.859914 0.328104
vn 0.328104 -0.859914 0.391020
vn 0.271693 -0.906279 0.323791
vn 0.328104 -0.859914 0.391020
vn 0.391019 -0.859914 0.328104
vn 0.457883 -0.801702 0.384210
vn 0.457883 -0.801702 0.384210
vn 0.384209 -0.801703 0.457882
vn 0.328104 -0.859914 0.391020
vn 0.384209 -0.801703 0.457882
vn 0.457883 -0.801702 0.384210
vn 0.533853 -0.717173 0.447956
vn 0.533853 -0.717173 0.447956
vn 0.447956 -0.717173 0.533852
vn 0.384209 -0.801703 0.457882
vn 0.447956 -0.717173 0.533852
vn 0.533853 -0.717173 0.447956
vn 0.634229 -0.560836 0.532181
vn 0.634229 -0.560836 0.532181
vn 0.532181 -0.560836 0.634229
vn 0.447956 -0.717173 0.533852
vn 0.532181 -0.560836 0.634229
vn 0.634229 -0.560836 0.532181
vn 0.682790 -0.453377 0.572929
vn 0.682790 -0.453377 0.572929
vn 0.572928 -0.453378 0.682789
vn 0.532181 -0.560836 0.634229
vn 0.640462 0.084987 0.763273
vn 0.763273 0.084986 0.640462
vn 0.744028 0.238021 0.624314
vn 0.744028 0.238021 0.624314
vn 0.624314 0.238022 0.744028
vn 0.640462 0.084987 0.763273
vn 0.624314 0.238022 0.744028
vn 0.744028 0.238021 0.624314
vn 0.682490 0.454146 0.572677
vn 0.682490 0.454146 0.572677
vn 0.572677 0.454146 0.682490
vn 0.624314 0.238022 0.744028
vn 0.572677 0.454146 0.682490
vn 0.682490 0.454146 0.572677
vn 0.635834 0.557730 0.533528
vn 0.635834 0.557730 0.533528
vn 0.533528 0.557730 0.635834
vn 0.572677 0.454146 0.682490
vn 0.533528 0.557730 0.635834
vn 0.635834 0.557730 0.533528
vn 0.598853 0.623596 0.502497
vn 0.598853 0.623596 0.502497
vn 0.502497 0.623596 0.598853
vn 0.533528 0.557730 0.635834
vn 0.502497 0.623596 0.598853
vn 0.598853 0.623596 0.502497
vn 0.566130 0.673672 0.475040
vn 0.566130 0.673672 0.475040
vn 0.475040 0.673672 0.566130
vn 0.502497 0.623596 0.598853
vn 0.475040 0.673672 0.566130
vn 0.566130 0.673672 0.475040
vn 0.534512 0.716335 0.448509
vn 0.534512 0.716335 0.448509
vn 0.448509 0.716335 0.534512
vn 0.475040 0.673672 0.566130
vn 0.448509 0.716335 0.534512
vn 0.534512 0.716335 0.448509
vn 0.517811 0.736944 0.434495
vn 0.517811 0.736944 0.434495
vn 0.434495 0.736944 0.517811
vn 0.448509 0.716335 0.534512
vn 0.642710 0.015597 0.765951
vn 0.765951 0.015597 0.642709
vn 0.765951 0.015597 0.642709
vn 0.765951 0.015597 0.642709
vn 0.642710 0.015597 0.765951
vn 0.642710 0.015597 0.765951
vn 0.193408 0.953659 0.230495
vn 0.230495 0.953659 0.193408
vn 0.230495 0.953659 0.193408
vn 0.230495 0.953659 0.193408
vn 0.193408 0.953659 0.230495
vn 0.193408 0.953659 0.230495
vn 0.642788 0.000000 0.766044
vn 0.766045 0.000000 0.642787
vn 0.766045 0.000000 0.642787
vn 0.766045 0.000000 0.642787
vn 0.642788 0.000000 0.766044
vn 0.642788 0.000000 0.766044
vn 0.335096 -0.853363 0.399353
vn 0.399351 -0.853363 0.335096
vn 0.402918 -0.850502 0.338088
vn 0.402918 -0.850502 0.338088
vn 0.338089 -0.850502 0.402918
vn 0.335096 -0.853363 0.399353
vn 0.338089 -0.850502 0.402918
vn 0.402918 -0.850502 0.338088
vn 0.412484 -0.842651 0.346115
vn 0.412484 -0.842651 0.346115
vn 0.346116 -0.842651 0.412485
vn 0.338089 -0.850502 0.402918
vn 0.346116 -0.842651 0.412485
vn 0.412484 -0.842651 0.346115
vn 0.426099 -0.831027 0.357540
vn 0.426099 -0.831027 0.357540
vn 0.357539 -0.831027 0.426099
vn 0.346116 -0.842651 0.412485
vn 0.357539 -0.831027 0.426099
vn 0.426099 -0.831027 0.357540
vn 0.441521 -0.817193 0.370480
vn 0.441521 -0.817193 0.370480
vn 0.370480 -0.817193 0.441520
vn 0.357539 -0.831027 0.426099
vn 0.370480 -0.817193 0.441520
vn 0.441521 -0.817193 0.370480
vn 0.456919 -0.802639 0.383400
vn 0.456919 -0.802639 0.383400
vn 0.383400 -0.802639 0.456918
vn 0.370480 -0.817193 0.441520
vn 0.383400 -0.802639 0.456918
vn 0.456919 -0.802639 0.383400
vn 0.471150 -0.788494 0.395342
vn 0.471150 -0.788494 0.395342
vn 0.395342 -0.788493 0.471151
vn 0.383400 -0.802639 0.456918
vn 0.395342 -0.788493 0.471151
vn 0.471150 -0.788494 0.395342
vn 0.545717 -0.701791 0.457911
vn 0.545717 -0.701791 0.457911
vn 0.457911 -0.701792 0.545716
vn 0.395342 -0.788493 0.471151
vn 0.457911 -0.701792 0.545716
vn 0.545717 -0.701791 0.457911
vn 0.601822 -0.618705 0.504989
vn 0.601822 -0.618705 0.504989
vn 0.504989 -0.618706 0.601822
vn 0.457911 -0.701792 0.545716
vn 0.642150 0.044544 0.765284
vn 0.765284 0.044545 0.642150
vn 0.765284 0.044545 0.642149
vn 0.765284 0.044545 0.642149
vn 0.642150 0.044544 0.765284
vn 0.642150 0.044544 0.765284
vn 0.507226 0.614261 0.604488
vn 0.604489 0.614260 0.507226
vn 0.534084 0.716880 0.448149
vn 0.534084 0.716880 0.448149
vn 0.448149 0.716881 0.534083
vn 0.507226 0.614261 0.604488
vn 0.448149 0.716881 0.534083
vn 0.534084 0.716880 0.448149
vn 0.406496 0.847595 0.341091
vn 0.406496 0.847595 0.341091
vn 0.341091 0.847595 0.406496
vn 0.448149 0.716881 0.534083
vn 0.341091 0.847595 0.406496
vn 0.406496 0.847595 0.341091
vn 0.339981 0.896119 0.285278
vn 0.339981 0.896119 0.285278
vn 0.285278 0.896119 0.339981
vn 0.341091 0.847595 0.406496
vn 0.285278 0.896119 0.339981
vn 0.339981 0.896119 0.285278
vn 0.307813 0.915718 0.258286
vn 0.307813 0.915718 0.258286
vn 0.258286 0.915718 0.307813
vn 0.285278 0.896119 0.339981
vn 0.258286 0.915718 0.307813
vn 0.307813 0.915718 0.258286
vn 0.297883 0.921297 0.249953
vn 0.297883 0.921297 0.249953
vn 0.249954 0.921297 0.297883
vn 0.258286 0.915718 0.307813
vn 0.639933 0.094139 0.762642
vn 0.762643 0.094139 0.639933
vn 0.761295 0.111185 0.638802
vn 0.761295 0.111185 0.638802
vn 0.638802 0.111185 0.761295
vn 0.639933 0.094139 0.762642
vn 0.638802 0.111185 0.761295
vn 0.761295 0.111185 0.638802
vn 0.759703 0.128408 0.637466
vn 0.759703 0.128408 0.637466
vn 0.637466 0.128408 0.759703
vn 0.638802 0.111185 0.761295
vn 0.002984 -0.999989 0.003556
vn 0.003556 -0.999989 0.002984
vn 0.003556 -0.999989 0.002984
vn 0.003556 -0.999989 0.002984
vn 0.002984 -0.999989 0.003556
vn 0.002984 -0.999989 0.003556
vn 0.642787 0.000296 0.766045
vn 0.766044 0.000296 0.642788
vn 0.766044 0.000296 0.642788
vn 0.766044 0.000296 0.642788
vn 0.642787 0.000296 0.766045
vn 0.642787 0.000296 0.766045
vn -0.000527 -1.000000 -0.000629
vn -0.000629 -1.000000 -0.000527
vn -0.000629 -1.000000 -0.000527
vn -0.000629 -1.000000 -0.000527
vn -0.000527 -1.000000 -0.000629
vn -0.000527 -1.000000 -0.000629
vn 0.642787 -0.000076 0.766045
vn 0.766044 -0.000076 0.642788
vn 0.766044 -0.000076 0.642788
vn 0.766044 -0.000076 0.642788
vn 0.642787 -0.000076 0.766045
vn 0.642787 -0.000076 0.766045
vn -0.000211 -1.000000 -0.000252
vn -0.000252 -1.000000 -0.000211
vn -0.000252 -1.000000 -0.000211
vn -0.000252 -1.000000 -0.000211
vn -0.000211 -1.000000 -0.000252
vn -0.000211 -1.000000 -0.000252
vn 0.642787 0.000000 0.766045
vn 0.766044 0.000000 0.642788
vn 0.766044 0.000000 0.642788
vn 0.766044 0.000000 0.642788
vn 0.642787 0.000000 0.766045
vn 0.642787 0.000000 0.766045
vn -0.000272 -1.000000 -0.000324
vn -0.000324 -1.000000 -0.000272
vn -0.000324 -1.000000 -0.000272
vn -0.000324 -1.000000 -0.000272
vn -0.000272 -1.000000 -0.000324
vn -0.000272 -1.000000 -0.000324
vn 0.642787 0.000553 0.766045
vn 0.766044 0.000553 0.642788
vn 0.766044 -0.000492 0.642788
vn 0.766044 -0.000492 0.642788
vn 0.642782 -0.000480 0.766049
vn 0.642787 0.000553 0.766045
vn 0.000992 0.999999 0.001182
vn 0.001182 0.999999 0.000992
vn 0.000000 1.000000 0.000000
vn 0.000000 -1.000000 0.000000
vn 0.000000 -1.000000 0.000000
vn 0.000000 -1.000000 0.000000
vn 0.766045 -0.000000 0.642787
vn 0.866026 -0.000000 0.500000
vn 0.866026 -0.000000 0.500000
vn 0.866026 -0.000000 0.500000
vn 0.766045 -0.000000 0.642787
vn 0.766045 -0.000000 0.642787
vn 0.316951 -0.910391 0.265953
vn 0.358319 -0.910390 0.206875
vn 0.365988 -0.906313 0.211303
vn 0.365988 -0.906313 0.211303
vn 0.323736 -0.906313 0.271646
vn 0.316951 -0.910391 0.265953
vn 0.323736 -0.906313 0.271646
vn 0.365988 -0.906313 0.211303
vn 0.389541 -0.893128 0.224901
vn 0.389541 -0.893128 0.224901
vn 0.344569 -0.893128 0.289128
vn 0.323736 -0.906313 0.271646
vn 0.344569 -0.893128 0.289128
vn 0.389541 -0.893128 0.224901
vn 0.433091 -0.865973 0.250045
vn 0.433091 -0.865973 0.250045
vn 0.383091 -0.865974 0.321451
vn 0.344569 -0.893128 0.289128
vn 0.383091 -0.865974 0.321451
vn 0.433091 -0.865973 0.250045
vn 0.504466 -0.812826 0.291253
vn 0.504466 -0.812826 0.291253
vn 0.446227 -0.812825 0.374428
vn 0.383091 -0.865974 0.321451
vn 0.446227 -0.812825 0.374428
vn 0.504466 -0.812826 0.291253
vn 0.614315 -0.704857 0.354675
vn 0.614315 -0.704857 0.354675
vn 0.543394 -0.704857 0.455961
vn 0.446227 -0.812825 0.374428
vn 0.543394 -0.704857 0.455961
vn 0.614315 -0.704857 0.354675
vn 0.759035 -0.481479 0.438229
vn 0.759035 -0.481479 0.438229
vn 0.671406 -0.481479 0.563376
vn 0.543394 -0.704857 0.455961
vn 0.671406 -0.481479 0.563376
vn 0.759035 -0.481479 0.438229
vn 0.863671 -0.073693 0.498640
vn 0.863671 -0.073693 0.498640
vn 0.763962 -0.073694 0.641040
vn 0.671406 -0.481479 0.563376
vn 0.763962 -0.073694 0.641040
vn 0.863671 -0.073693 0.498640
vn 0.798530 0.387039 0.461031
vn 0.798530 0.387039 0.461031
vn 0.706342 0.387039 0.592691
vn 0.763962 -0.073694 0.641040
vn 0.706342 0.387039 0.592691
vn 0.798530 0.387039 0.461031
vn 0.640165 0.673488 0.369599
vn 0.640165 0.673488 0.369599
vn 0.566259 0.673488 0.475148
vn 0.706342 0.387039 0.592691
vn 0.566259 0.673488 0.475148
vn 0.640165 0.673488 0.369599
vn 0.518772 0.800729 0.299513
vn 0.518772 0.800729 0.299513
vn 0.458881 0.800729 0.385047
vn 0.566259 0.673488 0.475148
vn 0.458881 0.800729 0.385047
vn 0.518772 0.800729 0.299513
vn 0.443452 0.858953 0.256027
vn 0.443452 0.858953 0.256027
vn 0.392257 0.858953 0.329142
vn 0.458881 0.800729 0.385047
vn 0.392257 0.858953 0.329142
vn 0.443452 0.858953 0.256027
vn 0.399106 0.887479 0.230424
vn 0.399106 0.887479 0.230424
vn 0.353030 0.887479 0.296227
vn 0.392257 0.858953 0.329142
vn 0.353030 0.887479 0.296227
vn 0.399106 0.887479 0.230424
vn 0.375630 0.901038 0.216870
vn 0.375630 0.901038 0.216870
vn 0.332265 0.901038 0.278803
vn 0.353030 0.887479 0.296227
vn 0.332265 0.901038 0.278803
vn 0.375630 0.901038 0.216870
vn 0.368066 0.905191 0.212503
vn 0.368066 0.905191 0.212503
vn 0.325573 0.905191 0.273188
vn 0.332265 0.901038 0.278803
vn 0.766045 0.000000 0.642787
vn 0.866026 0.000000 0.500000
vn 0.866026 0.000000 0.500000
vn 0.866026 0.000000 0.500000
vn 0.766045 -0.000000 0.642787
vn 0.766045 0.000000 0.642787
vn 0.206886 -0.962841 0.173597
vn 0.233887 -0.962841 0.135035
vn 0.281906 -0.945536 0.162759
vn 0.281906 -0.945536 0.162759
vn 0.249361 -0.945536 0.209238
vn 0.206886 -0.962841 0.173597
vn 0.249361 -0.945536 0.209238
vn 0.281906 -0.945536 0.162759
vn 0.366050 -0.906280 0.211339
vn 0.366050 -0.906280 0.211339
vn 0.323791 -0.906280 0.271692
vn 0.249361 -0.945536 0.209238
vn 0.323791 -0.906280 0.271692
vn 0.366050 -0.906280 0.211339
vn 0.442053 -0.859914 0.255219
vn 0.442053 -0.859914 0.255219
vn 0.391019 -0.859914 0.328104
vn 0.323791 -0.906280 0.271692
vn 0.391019 -0.859914 0.328104
vn 0.442053 -0.859914 0.255219
vn 0.517643 -0.801703 0.298861
vn 0.517643 -0.801703 0.298861
vn 0.457883 -0.801702 0.384210
vn 0.391019 -0.859914 0.328104
vn 0.457883 -0.801702 0.384210
vn 0.517643 -0.801703 0.298861
vn 0.603529 -0.717173 0.348448
vn 0.603529 -0.717173 0.348448
vn 0.533853 -0.717173 0.447956
vn 0.457883 -0.801702 0.384210
vn 0.533853 -0.717173 0.447956
vn 0.603529 -0.717173 0.348448
vn 0.717006 -0.560836 0.413963
vn 0.717006 -0.560836 0.413963
vn 0.634229 -0.560836 0.532181
vn 0.533853 -0.717173 0.447956
vn 0.634229 -0.560836 0.532181
vn 0.717006 -0.560836 0.413963
vn 0.771905 -0.453377 0.445659
vn 0.771905 -0.453377 0.445659
vn 0.682790 -0.453377 0.572929
vn 0.634229 -0.560836 0.532181
vn 0.763273 0.084986 0.640462
vn 0.862892 0.084986 0.498191
vn 0.841136 0.238021 0.485630
vn 0.841136 0.238021 0.485630
vn 0.744028 0.238021 0.624314
vn 0.763273 0.084986 0.640462
vn 0.744028 0.238021 0.624314
vn 0.841136 0.238021 0.485630
vn 0.771566 0.454146 0.445463
vn 0.771566 0.454146 0.445463
vn 0.682490 0.454146 0.572677
vn 0.744028 0.238021 0.624314
vn 0.682490 0.454146 0.572677
vn 0.771566 0.454146 0.445463
vn 0.718821 0.557730 0.415011
vn 0.718821 0.557730 0.415011
vn 0.635834 0.557730 0.533528
vn 0.682490 0.454146 0.572677
vn 0.635834 0.557730 0.533528
vn 0.718821 0.557730 0.415011
vn 0.677013 0.623596 0.390873
vn 0.677013 0.623596 0.390873
vn 0.598853 0.623596 0.502497
vn 0.635834 0.557730 0.533528
vn 0.598853 0.623596 0.502497
vn 0.677013 0.623596 0.390873
vn 0.640019 0.673672 0.369515
vn 0.640019 0.673672 0.369515
vn 0.566130 0.673672 0.475040
vn 0.598853 0.623596 0.502497
vn 0.566130 0.673672 0.475040
vn 0.640019 0.673672 0.369515
vn 0.604275 0.716335 0.348878
vn 0.604275 0.716335 0.348878
vn 0.534512 0.716335 0.448509
vn 0.566130 0.673672 0.475040
vn 0.534512 0.716335 0.448509
vn 0.604275 0.716335 0.348878
vn 0.585393 0.736944 0.337977
vn 0.585393 0.736944 0.337977
vn 0.517811 0.736944 0.434495
vn 0.534512 0.716335 0.448509
vn 0.765951 0.015597 0.642709
vn 0.865920 0.015597 0.499939
vn 0.865920 0.015597 0.499939
vn 0.865920 0.015597 0.499939
vn 0.765951 0.015597 0.642709
vn 0.765951 0.015597 0.642709
vn 0.230495 0.953659 0.193408
vn 0.260578 0.953659 0.150445
vn 0.260578 0.953659 0.150445
vn 0.260578 0.953659 0.150445
vn 0.230495 0.953659 0.193408
vn 0.230495 0.953659 0.193408
vn 0.766045 0.000000 0.642787
vn 0.866025 0.000000 0.500000
vn 0.866025 0.000000 0.500000
vn 0.866025 0.000000 0.500000
vn 0.766045 0.000000 0.642787
vn 0.766045 0.000000 0.642787
vn 0.399351 -0.853363 0.335096
vn 0.451473 -0.853364 0.260658
vn 0.455505 -0.850502 0.262986
vn 0.455505 -0.850502 0.262986
vn 0.402918 -0.850502 0.338088
vn 0.399351 -0.853363 0.335096
vn 0.402918 -0.850502 0.338088
vn 0.455505 -0.850502 0.262986
vn 0.466320 -0.842651 0.269230
vn 0.466320 -0.842651 0.269230
vn 0.412484 -0.842651 0.346115
vn 0.402918 -0.850502 0.338088
vn 0.412484 -0.842651 0.346115
vn 0.466320 -0.842651 0.269230
vn 0.481712 -0.831027 0.278116
vn 0.481712 -0.831027 0.278116
vn 0.426099 -0.831027 0.357540
vn 0.412484 -0.842651 0.346115
vn 0.426099 -0.831027 0.357540
vn 0.481712 -0.831027 0.278116
vn 0.499146 -0.817193 0.288182
vn 0.499146 -0.817193 0.288182
vn 0.441521 -0.817193 0.370480
vn 0.426099 -0.831027 0.357540
vn 0.441521 -0.817193 0.370480
vn 0.499146 -0.817193 0.288182
vn 0.516554 -0.802639 0.298232
vn 0.516554 -0.802639 0.298232
vn 0.456919 -0.802639 0.383400
vn 0.441521 -0.817193 0.370480
vn 0.456919 -0.802639 0.383400
vn 0.516554 -0.802639 0.298232
vn 0.532643 -0.788493 0.307522
vn 0.532643 -0.788493 0.307522
vn 0.471150 -0.788494 0.395342
vn 0.456919 -0.802639 0.383400
vn 0.471150 -0.788494 0.395342
vn 0.532643 -0.788493 0.307522
vn 0.616942 -0.701791 0.356191
vn 0.616942 -0.701791 0.356191
vn 0.545717 -0.701791 0.457911
vn 0.471150 -0.788494 0.395342
vn 0.545717 -0.701791 0.457911
vn 0.616942 -0.701791 0.356191
vn 0.680370 -0.618705 0.392812
vn 0.680370 -0.618705 0.392812
vn 0.601822 -0.618705 0.504989
vn 0.545717 -0.701791 0.457911
vn 0.765284 0.044545 0.642150
vn 0.865166 0.044543 0.499504
vn 0.865166 0.044543 0.499504
vn 0.865166 0.044543 0.499504
vn 0.765284 0.044545 0.642149
vn 0.765284 0.044545 0.642150
vn 0.604489 0.614260 0.507226
vn 0.683383 0.614261 0.394552
vn 0.603790 0.716880 0.348598
vn 0.603790 0.716880 0.348598
vn 0.534084 0.716880 0.448149
vn 0.604489 0.614260 0.507226
vn 0.534084 0.716880 0.448149
vn 0.603790 0.716880 0.348598
vn 0.459551 0.847595 0.265322
vn 0.459551 0.847595 0.265322
vn 0.406496 0.847595 0.341091
vn 0.534084 0.716880 0.448149
vn 0.406496 0.847595 0.341091
vn 0.459551 0.847595 0.265322
vn 0.384354 0.896119 0.221907
vn 0.384354 0.896119 0.221907
vn 0.339981 0.896119 0.285278
vn 0.406496 0.847595 0.341091
vn 0.339981 0.896119 0.285278
vn 0.384354 0.896119 0.221907
vn 0.347987 0.915718 0.200911
vn 0.347987 0.915718 0.200911
vn 0.307813 0.915718 0.258286
vn 0.339981 0.896119 0.285278
vn 0.307813 0.915718 0.258286
vn 0.347987 0.915718 0.200911
vn 0.336761 0.921298 0.194429
vn 0.336761 0.921298 0.194429
vn 0.297883 0.921297 0.249953
vn 0.307813 0.915718 0.258286
vn 0.762643 0.094139 0.639933
vn 0.862179 0.094139 0.497780
vn 0.860656 0.111185 0.496900
vn 0.860656 0.111185 0.496900
vn 0.761295 0.111185 0.638802
vn 0.762643 0.094139 0.639933
vn 0.761295 0.111185 0.638802
vn 0.860656 0.111185 0.496900
vn 0.858856 0.128408 0.495861
vn 0.858856 0.128408 0.495861
vn 0.759703 0.128408 0.637466
vn 0.761295 0.111185 0.638802
vn 0.003556 -0.999989 0.002984
vn 0.004020 -0.999989 0.002321
vn 0.004020 -0.999989 0.002321
vn 0.004020 -0.999989 0.002321
vn 0.003556 -0.999989 0.002984
vn 0.003556 -0.999989 0.002984
vn 0.766044 0.000296 0.642788
vn 0.866025 0.000296 0.500000
vn 0.866025 0.000296 0.500000
vn 0.866025 0.000296 0.500000
vn 0.766044 0.000296 0.642788
vn 0.766044 0.000296 0.642788
vn -0.000629 -1.000000 -0.000527
vn -0.000711 -1.000000 -0.000410
vn -0.000711 -1.000000 -0.000410
vn -0.000711 -1.000000 -0.000410
vn -0.000629 -1.000000 -0.000527
vn -0.000629 -1.000000 -0.000527
vn 0.766044 -0.000076 0.642788
vn 0.866025 -0.000076 0.500000
vn 0.866025 -0.000076 0.500001
vn 0.866025 -0.000076 0.500001
vn 0.766044 -0.000076 0.642788
vn 0.766044 -0.000076 0.642788
vn -0.000252 -1.000000 -0.000211
vn -0.000285 -1.000000 -0.000164
vn -0.000285 -1.000000 -0.000164
vn -0.000285 -1.000000 -0.000164
vn -0.000252 -1.000000 -0.000211
vn -0.000252 -1.000000 -0.000211
vn 0.766044 0.000000 0.642788
vn 0.866025 0.000000 0.500000
vn 0.866025 0.000000 0.500000
vn 0.866025 0.000000 0.500000
vn 0.766044 0.000000 0.642788
vn 0.766044 0.000000 0.642788
vn -0.000324 -1.000000 -0.000272
vn -0.000367 -1.000000 -0.000212
vn -0.000367 -1.000000 -0.000212
vn -0.000367 -1.000000 -0.000212
vn -0.000324 -1.000000 -0.000272
vn -0.000324 -1.000000 -0.000272
vn 0.766044 0.000553 0.642788
vn 0.866025 0.000553 0.500000
vn 0.866029 -0.000480 0.499994
vn 0.866029 -0.000480 0.499994
vn 0.766044 -0.000492 0.642788
vn 0.766044 0.000553 0.642788
vn 0.001182 0.999999 0.000992
vn 0.001336 0.999999 0.000772
vn 0.000000 1.000000 0.000000
vn 0.000000 -1.000000 0.000000
vn 0.000000 -1.000000 0.000000
vn 0.000000 -1.000000 0.000000
vn 0.866026 -0.000000 0.500000
vn 0.939693 -0.000000 0.342020
vn 0.939693 -0.000000 0.342020
vn 0.939693 -0.000000 0.342020
vn 0.866026 -0.000000 0.500000
vn 0.866026 -0.000000 0.500000
vn 0.358319 -0.910390 0.206875
vn 0.388798 -0.910390 0.141511
vn 0.397121 -0.906313 0.144540
vn 0.397121 -0.906313 0.144540
vn 0.365988 -0.906313 0.211303
vn 0.358319 -0.910390 0.206875
vn 0.365988 -0.906313 0.211303
vn 0.397121 -0.906313 0.144540
vn 0.422677 -0.893128 0.153842
vn 0.422677 -0.893128 0.153842
vn 0.389541 -0.893128 0.224901
vn 0.365988 -0.906313 0.211303
vn 0.389541 -0.893128 0.224901
vn 0.422677 -0.893128 0.153842
vn 0.469931 -0.865974 0.171041
vn 0.469931 -0.865974 0.171041
vn 0.433091 -0.865973 0.250045
vn 0.389541 -0.893128 0.224901
vn 0.433091 -0.865973 0.250045
vn 0.469931 -0.865974 0.171041
vn 0.547378 -0.812826 0.199229
vn 0.547378 -0.812826 0.199229
vn 0.504466 -0.812826 0.291253
vn 0.433091 -0.865973 0.250045
vn 0.504466 -0.812826 0.291253
vn 0.547378 -0.812826 0.199229
vn 0.666571 -0.704857 0.242612
vn 0.666571 -0.704857 0.242612
vn 0.614315 -0.704857 0.354675
vn 0.504466 -0.812826 0.291253
vn 0.614315 -0.704857 0.354675
vn 0.666571 -0.704857 0.242612
vn 0.823601 -0.481479 0.299766
vn 0.823601 -0.481479 0.299766
vn 0.759035 -0.481479 0.438229
vn 0.614315 -0.704857 0.354675
vn 0.759035 -0.481479 0.438229
vn 0.823601 -0.481479 0.299766
vn 0.937138 -0.073694 0.341090
vn 0.937138 -0.073694 0.341090
vn 0.863671 -0.073693 0.498640
vn 0.759035 -0.481479 0.438229
vn 0.863671 -0.073693 0.498640
vn 0.937138 -0.073694 0.341090
vn 0.866456 0.387039 0.315364
vn 0.866456 0.387039 0.315364
vn 0.798530 0.387039 0.461031
vn 0.863671 -0.073693 0.498640
vn 0.798530 0.387039 0.461031
vn 0.866456 0.387039 0.315364
vn 0.694619 0.673488 0.252821
vn 0.694619 0.673488 0.252821
vn 0.640165 0.673488 0.369599
vn 0.798530 0.387039 0.461031
vn 0.640165 0.673488 0.369599
vn 0.694619 0.673488 0.252821
vn 0.562901 0.800729 0.204879
vn 0.562901 0.800729 0.204879
vn 0.518772 0.800729 0.299513
vn 0.640165 0.673488 0.369599
vn 0.518772 0.800729 0.299513
vn 0.562901 0.800729 0.204879
vn 0.481174 0.858953 0.175133
vn 0.481174 0.858953 0.175133
vn 0.443452 0.858953 0.256027
vn 0.518772 0.800729 0.299513
vn 0.443452 0.858953 0.256027
vn 0.481174 0.858953 0.175133
vn 0.433055 0.887479 0.157619
vn 0.433055 0.887479 0.157619
vn 0.399106 0.887479 0.230424
vn 0.443452 0.858953 0.256027
vn 0.399106 0.887479 0.230424
vn 0.433055 0.887479 0.157619
vn 0.407583 0.901038 0.148348
vn 0.407583 0.901038 0.148348
vn 0.375630 0.901038 0.216870
vn 0.399106 0.887479 0.230424
vn 0.375630 0.901038 0.216870
vn 0.407583 0.901038 0.148348
vn 0.399374 0.905191 0.145360
vn 0.399374 0.905191 0.145360
vn 0.368066 0.905191 0.212503
vn 0.375630 0.901038 0.216870
vn 0.866026 0.000000 0.500000
vn 0.939693 -0.000000 0.342020
vn 0.939693 0.000000 0.342020
vn 0.939693 0.000000 0.342020
vn 0.866026 0.000000 0.500000
vn 0.866026 0.000000 0.500000
vn 0.233887 -0.962841 0.135035
vn 0.253781 -0.962841 0.092368
vn 0.305885 -0.945536 0.111333
vn 0.305885 -0.945536 0.111333
vn 0.281906 -0.945536 0.162759
vn 0.233887 -0.962841 0.135035
vn 0.281906 -0.945536 0.162759
vn 0.305885 -0.945536 0.111333
vn 0.397188 -0.906280 0.144565
vn 0.397188 -0.906280 0.144565
vn 0.366050 -0.906280 0.211339
vn 0.281906 -0.945536 0.162759
vn 0.366050 -0.906280 0.211339
vn 0.397188 -0.906280 0.144565
vn 0.479655 -0.859914 0.174580
vn 0.479655 -0.859914 0.174580
vn 0.442053 -0.859914 0.255219
vn 0.366050 -0.906280 0.211339
vn 0.442053 -0.859914 0.255219
vn 0.479655 -0.859914 0.174580
vn 0.561675 -0.801703 0.204433
vn 0.561675 -0.801703 0.204433
vn 0.517643 -0.801703 0.298861
vn 0.442053 -0.859914 0.255219
vn 0.517643 -0.801703 0.298861
vn 0.561675 -0.801703 0.204433
vn 0.654867 -0.717173 0.238352
vn 0.654867 -0.717173 0.238352
vn 0.603529 -0.717173 0.348448
vn 0.517643 -0.801703 0.298861
vn 0.603529 -0.717173 0.348448
vn 0.654867 -0.717173 0.238352
vn 0.777997 -0.560836 0.283168
vn 0.777997 -0.560836 0.283168
vn 0.717006 -0.560836 0.413963
vn 0.603529 -0.717173 0.348448
vn 0.717006 -0.560836 0.413963
vn 0.777997 -0.560836 0.283168
vn 0.837565 -0.453378 0.304849
vn 0.837565 -0.453378 0.304849
vn 0.771905 -0.453377 0.445659
vn 0.717006 -0.560836 0.413963
vn 0.862892 0.084986 0.498191
vn 0.936293 0.084986 0.340782
vn 0.912686 0.238021 0.332190
vn 0.912686 0.238021 0.332190
vn 0.841136 0.238021 0.485630
vn 0.862892 0.084986 0.498191
vn 0.841136 0.238021 0.485630
vn 0.912686 0.238021 0.332190
vn 0.837198 0.454146 0.304715
vn 0.837198 0.454146 0.304715
vn 0.771566 0.454146 0.445463
vn 0.841136 0.238021 0.485630
vn 0.771566 0.454146 0.445463
vn 0.837198 0.454146 0.304715
vn 0.779966 0.557730 0.283884
vn 0.779966 0.557730 0.283884
vn 0.718821 0.557730 0.415011
vn 0.771566 0.454146 0.445463
vn 0.718821 0.557730 0.415011
vn 0.779966 0.557730 0.283884
vn 0.734602 0.623596 0.267373
vn 0.734602 0.623596 0.267373
vn 0.677013 0.623596 0.390873
vn 0.718821 0.557730 0.415011
vn 0.677013 0.623596 0.390873
vn 0.734602 0.623596 0.267373
vn 0.694462 0.673672 0.252763
vn 0.694462 0.673672 0.252763
vn 0.640019 0.673672 0.369515
vn 0.677013 0.623596 0.390873
vn 0.640019 0.673672 0.369515
vn 0.694462 0.673672 0.252763
vn 0.655676 0.716335 0.238646
vn 0.655676 0.716335 0.238646
vn 0.604275 0.716335 0.348878
vn 0.640019 0.673672 0.369515
vn 0.604275 0.716335 0.348878
vn 0.655676 0.716335 0.238646
vn 0.635189 0.736944 0.231189
vn 0.635189 0.736944 0.231189
vn 0.585393 0.736944 0.337977
vn 0.604275 0.716335 0.348878
vn 0.865920 0.015597 0.499939
vn 0.939578 0.015597 0.341978
vn 0.939578 0.015597 0.341978
vn 0.939578 0.015597 0.341978
vn 0.865920 0.015597 0.499939
vn 0.865920 0.015597 0.499939
vn 0.260578 0.953659 0.150445
vn 0.282744 0.953659 0.102910
vn 0.282744 0.953659 0.102910
vn 0.282744 0.953659 0.102910
vn 0.260578 0.953659 0.150445
vn 0.260578 0.953659 0.150445
vn 0.866025 0.000000 0.500000
vn 0.939693 -0.000000 0.342020
vn 0.939693 0.000000 0.342020
vn 0.939693 0.000000 0.342020
vn 0.866025 0.000000 0.500000
vn 0.866025 0.000000 0.500000
vn 0.451473 -0.853364 0.260658
vn 0.489877 -0.853364 0.178301
vn 0.494252 -0.850502 0.179893
vn 0.494252 -0.850502 0.179893
vn 0.455505 -0.850502 0.262986
vn 0.451473 -0.853364 0.260658
vn 0.455505 -0.850502 0.262986
vn 0.494252 -0.850502 0.179893
vn 0.505987 -0.842651 0.184164
vn 0.505987 -0.842651 0.184164
vn 0.466320 -0.842651 0.269230
vn 0.455505 -0.850502 0.262986
vn 0.466320 -0.842651 0.269230
vn 0.505987 -0.842651 0.184164
vn 0.522687 -0.831027 0.190243
vn 0.522687 -0.831027 0.190243
vn 0.481712 -0.831027 0.278116
vn 0.466320 -0.842651 0.269230
vn 0.481712 -0.831027 0.278116
vn 0.522687 -0.831027 0.190243
vn 0.541605 -0.817193 0.197128
vn 0.541605 -0.817193 0.197128
vn 0.499146 -0.817193 0.288182
vn 0.481712 -0.831027 0.278116
vn 0.499146 -0.817193 0.288182
vn 0.541605 -0.817193 0.197128
vn 0.560493 -0.802639 0.204003
vn 0.560493 -0.802639 0.204003
vn 0.516554 -0.802639 0.298232
vn 0.499146 -0.817193 0.288182
vn 0.516554 -0.802639 0.298232
vn 0.560493 -0.802639 0.204003
vn 0.577951 -0.788494 0.210357
vn 0.577951 -0.788494 0.210357
vn 0.532643 -0.788493 0.307522
vn 0.516554 -0.802639 0.298232
vn 0.532643 -0.788493 0.307522
vn 0.577951 -0.788494 0.210357
vn 0.669421 -0.701791 0.243649
vn 0.669421 -0.701791 0.243649
vn 0.616942 -0.701791 0.356191
vn 0.532643 -0.788493 0.307522
vn 0.616942 -0.701791 0.356191
vn 0.669421 -0.701791 0.243649
vn 0.738245 -0.618705 0.268699
vn 0.738245 -0.618705 0.268699
vn 0.680370 -0.618705 0.392812
vn 0.616942 -0.701791 0.356191
vn 0.865166 0.044543 0.499504
vn 0.938760 0.044543 0.341681
vn 0.938760 0.044543 0.341681
vn 0.938760 0.044543 0.341681
vn 0.865166 0.044543 0.499504
vn 0.865166 0.044543 0.499504
vn 0.683383 0.614261 0.394552
vn 0.741515 0.614260 0.269889
vn 0.655150 0.716880 0.238455
vn 0.655150 0.716880 0.238455
vn 0.603790 0.716880 0.348598
vn 0.683383 0.614261 0.394552
vn 0.603790 0.716880 0.348598
vn 0.655150 0.716880 0.238455
vn 0.498642 0.847595 0.181490
vn 0.498642 0.847595 0.181490
vn 0.459551 0.847595 0.265322
vn 0.603790 0.716880 0.348598
vn 0.459551 0.847595 0.265322
vn 0.498642 0.847595 0.181490
vn 0.417049 0.896119 0.151793
vn 0.417049 0.896119 0.151793
vn 0.384354 0.896119 0.221907
vn 0.459551 0.847595 0.265322
vn 0.384354 0.896119 0.221907
vn 0.417049 0.896119 0.151793
vn 0.377589 0.915718 0.137431
vn 0.377589 0.915718 0.137431
vn 0.347987 0.915718 0.200911
vn 0.384354 0.896119 0.221907
vn 0.347987 0.915718 0.200911
vn 0.377589 0.915718 0.137431
vn 0.365408 0.921297 0.132997
vn 0.365408 0.921297 0.132997
vn 0.336761 0.921298 0.194429
vn 0.347987 0.915718 0.200911
vn 0.862179 0.094139 0.497780
vn 0.935520 0.094139 0.340501
vn 0.933866 0.111184 0.339900
vn 0.933866 0.111184 0.339900
vn 0.860656 0.111185 0.496900
vn 0.862179 0.094139 0.497780
vn 0.860656 0.111185 0.496900
vn 0.933866 0.111184 0.339900
vn 0.931913 0.128408 0.339189
vn 0.931913 0.128408 0.339189
vn 0.858856 0.128408 0.495861
vn 0.860656 0.111185 0.496900
vn 0.004020 -0.999989 0.002321
vn 0.004362 -0.999989 0.001588
vn 0.004362 -0.999989 0.001588
vn 0.004362 -0.999989 0.001588
vn 0.004020 -0.999989 0.002321
vn 0.004020 -0.999989 0.002321
vn 0.866025 0.000296 0.500000
vn 0.939692 0.000296 0.342021
vn 0.939692 0.000296 0.342021
vn 0.939692 0.000296 0.342021
vn 0.866025 0.000296 0.500000
vn 0.866025 0.000296 0.500000
vn -0.000711 -1.000000 -0.000410
vn -0.000771 -1.000000 -0.000280
vn -0.000771 -1.000000 -0.000280
vn -0.000771 -1.000000 -0.000280
vn -0.000711 -1.000000 -0.000410
vn -0.000711 -1.000000 -0.000410
vn 0.866025 -0.000076 0.500000
vn 0.939692 -0.000076 0.342021
vn 0.939692 -0.000076 0.342021
vn 0.939692 -0.000076 0.342021
vn 0.866025 -0.000076 0.500001
vn 0.866025 -0.000076 0.500000
vn -0.000285 -1.000000 -0.000164
vn -0.000309 -1.000000 -0.000112
vn -0.000309 -1.000000 -0.000112
vn -0.000309 -1.000000 -0.000112
vn -0.000285 -1.000000 -0.000164
vn -0.000285 -1.000000 -0.000164
vn 0.866025 0.000000 0.500000
vn 0.939692 0.000000 0.342021
vn 0.939692 0.000000 0.342021
vn 0.939692 0.000000 0.342021
vn 0.866025 0.000000 0.500000
vn 0.866025 0.000000 0.500000
vn -0.000367 -1.000000 -0.000212
vn -0.000398 -1.000000 -0.000145
vn -0.000398 -1.000000 -0.000145
vn -0.000398 -1.000000 -0.000145
vn -0.000367 -1.000000 -0.000212
vn -0.000367 -1.000000 -0.000212
vn 0.866025 0.000553 0.500000
vn 0.939692 0.000553 0.342021
vn 0.929325 -0.000128 0.369263
vn 0.929325 -0.000128 0.369263
vn 0.866029 -0.000480 0.499994
vn 0.866025 0.000553 0.500000
vn 0.001336 0.999999 0.000772
vn 0.001472 0.999999 0.000484
vn 0.000000 1.000000 0.000000
vn 0.000000 -1.000000 0.000000
vn 0.000000 -1.000000 0.000000
vn 0.000000 -1.000000 0.000000
vn 0.939693 -0.000000 0.342020
vn 0.984808 -0.000000 0.173648
vn 0.984808 -0.000000 0.173648
vn 0.984808 -0.000000 0.173648
vn 0.939693 -0.000000 0.342020
vn 0.939693 -0.000000 0.342020
vn 0.388798 -0.910390 0.141511
vn 0.407465 -0.910390 0.071847
vn 0.416186 -0.906313 0.073385
vn 0.416186 -0.906313 0.073385
vn 0.397121 -0.906313 0.144540
vn 0.388798 -0.910390 0.141511
vn 0.397121 -0.906313 0.144540
vn 0.416186 -0.906313 0.073385
vn 0.442970 -0.893128 0.078107
vn 0.442970 -0.893128 0.078107
vn 0.422677 -0.893128 0.153842
vn 0.397121 -0.906313 0.144540
vn 0.422677 -0.893128 0.153842
vn 0.442970 -0.893128 0.078107
vn 0.492492 -0.865974 0.086839
vn 0.492492 -0.865974 0.086839
vn 0.469931 -0.865974 0.171041
vn 0.422677 -0.893128 0.153842
vn 0.469931 -0.865974 0.171041
vn 0.492492 -0.865974 0.086839
vn 0.573658 -0.812826 0.101151
vn 0.573658 -0.812826 0.101151
vn 0.547378 -0.812826 0.199229
vn 0.469931 -0.865974 0.171041
vn 0.547378 -0.812826 0.199229
vn 0.573658 -0.812826 0.101151
vn 0.698573 -0.704857 0.123177
vn 0.698573 -0.704857 0.123177
vn 0.666571 -0.704857 0.242612
vn 0.547378 -0.812826 0.199229
vn 0.666571 -0.704857 0.242612
vn 0.698573 -0.704857 0.123177
vn 0.863143 -0.481479 0.152195
vn 0.863143 -0.481479 0.152195
vn 0.823601 -0.481479 0.299766
vn 0.666571 -0.704857 0.242612
vn 0.823601 -0.481479 0.299766
vn 0.863143 -0.481479 0.152195
vn 0.982130 -0.073694 0.173176
vn 0.982130 -0.073694 0.173176
vn 0.937138 -0.073694 0.341090
vn 0.823601 -0.481479 0.299766
vn 0.937138 -0.073694 0.341090
vn 0.982130 -0.073694 0.173176
vn 0.908056 0.387038 0.160114
vn 0.908056 0.387038 0.160114
vn 0.866456 0.387039 0.315364
vn 0.937138 -0.073694 0.341090
vn 0.866456 0.387039 0.315364
vn 0.908056 0.387038 0.160114
vn 0.727968 0.673488 0.128360
vn 0.727968 0.673488 0.128360
vn 0.694619 0.673488 0.252821
vn 0.866456 0.387039 0.315364
vn 0.694619 0.673488 0.252821
vn 0.727968 0.673488 0.128360
vn 0.589926 0.800729 0.104020
vn 0.589926 0.800729 0.104020
vn 0.562901 0.800729 0.204879
vn 0.694619 0.673488 0.252821
vn 0.562901 0.800729 0.204879
vn 0.589926 0.800729 0.104020
vn 0.504275 0.858953 0.088917
vn 0.504275 0.858953 0.088917
vn 0.481174 0.858953 0.175133
vn 0.562901 0.800729 0.204879
vn 0.481174 0.858953 0.175133
vn 0.504275 0.858953 0.088917
vn 0.453846 0.887479 0.080025
vn 0.453846 0.887479 0.080025
vn 0.433055 0.887479 0.157619
vn 0.481174 0.858953 0.175133
vn 0.433055 0.887479 0.157619
vn 0.453846 0.887479 0.080025
vn 0.427151 0.901038 0.075318
vn 0.427151 0.901038 0.075318
vn 0.407583 0.901038 0.148348
vn 0.433055 0.887479 0.157619
vn 0.407583 0.901038 0.148348
vn 0.427151 0.901038 0.075318
vn 0.418549 0.905191 0.073801
vn 0.418549 0.905191 0.073801
vn 0.399374 0.905191 0.145360
vn 0.407583 0.901038 0.148348
vn 0.939693 -0.000000 0.342020
vn 0.984808 -0.000000 0.173648
vn 0.984808 -0.000000 0.173648
vn 0.984808 -0.000000 0.173648
vn 0.939693 0.000000 0.342020
vn 0.939693 -0.000000 0.342020
vn 0.253781 -0.962841 0.092368
vn 0.265965 -0.962841 0.046897
vn 0.320571 -0.945536 0.056525
vn 0.320571 -0.945536 0.056525
vn 0.305885 -0.945536 0.111333
vn 0.253781 -0.962841 0.092368
vn 0.305885 -0.945536 0.111333
vn 0.320571 -0.945536 0.056525
vn 0.416257 -0.906280 0.073397
vn 0.416257 -0.906280 0.073397
vn 0.397188 -0.906280 0.144565
vn 0.305885 -0.945536 0.111333
vn 0.397188 -0.906280 0.144565
vn 0.416257 -0.906280 0.073397
vn 0.502684 -0.859914 0.088636
vn 0.502684 -0.859914 0.088636
vn 0.479655 -0.859914 0.174580
vn 0.397188 -0.906280 0.144565
vn 0.479655 -0.859914 0.174580
vn 0.502684 -0.859914 0.088636
vn 0.588642 -0.801703 0.103793
vn 0.588642 -0.801703 0.103793
vn 0.561675 -0.801703 0.204433
vn 0.479655 -0.859914 0.174580
vn 0.561675 -0.801703 0.204433
vn 0.588642 -0.801703 0.103793
vn 0.686308 -0.717173 0.121014
vn 0.686308 -0.717173 0.121014
vn 0.654867 -0.717173 0.238352
vn 0.561675 -0.801703 0.204433
vn 0.654867 -0.717173 0.238352
vn 0.686308 -0.717173 0.121014
vn 0.815349 -0.560836 0.143768
vn 0.815349 -0.560836 0.143768
vn 0.777997 -0.560836 0.283168
vn 0.654867 -0.717173 0.238352
vn 0.777997 -0.560836 0.283168
vn 0.815349 -0.560836 0.143768
vn 0.877777 -0.453378 0.154775
vn 0.877777 -0.453378 0.154775
vn 0.837565 -0.453378 0.304849
vn 0.777997 -0.560836 0.283168
vn 0.936293 0.084986 0.340782
vn 0.981245 0.084985 0.173020
vn 0.956505 0.238021 0.168657
vn 0.956505 0.238021 0.168657
vn 0.912686 0.238021 0.332190
vn 0.936293 0.084986 0.340782
vn 0.912686 0.238021 0.332190
vn 0.956505 0.238021 0.168657
vn 0.877392 0.454146 0.154708
vn 0.877392 0.454146 0.154708
vn 0.837198 0.454146 0.304715
vn 0.912686 0.238021 0.332190
vn 0.837198 0.454146 0.304715
vn 0.877392 0.454146 0.154708
vn 0.817413 0.557730 0.144132
vn 0.817413 0.557730 0.144132
vn 0.779966 0.557730 0.283884
vn 0.837198 0.454146 0.304715
vn 0.779966 0.557730 0.283884
vn 0.817413 0.557730 0.144132
vn 0.769871 0.623596 0.135749
vn 0.769871 0.623596 0.135749
vn 0.734602 0.623596 0.267373
vn 0.779966 0.557730 0.283884
vn 0.734602 0.623596 0.267373
vn 0.769871 0.623596 0.135749
vn 0.727803 0.673672 0.128331
vn 0.727803 0.673672 0.128331
vn 0.694462 0.673672 0.252763
vn 0.734602 0.623596 0.267373
vn 0.694462 0.673672 0.252763
vn 0.727803 0.673672 0.128331
vn 0.687156 0.716335 0.121164
vn 0.687156 0.716335 0.121164
vn 0.655676 0.716335 0.238646
vn 0.694462 0.673672 0.252763
vn 0.655676 0.716335 0.238646
vn 0.687156 0.716335 0.121164
vn 0.665685 0.736944 0.117378
vn 0.665685 0.736944 0.117378
vn 0.635189 0.736944 0.231189
vn 0.655676 0.716335 0.238646
vn 0.939578 0.015597 0.341978
vn 0.984688 0.015597 0.173627
vn 0.984688 0.015597 0.173627
vn 0.984688 0.015597 0.173627
vn 0.939578 0.015597 0.341978
vn 0.939578 0.015597 0.341978
vn 0.282744 0.953659 0.102910
vn 0.296319 0.953659 0.052249
vn 0.296319 0.953659 0.052249
vn 0.296319 0.953659 0.052249
vn 0.282744 0.953659 0.102910
vn 0.282744 0.953659 0.102910
vn 0.939693 -0.000000 0.342020
vn 0.984808 0.000000 0.173648
vn 0.984808 0.000000 0.173648
vn 0.984808 0.000000 0.173648
vn 0.939693 0.000000 0.342020
vn 0.939693 -0.000000 0.342020
vn 0.489877 -0.853364 0.178301
vn 0.513396 -0.853364 0.090526
vn 0.517981 -0.850502 0.091334
vn 0.517981 -0.850502 0.091334
vn 0.494252 -0.850502 0.179893
vn 0.489877 -0.853364 0.178301
vn 0.494252 -0.850502 0.179893
vn 0.517981 -0.850502 0.091334
vn 0.530280 -0.842651 0.093503
vn 0.530280 -0.842651 0.093503
vn 0.505987 -0.842651 0.184164
vn 0.494252 -0.850502 0.179893
vn 0.505987 -0.842651 0.184164
vn 0.530280 -0.842651 0.093503
vn 0.547782 -0.831027 0.096589
vn 0.547782 -0.831027 0.096589
vn 0.522687 -0.831027 0.190243
vn 0.505987 -0.842651 0.184164
vn 0.522687 -0.831027 0.190243
vn 0.547782 -0.831027 0.096589
vn 0.567608 -0.817193 0.100085
vn 0.567608 -0.817193 0.100085
vn 0.541605 -0.817193 0.197128
vn 0.522687 -0.831027 0.190243
vn 0.541605 -0.817193 0.197128
vn 0.567608 -0.817193 0.100085
vn 0.587403 -0.802639 0.103575
vn 0.587403 -0.802639 0.103575
vn 0.560493 -0.802639 0.204003
vn 0.541605 -0.817193 0.197128
vn 0.560493 -0.802639 0.204003
vn 0.587403 -0.802639 0.103575
vn 0.605699 -0.788493 0.106801
vn 0.605699 -0.788493 0.106801
vn 0.577951 -0.788494 0.210357
vn 0.560493 -0.802639 0.204003
vn 0.577951 -0.788494 0.210357
vn 0.605699 -0.788493 0.106801
vn 0.701560 -0.701791 0.123704
vn 0.701560 -0.701791 0.123704
vn 0.669421 -0.701791 0.243649
vn 0.577951 -0.788494 0.210357
vn 0.669421 -0.701791 0.243649
vn 0.701560 -0.701791 0.123704
vn 0.773688 -0.618705 0.136422
vn 0.773688 -0.618705 0.136422
vn 0.738245 -0.618705 0.268699
vn 0.669421 -0.701791 0.243649
vn 0.938760 0.044543 0.341681
vn 0.983830 0.044543 0.173475
vn 0.983830 0.044543 0.173475
vn 0.983830 0.044543 0.173475
vn 0.938760 0.044543 0.341681
vn 0.938760 0.044543 0.341681
vn 0.741515 0.614260 0.269889
vn 0.777115 0.614260 0.137026
vn 0.686604 0.716880 0.121067
vn 0.686604 0.716880 0.121067
vn 0.655150 0.716880 0.238455
vn 0.741515 0.614260 0.269889
vn 0.655150 0.716880 0.238455
vn 0.686604 0.716880 0.121067
vn 0.522582 0.847595 0.092145
vn 0.522582 0.847595 0.092145
vn 0.498642 0.847595 0.181490
vn 0.655150 0.716880 0.238455
vn 0.498642 0.847595 0.181490
vn 0.522582 0.847595 0.092145
vn 0.437071 0.896119 0.077067
vn 0.437071 0.896119 0.077067
vn 0.417049 0.896119 0.151793
vn 0.498642 0.847595 0.181490
vn 0.417049 0.896119 0.151793
vn 0.437071 0.896119 0.077067
vn 0.395717 0.915718 0.069775
vn 0.395717 0.915718 0.069775
vn 0.377589 0.915718 0.137431
vn 0.417049 0.896119 0.151793
vn 0.377589 0.915718 0.137431
vn 0.395717 0.915718 0.069775
vn 0.382951 0.921297 0.067524
vn 0.382951 0.921297 0.067524
vn 0.365408 0.921297 0.132997
vn 0.377589 0.915718 0.137431
vn 0.935520 0.094139 0.340501
vn 0.980434 0.094139 0.172877
vn 0.978702 0.111184 0.172571
vn 0.978702 0.111184 0.172571
vn 0.933866 0.111184 0.339900
vn 0.935520 0.094139 0.340501
vn 0.933866 0.111184 0.339900
vn 0.978702 0.111184 0.172571
vn 0.976655 0.128408 0.172211
vn 0.976655 0.128408 0.172211
vn 0.931913 0.128408 0.339189
vn 0.933866 0.111184 0.339900
vn 0.004362 -0.999989 0.001588
vn 0.004571 -0.999989 0.000806
vn 0.004571 -0.999989 0.000806
vn 0.004571 -0.999989 0.000806
vn 0.004362 -0.999989 0.001588
vn 0.004362 -0.999989 0.001588
vn 0.939692 0.000296 0.342021
vn 0.984808 0.000296 0.173648
vn 0.984808 0.000296 0.173649
vn 0.984808 0.000296 0.173649
vn 0.939692 0.000296 0.342021
vn 0.939692 0.000296 0.342021
vn -0.000771 -1.000000 -0.000280
vn -0.000808 -1.000000 -0.000143
vn -0.000808 -1.000000 -0.000143
vn -0.000808 -1.000000 -0.000143
vn -0.000771 -1.000000 -0.000280
vn -0.000771 -1.000000 -0.000280
vn 0.939692 -0.000076 0.342021
vn 0.984808 -0.000076 0.173648
vn 0.984808 -0.000076 0.173648
vn 0.984808 -0.000076 0.173648
vn 0.939692 -0.000076 0.342021
vn 0.939692 -0.000076 0.342021
vn -0.000309 -1.000000 -0.000112
vn -0.000324 -1.000000 -0.000057
vn -0.000324 -1.000000 -0.000057
vn -0.000324 -1.000000 -0.000057
vn -0.000309 -1.000000 -0.000112
vn -0.000309 -1.000000 -0.000112
vn 0.939692 0.000000 0.342021
vn 0.984808 -0.000000 0.173648
vn 0.984808 0.000000 0.173648
vn 0.984808 0.000000 0.173648
vn 0.939692 0.000000 0.342021
vn 0.939692 0.000000 0.342021
vn -0.000398 -1.000000 -0.000145
vn -0.000417 -1.000000 -0.000074
vn -0.000417 -1.000000 -0.000074
vn -0.000417 -1.000000 -0.000074
vn -0.000398 -1.000000 -0.000145
vn -0.000398 -1.000000 -0.000145
vn 0.939692 0.000553 0.342021
vn 0.984808 0.000553 0.173648
vn 0.984808 0.000553 0.173648
vn 0.984808 0.000553 0.173648
vn 0.929325 -0.000128 0.369263
vn 0.939692 0.000553 0.342021
vn 0.001472 0.999999 0.000484
vn 0.001528 0.999999 0.000270
vn 0.000000 1.000000 0.000000
vn 0.000000 -1.000000 0.000000
vn 0.000000 -1.000000 0.000000
vn 0.000000 -1.000000 0.000000
vn 0.984808 -0.000000 0.173648
vn 1.000000 0.000000 0.000000
vn 1.000000 0.000000 0.000000
vn 1.000000 0.000000 0.000000
vn 0.984808 -0.000000 0.173648
vn 0.984808 -0.000000 0.173648
vn 0.407465 -0.910390 0.071847
vn 0.413750 -0.910390 0.000000
vn 0.422607 -0.906313 0.000000
vn 0.422607 -0.906313 0.000000
vn 0.416186 -0.906313 0.073385
vn 0.407465 -0.910390 0.071847
vn 0.416186 -0.906313 0.073385
vn 0.422607 -0.906313 0.000000
vn 0.449803 -0.893128 0.000000
vn 0.449803 -0.893128 0.000000
vn 0.442970 -0.893128 0.078107
vn 0.416186 -0.906313 0.073385
vn 0.442970 -0.893128 0.078107
vn 0.449803 -0.893128 0.000000
vn 0.500090 -0.865974 0.000000
vn 0.500090 -0.865974 0.000000
vn 0.492492 -0.865974 0.086839
vn 0.442970 -0.893128 0.078107
vn 0.492492 -0.865974 0.086839
vn 0.500090 -0.865974 0.000000
vn 0.582507 -0.812826 0.000000
vn 0.582507 -0.812826 0.000000
vn 0.573658 -0.812826 0.101151
vn 0.492492 -0.865974 0.086839
vn 0.573658 -0.812826 0.101151
vn 0.582507 -0.812826 0.000000
vn 0.709350 -0.704857 0.000000
vn 0.709350 -0.704857 0.000000
vn 0.698573 -0.704857 0.123177
vn 0.573658 -0.812826 0.101151
vn 0.698573 -0.704857 0.123177
vn 0.709350 -0.704857 0.000000
vn 0.876458 -0.481479 0.000000
vn 0.876458 -0.481479 0.000000
vn 0.863143 -0.481479 0.152195
vn 0.698573 -0.704857 0.123177
vn 0.863143 -0.481479 0.152195
vn 0.876458 -0.481479 0.000000
vn 0.997281 -0.073694 0.000000
vn 0.997281 -0.073694 0.000000
vn 0.982130 -0.073694 0.173176
vn 0.863143 -0.481479 0.152195
vn 0.982130 -0.073694 0.173176
vn 0.997281 -0.073694 0.000000
vn 0.922064 0.387038 0.000000
vn 0.922064 0.387038 0.000000
vn 0.908056 0.387038 0.160114
vn 0.982130 -0.073694 0.173176
vn 0.908056 0.387038 0.160114
vn 0.922064 0.387038 0.000000
vn 0.739198 0.673488 0.000000
vn 0.739198 0.673488 0.000000
vn 0.727968 0.673488 0.128360
vn 0.908056 0.387038 0.160114
vn 0.727968 0.673488 0.128360
vn 0.739198 0.673488 0.000000
vn 0.599026 0.800729 0.000000
vn 0.599026 0.800729 0.000000
vn 0.589926 0.800729 0.104020
vn 0.727968 0.673488 0.128360
vn 0.589926 0.800729 0.104020
vn 0.599026 0.800729 0.000000
vn 0.512054 0.858953 0.000000
vn 0.512054 0.858953 0.000000
vn 0.504275 0.858953 0.088917
vn 0.589926 0.800729 0.104020
vn 0.504275 0.858953 0.088917
vn 0.512054 0.858953 0.000000
vn 0.460847 0.887479 0.000000
vn 0.460847 0.887479 0.000000
vn 0.453846 0.887479 0.080025
vn 0.504275 0.858953 0.088917
vn 0.453846 0.887479 0.080025
vn 0.460847 0.887479 0.000000
vn 0.433741 0.901038 0.000000
vn 0.433741 0.901038 0.000000
vn 0.427151 0.901038 0.075318
vn 0.453846 0.887479 0.080025
vn 0.427151 0.901038 0.075318
vn 0.433741 0.901038 0.000000
vn 0.425005 0.905191 0.000000
vn 0.425005 0.905191 0.000000
vn 0.418549 0.905191 0.073801
vn 0.427151 0.901038 0.075318
vn 0.984808 -0.000000 0.173648
vn 1.000000 0.000000 0.000000
vn 1.000000 0.000000 0.000000
vn 1.000000 0.000000 0.000000
vn 0.984808 -0.000000 0.173648
vn 0.984808 -0.000000 0.173648
vn 0.265965 -0.962841 0.046897
vn 0.270068 -0.962841 0.000000
vn 0.325516 -0.945536 0.000000
vn 0.325516 -0.945536 0.000000
vn 0.320571 -0.945536 0.056525
vn 0.265965 -0.962841 0.046897
vn 0.320571 -0.945536 0.056525
vn 0.325516 -0.945536 0.000000
vn 0.422678 -0.906280 0.000000
vn 0.422678 -0.906280 0.000000
vn 0.416257 -0.906280 0.073397
vn 0.320571 -0.945536 0.056525
vn 0.416257 -0.906280 0.073397
vn 0.422678 -0.906280 0.000000
vn 0.510439 -0.859914 0.000000
vn 0.510439 -0.859914 0.000000
vn 0.502684 -0.859914 0.088636
vn 0.416257 -0.906280 0.073397
vn 0.502684 -0.859914 0.088636
vn 0.510439 -0.859914 0.000000
vn 0.597723 -0.801703 0.000000
vn 0.597723 -0.801703 0.000000
vn 0.588642 -0.801703 0.103793
vn 0.502684 -0.859914 0.088636
vn 0.588642 -0.801703 0.103793
vn 0.597723 -0.801703 0.000000
vn 0.696895 -0.717173 0.000000
vn 0.696895 -0.717173 0.000000
vn 0.686308 -0.717173 0.121014
vn 0.588642 -0.801703 0.103793
vn 0.686308 -0.717173 0.121014
vn 0.696895 -0.717173 0.000000
vn 0.827927 -0.560836 0.000000
vn 0.827927 -0.560836 0.000000
vn 0.815349 -0.560836 0.143768
vn 0.686308 -0.717173 0.121014
vn 0.815349 -0.560836 0.143768
vn 0.827927 -0.560836 0.000000
vn 0.891319 -0.453377 0.000000
vn 0.891319 -0.453377 0.000000
vn 0.877777 -0.453378 0.154775
vn 0.815349 -0.560836 0.143768
vn 0.981245 0.084985 0.173020
vn 0.996382 0.084985 0.000000
vn 0.971260 0.238021 0.000000
vn 0.971260 0.238021 0.000000
vn 0.956505 0.238021 0.168657
vn 0.981245 0.084985 0.173020
vn 0.956505 0.238021 0.168657
vn 0.971260 0.238021 0.000000
vn 0.890927 0.454146 0.000000
vn 0.890927 0.454146 0.000000
vn 0.877392 0.454146 0.154708
vn 0.956505 0.238021 0.168657
vn 0.877392 0.454146 0.154708
vn 0.890927 0.454146 0.000000
vn 0.830023 0.557730 0.000000
vn 0.830023 0.557730 0.000000
vn 0.817413 0.557730 0.144132
vn 0.877392 0.454146 0.154708
vn 0.817413 0.557730 0.144132
vn 0.830023 0.557730 0.000000
vn 0.781747 0.623596 0.000000
vn 0.781747 0.623596 0.000000
vn 0.769871 0.623596 0.135749
vn 0.817413 0.557730 0.144132
vn 0.769871 0.623596 0.135749
vn 0.781747 0.623596 0.000000
vn 0.739031 0.673672 0.000000
vn 0.739031 0.673672 0.000000
vn 0.727803 0.673672 0.128331
vn 0.769871 0.623596 0.135749
vn 0.727803 0.673672 0.128331
vn 0.739031 0.673672 0.000000
vn 0.697756 0.716335 0.000000
vn 0.697756 0.716335 0.000000
vn 0.687156 0.716335 0.121164
vn 0.727803 0.673672 0.128331
vn 0.687156 0.716335 0.121164
vn 0.697756 0.716335 0.000000
vn 0.675954 0.736944 0.000000
vn 0.675954 0.736944 0.000000
vn 0.665685 0.736944 0.117378
vn 0.687156 0.716335 0.121164
vn 0.984688 0.015597 0.173627
vn 0.999878 0.015597 0.000000
vn 0.999878 0.015597 0.000000
vn 0.999878 0.015597 0.000000
vn 0.984688 0.015597 0.173627
vn 0.984688 0.015597 0.173627
vn 0.296319 0.953659 0.052249
vn 0.300890 0.953659 0.000000
vn 0.300890 0.953659 0.000000
vn 0.300890 0.953659 0.000000
vn 0.296319 0.953659 0.052249
vn 0.296319 0.953659 0.052249
vn 0.984808 0.000000 0.173648
vn 1.000000 0.000000 0.000000
vn 1.000000 0.000000 0.000000
vn 1.000000 0.000000 0.000000
vn 0.984808 0.000000 0.173648
vn 0.984808 0.000000 0.173648
vn 0.513396 -0.853364 0.090526
vn 0.521316 -0.853364 0.000000
vn 0.525972 -0.850502 0.000000
vn 0.525972 -0.850502 0.000000
vn 0.517981 -0.850502 0.091334
vn 0.513396 -0.853364 0.090526
vn 0.517981 -0.850502 0.091334
vn 0.525972 -0.850502 0.000000
vn 0.538460 -0.842651 0.000000
vn 0.538460 -0.842651 0.000000
vn 0.530280 -0.842651 0.093503
vn 0.517981 -0.850502 0.091334
vn 0.530280 -0.842651 0.093503
vn 0.538460 -0.842651 0.000000
vn 0.556233 -0.831027 0.000000
vn 0.556233 -0.831027 0.000000
vn 0.547782 -0.831027 0.096589
vn 0.530280 -0.842651 0.093503
vn 0.547782 -0.831027 0.096589
vn 0.556233 -0.831027 0.000000
vn 0.576364 -0.817193 0.000000
vn 0.576364 -0.817193 0.000000
vn 0.567608 -0.817193 0.100085
vn 0.547782 -0.831027 0.096589
vn 0.567608 -0.817193 0.100085
vn 0.576364 -0.817193 0.000000
vn 0.596465 -0.802639 0.000000
vn 0.596465 -0.802639 0.000000
vn 0.587403 -0.802639 0.103575
vn 0.567608 -0.817193 0.100085
vn 0.587403 -0.802639 0.103575
vn 0.596465 -0.802639 0.000000
vn 0.615043 -0.788493 0.000000
vn 0.615043 -0.788493 0.000000
vn 0.605699 -0.788493 0.106801
vn 0.587403 -0.802639 0.103575
vn 0.605699 -0.788493 0.106801
vn 0.615043 -0.788493 0.000000
vn 0.712383 -0.701791 0.000000
vn 0.712383 -0.701791 0.000000
vn 0.701560 -0.701791 0.123704
vn 0.605699 -0.788493 0.106801
vn 0.701560 -0.701791 0.123704
vn 0.712383 -0.701791 0.000000
vn 0.785624 -0.618705 0.000000
vn 0.785624 -0.618705 0.000000
vn 0.773688 -0.618705 0.136422
vn 0.701560 -0.701791 0.123704
vn 0.983830 0.044543 0.173475
vn 0.999007 0.044543 0.000000
vn 0.999007 0.044543 0.000000
vn 0.999007 0.044543 0.000000
vn 0.983830 0.044543 0.173475
vn 0.983830 0.044543 0.173475
vn 0.777115 0.614260 0.137026
vn 0.789103 0.614260 0.000000
vn 0.697196 0.716880 0.000000
vn 0.697196 0.716880 0.000000
vn 0.686604 0.716880 0.121067
vn 0.777115 0.614260 0.137026
vn 0.686604 0.716880 0.121067
vn 0.697196 0.716880 0.000000
vn 0.530643 0.847595 0.000000
vn 0.530643 0.847595 0.000000
vn 0.522582 0.847595 0.092145
vn 0.686604 0.716880 0.121067
vn 0.522582 0.847595 0.092145
vn 0.530643 0.847595 0.000000
vn 0.443814 0.896119 0.000000
vn 0.443814 0.896119 0.000000
vn 0.437071 0.896119 0.077067
vn 0.522582 0.847595 0.092145
vn 0.437071 0.896119 0.077067
vn 0.443814 0.896119 0.000000
vn 0.401821 0.915718 0.000000
vn 0.401821 0.915718 0.000000
vn 0.395717 0.915718 0.069775
vn 0.437071 0.896119 0.077067
vn 0.395717 0.915718 0.069775
vn 0.401821 0.915718 0.000000
vn 0.388859 0.921297 0.000000
vn 0.388859 0.921297 0.000000
vn 0.382951 0.921297 0.067524
vn 0.395717 0.915718 0.069775
vn 0.980434 0.094139 0.172877
vn 0.995559 0.094139 0.000000
vn 0.993800 0.111184 0.000000
vn 0.993800 0.111184 0.000000
vn 0.978702 0.111184 0.172571
vn 0.980434 0.094139 0.172877
vn 0.978702 0.111184 0.172571
vn 0.993800 0.111184 0.000000
vn 0.991721 0.128408 0.000000
vn 0.991721 0.128408 0.000000
vn 0.976655 0.128408 0.172211
vn 0.978702 0.111184 0.172571
vn 0.004571 -0.999989 0.000806
vn 0.004642 -0.999989 0.000000
vn 0.004642 -0.999989 0.000000
vn 0.004642 -0.999989 0.000000
vn 0.004571 -0.999989 0.000806
vn 0.004571 -0.999989 0.000806
vn 0.984808 0.000296 0.173648
vn 1.000000 0.000296 0.000000
vn 1.000000 0.000296 0.000000
vn 1.000000 0.000296 0.000000
vn 0.984808 0.000296 0.173649
vn 0.984808 0.000296 0.173648
vn -0.000808 -1.000000 -0.000143
vn -0.000821 -1.000000 0.000000
vn -0.000821 -1.000000 0.000000
vn -0.000821 -1.000000 0.000000
vn -0.000808 -1.000000 -0.000143
vn -0.000808 -1.000000 -0.000143
vn 0.984808 -0.000076 0.173648
vn 1.000000 -0.000076 0.000000
vn 1.000000 -0.000076 0.000000
vn 1.000000 -0.000076 0.000000
vn 0.984808 -0.000076 0.173648
vn 0.984808 -0.000076 0.173648
vn -0.000324 -1.000000 -0.000057
vn -0.000329 -1.000000 0.000000
vn -0.000329 -1.000000 0.000000
vn -0.000329 -1.000000 0.000000
vn -0.000324 -1.000000 -0.000057
vn -0.000324 -1.000000 -0.000057
vn 0.984808 -0.000000 0.173648
vn 1.000000 -0.000000 0.000000
vn 1.000000 -0.000000 0.000000
vn 1.000000 -0.000000 0.000000
vn 0.984808 0.000000 0.173648
vn 0.984808 -0.000000 0.173648
vn -0.000417 -1.000000 -0.000074
vn -0.000423 -1.000000 0.000000
vn -0.000423 -1.000000 0.000000
vn -0.000423 -1.000000 0.000000
vn -0.000417 -1.000000 -0.000074
vn -0.000417 -1.000000 -0.000074
vn 0.984808 0.000553 0.173648
vn 1.000000 0.000553 0.000000
vn 0.999575 -0.000128 -0.029145
vn 0.999575 -0.000128 -0.029145
vn 0.984808 0.000553 0.173648
vn 0.984808 0.000553 0.173648
vn 0.001528 0.999999 0.000270
vn 0.001549 0.999999 0.000049
vn 0.000000 1.000000 0.000000
vn 0.001560 0.999999 -0.000136
vn 0.001536 0.999999 -0.000271
vn 0.001536 0.999999 -0.000271
vn 0.001536 0.999999 -0.000271
vn 0.001560 0.999999 -0.000136
vn 0.001560 0.999999 -0.000136
vn 0.001536 0.999999 -0.000271
vn 0.001466 0.999999 -0.000533
vn 0.001466 0.999999 -0.000533
vn 0.001466 0.999999 -0.000533
vn 0.001536 0.999999 -0.000271
vn 0.001536 0.999999 -0.000271
vn 0.001466 0.999999 -0.000533
vn 0.001351 0.999999 -0.000780
vn 0.001351 0.999999 -0.000780
vn 0.001351 0.999999 -0.000780
vn 0.001466 0.999999 -0.000533
vn 0.001466 0.999999 -0.000533
vn 0.001351 0.999999 -0.000780
vn 0.001283 0.999999 -0.000898
vn 0.001283 0.999999 -0.000898
vn 0.001283 0.999999 -0.000898
vn 0.001351 0.999999 -0.000780
vn 0.001351 0.999999 -0.000780
vn 0.001107 0.999999 -0.001107
vn 0.001003 0.999999 -0.001195
vn 0.000998 0.999999 -0.001189
vn 0.000998 0.999999 -0.001189
vn 0.001155 0.999999 -0.001033
vn 0.001107 0.999999 -0.001107
vn 0.001003 0.999999 -0.001195
vn 0.000898 0.999999 -0.001283
vn 0.000816 0.999999 -0.001317
vn 0.000816 0.999999 -0.001317
vn 0.000998 0.999999 -0.001189
vn 0.001003 0.999999 -0.001195
vn 0.000660 0.999999 -0.001420
vn 0.000533 0.999999 -0.001466
vn 0.000533 0.999999 -0.001466
vn 0.000533 0.999999 -0.001466
vn 0.000660 0.999999 -0.001420
vn 0.000660 0.999999 -0.001420
vn 0.000533 0.999999 -0.001466
vn 0.000271 0.999999 -0.001536
vn 0.000271 0.999999 -0.001536
vn 0.000271 0.999999 -0.001536
vn 0.000533 0.999999 -0.001466
vn 0.000533 0.999999 -0.001466
vn 0.000271 0.999999 -0.001536
vn 0.000000 0.999999 -0.001560
vn 0.000000 0.999999 -0.001560
vn 0.000000 0.999999 -0.001560
vn 0.000271 0.999999 -0.001536
vn 0.000271 0.999999 -0.001536
vn 0.000000 0.999999 -0.001560
vn -0.000136 0.999999 -0.001560
vn -0.000136 0.999999 -0.001560
vn -0.000136 0.999999 -0.001560
vn 0.000000 0.999999 -0.001560
vn 0.000000 0.999999 -0.001560
vn -0.000405 0.999999 -0.001513
vn -0.000533 0.999999 -0.001466
vn -0.000530 0.999999 -0.001459
vn -0.000530 0.999999 -0.001459
vn -0.000317 0.999999 -0.001517
vn -0.000405 0.999999 -0.001513
vn -0.000533 0.999999 -0.001466
vn -0.000660 0.999999 -0.001420
vn -0.000731 0.999999 -0.001367
vn -0.000731 0.999999 -0.001367
vn -0.000530 0.999999 -0.001459
vn -0.000533 0.999999 -0.001466
vn -0.000898 0.999999 -0.001283
vn -0.001003 0.999999 -0.001195
vn -0.001003 0.999999 -0.001195
vn -0.001003 0.999999 -0.001195
vn -0.000898 0.999999 -0.001283
vn -0.000898 0.999999 -0.001283
vn -0.001003 0.999999 -0.001195
vn -0.001195 0.999999 -0.001003
vn -0.001195 0.999999 -0.001003
vn -0.001195 0.999999 -0.001003
vn -0.001003 0.999999 -0.001195
vn -0.001003 0.999999 -0.001195
vn -0.001195 0.999999 -0.001003
vn -0.001351 0.999999 -0.000780
vn -0.001351 0.999999 -0.000780
vn -0.001351 0.999999 -0.000780
vn -0.001195 0.999999 -0.001003
vn -0.001195 0.999999 -0.001003
vn -0.001351 0.999999 -0.000780
vn -0.001419 0.999999 -0.000662
vn -0.001419 0.999999 -0.000662
vn -0.001419 0.999999 -0.000662
vn -0.001351 0.999999 -0.000780
vn -0.001351 0.999999 -0.000780
vn -0.001513 0.999999 -0.000405
vn -0.001536 0.999999 -0.000271
vn -0.001528 0.999999 -0.000269
vn -0.001528 0.999999 -0.000269
vn -0.001472 0.999999 -0.000484
vn -0.001513 0.999999 -0.000405
vn -0.001536 0.999999 -0.000271
vn -0.001560 0.999999 -0.000136
vn -0.001549 0.999999 -0.000049
vn -0.001549 0.999999 -0.000049
vn -0.001528 0.999999 -0.000269
vn -0.001536 0.999999 -0.000271
vn -0.001560 0.999999 0.000137
vn -0.001536 0.999999 0.000271
vn -0.001536 0.999999 0.000271
vn -0.001536 0.999999 0.000271
vn -0.001560 0.999999 0.000137
vn -0.001560 0.999999 0.000137
vn -0.001536 0.999999 0.000271
vn -0.001466 0.999999 0.000534
vn -0.001466 0.999999 0.000534
vn -0.001466 0.999999 0.000534
vn -0.001536 0.999999 0.000271
vn -0.001536 0.999999 0.000271
vn -0.001466 0.999999 0.000534
vn -0.001351 0.999999 0.000780
vn -0.001351 0.999999 0.000780
vn -0.001351 0.999999 0.000780
vn -0.001466 0.999999 0.000534
vn -0.001466 0.999999 0.000534
vn -0.001351 0.999999 0.000780
vn -0.001283 0.999999 0.000898
vn -0.001283 0.999999 0.000898
vn -0.001283 0.999999 0.000898
vn -0.001351 0.999999 0.000780
vn -0.001351 0.999999 0.000780
vn -0.001107 0.999999 0.001107
vn -0.001003 0.999999 0.001195
vn -0.000998 0.999999 0.001189
vn -0.000998 0.999999 0.001189
vn -0.001155 0.999999 0.001033
vn -0.001107 0.999999 0.001107
vn -0.001003 0.999999 0.001195
vn -0.000898 0.999999 0.001283
vn -0.000818 0.999999 0.001317
vn -0.000818 0.999999 0.001317
vn -0.000998 0.999999 0.001189
vn -0.001003 0.999999 0.001195
vn -0.000663 0.999999 0.001419
vn -0.000534 0.999999 0.001465
vn -0.000533 0.999999 0.001466
vn -0.000533 0.999999 0.001466
vn -0.000664 0.999999 0.001418
vn -0.000663 0.999999 0.001419
vn -0.000534 0.999999 0.001465
vn -0.000271 0.999999 0.001535
vn -0.000270 0.999999 0.001536
vn -0.000270 0.999999 0.001536
vn -0.000533 0.999999 0.001466
vn -0.000534 0.999999 0.001465
vn -0.000271 0.999999 0.001535
vn 0.000000 0.999999 0.001559
vn 0.000000 0.999999 0.001559
vn 0.000000 0.999999 0.001559
vn -0.000270 0.999999 0.001536
vn -0.000271 0.999999 0.001535
vn 0.000000 0.999999 0.001559
vn 0.000136 0.999999 0.001559
vn 0.000136 0.999999 0.001559
vn 0.000136 0.999999 0.001559
vn 0.000000 0.999999 0.001559
vn 0.000000 0.999999 0.001559
vn 0.000405 0.999999 0.001512
vn 0.000534 0.999999 0.001466
vn 0.000531 0.999999 0.001458
vn 0.000531 0.999999 0.001458
vn 0.000316 0.999999 0.001517
vn 0.000405 0.999999 0.001512
vn 0.000534 0.999999 0.001466
vn 0.000663 0.999999 0.001418
vn 0.000733 0.999999 0.001365
vn 0.000733 0.999999 0.001365
vn 0.000531 0.999999 0.001458
vn 0.000534 0.999999 0.001466
vn 0.000898 0.999999 0.001283
vn 0.001003 0.999999 0.001195
vn 0.001003 0.999999 0.001195
vn 0.001003 0.999999 0.001195
vn 0.000898 0.999999 0.001283
vn 0.000898 0.999999 0.001283
vn 0.001003 0.999999 0.001195
vn 0.001195 0.999999 0.001003
vn 0.001195 0.999999 0.001003
vn 0.001195 0.999999 0.001003
vn 0.001003 0.999999 0.001195
vn 0.001003 0.999999 0.001195
vn 0.001195 0.999999 0.001003
vn 0.001351 0.999999 0.000780
vn 0.001351 0.999999 0.000780
vn 0.001351 0.999999 0.000780
vn 0.001195 0.999999 0.001003
vn 0.001195 0.999999 0.001003
vn 0.001351 0.999999 0.000780
vn 0.001419 0.999999 0.000662
vn 0.001419 0.999999 0.000662
vn 0.001419 0.999999 0.000662
vn 0.001351 0.999999 0.000780
vn 0.001351 0.999999 0.000780
vn 0.001513 0.999999 0.000405
vn 0.001536 0.999999 0.000271
vn 0.001528 0.999999 0.000270
vn 0.001528 0.999999 0.000270
vn 0.001472 0.999999 0.000484
vn 0.001513 0.999999 0.000405
vn 0.001536 0.999999 0.000271
vn 0.001560 0.999999 0.000137
vn 0.001549 0.999999 0.000049
vn 0.001549 0.999999 0.000049
vn 0.001528 0.999999 0.000270
vn 0.001536 0.999999 0.000271
vn 0.999575 -0.000128 -0.029145
vn 0.984809 -0.000480 -0.173641
vn 0.984804 -0.001513 -0.173662
vn 0.984804 -0.001513 -0.173662
vn 0.996194 -0.001484 -0.087155
vn 0.999575 -0.000128 -0.029145
vn 0.984809 -0.000480 -0.173641
vn 0.939693 -0.000492 -0.342020
vn 0.939692 -0.001536 -0.342019
vn 0.939692 -0.001536 -0.342019
vn 0.984804 -0.001513 -0.173662
vn 0.984809 -0.000480 -0.173641
vn 0.939693 -0.000492 -0.342020
vn 0.866022 -0.000480 -0.500006
vn 0.866032 -0.001513 -0.499986
vn 0.866032 -0.001513 -0.499986
vn 0.939692 -0.001536 -0.342019
vn 0.939693 -0.000492 -0.342020
vn 0.866022 -0.000480 -0.500006
vn 0.784453 -0.000128 -0.620188
vn 0.819151 -0.001484 -0.573575
vn 0.819151 -0.001484 -0.573575
vn 0.866032 -0.001513 -0.499986
vn 0.866022 -0.000480 -0.500006
vn -0.642786 0.000525 -0.766045
vn -0.642787 0.000525 -0.766045
vn -0.642786 0.000525 -0.766045
vn -0.642786 0.000525 -0.766045
vn -0.642786 0.000526 -0.766045
vn -0.642786 0.000525 -0.766045
vn -0.819151 0.001484 0.573575
vn -0.866017 0.001513 0.500012
vn -0.866032 0.001513 0.499986
vn -0.866032 0.001513 0.499986
vn -0.819151 0.001484 0.573575
vn -0.819151 0.001484 0.573575
vn -0.866017 0.001513 0.500012
vn -0.939692 0.001536 0.342019
vn -0.939692 0.001536 0.342019
vn -0.939692 0.001536 0.342019
vn -0.866032 0.001513 0.499986
vn -0.866017 0.001513 0.500012
vn -0.939692 0.001536 0.342019
vn -0.984809 0.001513 0.173633
vn -0.984804 0.001513 0.173662
vn -0.984804 0.001513 0.173662
vn -0.939692 0.001536 0.342019
vn -0.939692 0.001536 0.342019
vn -0.984809 0.001513 0.173633
vn -0.996194 0.001484 0.087155
vn -0.996194 0.001484 0.087155
vn -0.996194 0.001484 0.087155
vn -0.984804 0.001513 0.173662
vn -0.984809 0.001513 0.173633
vn 0.000000 0.000525 1.000000
vn 0.000000 0.000525 1.000000
vn 0.000000 0.000525 1.000000
vn 0.000000 0.000525 1.000000
vn 0.000000 0.000525 1.000000
vn 0.000000 0.000525 1.000000
vn 0.474548 -0.000128 -0.880230
vn 0.342027 -0.000480 -0.939690
vn 0.342006 -0.001513 -0.939696
vn 0.342006 -0.001513 -0.939696
vn 0.422618 -0.001484 -0.906307
vn 0.474548 -0.000128 -0.880230
vn 0.342027 -0.000480 -0.939690
vn 0.173649 -0.000492 -0.984807
vn 0.173648 -0.001536 -0.984807
vn 0.173648 -0.001536 -0.984807
vn 0.342006 -0.001513 -0.939696
vn 0.342027 -0.000480 -0.939690
vn 0.173649 -0.000492 -0.984807
vn -0.000007 -0.000480 -1.000000
vn 0.000015 -0.001513 -0.999999
vn 0.000015 -0.001513 -0.999999
vn 0.173648 -0.001536 -0.984807
vn 0.173649 -0.000492 -0.984807
vn -0.000007 -0.000480 -1.000000
vn -0.144872 -0.000128 -0.989450
vn -0.087155 -0.001484 -0.996194
vn -0.087155 -0.001484 -0.996194
vn 0.000015 -0.001513 -0.999999
vn -0.000007 -0.000480 -1.000000
vn -0.984808 0.000525 0.173647
vn -0.984808 0.000525 0.173647
vn -0.984808 0.000525 0.173647
vn -0.984808 0.000525 0.173647
vn -0.984808 0.000525 0.173647
vn -0.984808 0.000525 0.173647
vn 0.087154 0.001484 0.996194
vn 0.000014 0.001513 0.999999
vn -0.000015 0.001513 0.999999
vn -0.000015 0.001513 0.999999
vn 0.087154 0.001484 0.996194
vn 0.087154 0.001484 0.996194
vn 0.000014 0.001513 0.999999
vn -0.173648 0.001536 0.984807
vn -0.173648 0.001536 0.984807
vn -0.173648 0.001536 0.984807
vn -0.000015 0.001513 0.999999
vn 0.000014 0.001513 0.999999
vn -0.173648 0.001536 0.984807
vn -0.342034 0.001513 0.939686
vn -0.342006 0.001513 0.939696
vn -0.342006 0.001513 0.939696
vn -0.173648 0.001536 0.984807
vn -0.173648 0.001536 0.984807
vn -0.342034 0.001513 0.939686
vn -0.422618 0.001484 0.906307
vn -0.422618 0.001484 0.906307
vn -0.422618 0.001484 0.906307
vn -0.342006 0.001513 0.939696
vn -0.342034 0.001513 0.939686
vn 0.866026 0.000526 0.499999
vn 0.866026 0.000526 0.499999
vn 0.866026 0.000526 0.499999
vn 0.866026 0.000526 0.499999
vn 0.866026 0.000526 0.499999
vn 0.866026 0.000526 0.499999
vn -0.525027 -0.000128 -0.851085
vn -0.642781 -0.000480 -0.766050
vn -0.642798 -0.001513 -0.766034
vn -0.642798 -0.001513 -0.766034
vn -0.573575 -0.001484 -0.819152
vn -0.525027 -0.000128 -0.851085
vn -0.642781 -0.000480 -0.766050
vn -0.766044 -0.000492 -0.642788
vn -0.766043 -0.001536 -0.642787
vn -0.766043 -0.001536 -0.642787
vn -0.642798 -0.001513 -0.766034
vn -0.642781 -0.000480 -0.766050
vn -0.766044 -0.000492 -0.642788
vn -0.866029 -0.000480 -0.499994
vn -0.866017 -0.001513 -0.500012
vn -0.866017 -0.001513 -0.500012
vn -0.766043 -0.001536 -0.642787
vn -0.766044 -0.000492 -0.642788
vn -0.866029 -0.000480 -0.499994
vn -0.929325 -0.000128 -0.369262
vn -0.906307 -0.001484 -0.422617
vn -0.906307 -0.001484 -0.422617
vn -0.866017 -0.001513 -0.500012
vn -0.866029 -0.000480 -0.499994
vn -0.342021 0.000525 0.939692
vn -0.342021 0.000525 0.939692
vn -0.342021 0.000525 0.939692
vn -0.342021 0.000525 0.939692
vn -0.342021 0.000525 0.939692
vn -0.342021 0.000525 0.939692
vn 0.906307 0.001484 0.422617
vn 0.866032 0.001513 0.499987
vn 0.866017 0.001513 0.500012
vn 0.866017 0.001513 0.500012
vn 0.906307 0.001484 0.422617
vn 0.906307 0.001484 0.422617
vn 0.866032 0.001513 0.499987
vn 0.766043 0.001536 0.642787
vn 0.766043 0.001536 0.642787
vn 0.766043 0.001536 0.642787
vn 0.866017 0.001513 0.500012
vn 0.866032 0.001513 0.499987
vn 0.766043 0.001536 0.642787
vn 0.642775 0.001513 0.766053
vn 0.642798 0.001513 0.766034
vn 0.642798 0.001513 0.766034
vn 0.766043 0.001536 0.642787
vn 0.766043 0.001536 0.642787
vn 0.642775 0.001513 0.766053
vn 0.573575 0.001484 0.819151
vn 0.573575 0.001484 0.819151
vn 0.573575 0.001484 0.819151
vn 0.642798 0.001513 0.766034
vn 0.642775 0.001513 0.766053
vn 0.866025 0.000526 -0.500000
vn 0.866025 0.000526 -0.500000
vn 0.866025 0.000526 -0.500000
vn 0.866025 0.000526 -0.500000
vn 0.866025 0.000526 -0.500000
vn 0.866025 0.000526 -0.500000
vn -0.999575 -0.000128 0.029144
vn -0.984809 -0.000480 0.173641
vn -0.984804 -0.001513 0.173662
vn -0.984804 -0.001513 0.173662
vn -0.996194 -0.001484 0.087155
vn -0.999575 -0.000128 0.029144
vn -0.984809 -0.000480 0.173641
vn -0.939693 -0.000492 0.342020
vn -0.939691 -0.001536 0.342020
vn -0.939691 -0.001536 0.342020
vn -0.984804 -0.001513 0.173662
vn -0.984809 -0.000480 0.173641
vn -0.939693 -0.000492 0.342020
vn -0.866022 -0.000480 0.500006
vn -0.866032 -0.001513 0.499986
vn -0.866032 -0.001513 0.499986
vn -0.939691 -0.001536 0.342020
vn -0.939693 -0.000492 0.342020
vn -0.866022 -0.000480 0.500006
vn -0.784453 -0.000128 0.620188
vn -0.819151 -0.001484 0.573576
vn -0.819151 -0.001484 0.573576
vn -0.866032 -0.001513 0.499986
vn -0.866022 -0.000480 0.500006
vn 0.642787 0.000525 0.766045
vn 0.642787 0.000525 0.766045
vn 0.642787 0.000525 0.766045
vn 0.642787 0.000525 0.766045
vn 0.642787 0.000525 0.766045
vn 0.642787 0.000525 0.766045
vn 0.819151 0.001484 -0.573576
vn 0.866017 0.001513 -0.500012
vn 0.866032 0.001513 -0.499987
vn 0.866032 0.001513 -0.499987
vn 0.819151 0.001484 -0.573576
vn 0.819151 0.001484 -0.573576
vn 0.866017 0.001513 -0.500012
vn 0.939691 0.001536 -0.342020
vn 0.939691 0.001536 -0.342020
vn 0.939691 0.001536 -0.342020
vn 0.866032 0.001513 -0.499987
vn 0.866017 0.001513 -0.500012
vn 0.939691 0.001536 -0.342020
vn 0.984809 0.001513 -0.173633
vn 0.984804 0.001513 -0.173662
vn 0.984804 0.001513 -0.173662
vn 0.939691 0.001536 -0.342020
vn 0.939691 0.001536 -0.342020
vn 0.984809 0.001513 -0.173633
vn 0.996194 0.001484 -0.087154
vn 0.996194 0.001484 -0.087154
vn 0.996194 0.001484 -0.087154
vn 0.984804 0.001513 -0.173662
vn 0.984809 0.001513 -0.173633
vn -0.000000 0.000525 -1.000000
vn -0.000000 0.000525 -1.000000
vn -0.000000 0.000525 -1.000000
vn -0.000000 0.000525 -1.000000
vn -0.000000 0.000525 -1.000000
vn -0.000000 0.000525 -1.000000
vn -0.474548 -0.000128 0.880230
vn -0.342027 -0.000480 0.939690
vn -0.342006 -0.001512 0.939696
vn -0.342006 -0.001512 0.939696
vn -0.422618 -0.001483 0.906307
vn -0.474548 -0.000128 0.880230
vn -0.342027 -0.000480 0.939690
vn -0.173648 -0.000492 0.984808
vn -0.173648 -0.001536 0.984807
vn -0.173648 -0.001536 0.984807
vn -0.342006 -0.001512 0.939696
vn -0.342027 -0.000480 0.939690
vn -0.173648 -0.000492 0.984808
vn 0.000007 -0.000480 1.000000
vn -0.000015 -0.001512 0.999999
vn -0.000015 -0.001512 0.999999
vn -0.173648 -0.001536 0.984807
vn -0.173648 -0.000492 0.984808
vn 0.000007 -0.000480 1.000000
vn 0.144872 -0.000128 0.989450
vn 0.087155 -0.001483 0.996194
vn 0.087155 -0.001483 0.996194
vn -0.000015 -0.001512 0.999999
vn 0.000007 -0.000480 1.000000
vn 0.984808 0.000526 -0.173647
vn 0.984808 0.000526 -0.173647
vn 0.984808 0.000526 -0.173647
vn 0.984808 0.000526 -0.173647
vn 0.984808 0.000526 -0.173647
vn 0.984808 0.000526 -0.173647
vn -0.087155 0.001483 -0.996194
vn -0.000015 0.001512 -0.999999
vn 0.000015 0.001512 -0.999999
vn 0.000015 0.001512 -0.999999
vn -0.087155 0.001483 -0.996194
vn -0.087155 0.001483 -0.996194
vn -0.000015 0.001512 -0.999999
vn 0.173648 0.001536 -0.984807
vn 0.173648 0.001536 -0.984807
vn 0.173648 0.001536 -0.984807
vn 0.000015 0.001512 -0.999999
vn -0.000015 0.001512 -0.999999
vn 0.173648 0.001536 -0.984807
vn 0.342034 0.001512 -0.939686
vn 0.342006 0.001512 -0.939696
vn 0.342006 0.001512 -0.939696
vn 0.173648 0.001536 -0.984807
vn 0.173648 0.001536 -0.984807
vn 0.342034 0.001512 -0.939686
vn 0.422618 0.001483 -0.906307
vn 0.422618 0.001483 -0.906307
vn 0.422618 0.001483 -0.906307
vn 0.342006 0.001512 -0.939696
vn 0.342034 0.001512 -0.939686
vn -0.866025 0.000525 -0.500000
vn -0.866025 0.000525 -0.500000
vn -0.866025 0.000525 -0.500000
vn -0.866025 0.000525 -0.500000
vn -0.866025 0.000525 -0.500000
vn -0.866025 0.000525 -0.500000
vn 0.525028 -0.000128 0.851085
vn 0.642782 -0.000480 0.766049
vn 0.642798 -0.001513 0.766034
vn 0.642798 -0.001513 0.766034
vn 0.573576 -0.001484 0.819151
vn 0.525028 -0.000128 0.851085
vn 0.642782 -0.000480 0.766049
vn 0.766044 -0.000492 0.642788
vn 0.766043 -0.001536 0.642787
vn 0.766043 -0.001536 0.642787
vn 0.642798 -0.001513 0.766034
vn 0.642782 -0.000480 0.766049
vn 0.766044 -0.000492 0.642788
vn 0.866029 -0.000480 0.499994
vn 0.866017 -0.001513 0.500013
vn 0.866017 -0.001513 0.500013
vn 0.766043 -0.001536 0.642787
vn 0.766044 -0.000492 0.642788
vn 0.866029 -0.000480 0.499994
vn 0.929325 -0.000128 0.369263
vn 0.906307 -0.001484 0.422618
vn 0.906307 -0.001484 0.422618
vn 0.866017 -0.001513 0.500013
vn 0.866029 -0.000480 0.499994
vn 0.342021 0.000525 -0.939692
vn 0.342021 0.000525 -0.939692
vn 0.342021 0.000525 -0.939692
vn 0.342021 0.000525 -0.939692
vn 0.342021 0.000525 -0.939692
vn 0.342021 0.000525 -0.939692
vn -0.906307 0.001484 -0.422618
vn -0.866032 0.001513 -0.499987
vn -0.866017 0.001513 -0.500012
vn -0.866017 0.001513 -0.500012
vn -0.906307 0.001484 -0.422618
vn -0.906307 0.001484 -0.422618
vn -0.866032 0.001513 -0.499987
vn -0.766043 0.001536 -0.642787
vn -0.766043 0.001536 -0.642787
vn -0.766043 0.001536 -0.642787
vn -0.866017 0.001513 -0.500012
vn -0.866032 0.001513 -0.499987
vn -0.766043 0.001536 -0.642787
vn -0.642775 0.001513 -0.766053
vn -0.642798 0.001513 -0.766034
vn -0.642798 0.001513 -0.766034
vn -0.766043 0.001536 -0.642787
vn -0.766043 0.001536 -0.642787
vn -0.642775 0.001513 -0.766053
vn -0.573575 0.001484 -0.819151
vn -0.573576 0.001484 -0.819151
vn -0.573576 0.001484 -0.819151
vn -0.642798 0.001513 -0.766034
vn -0.642775 0.001513 -0.766053
vn -0.866025 0.000525 0.500000
vn -0.866025 0.000525 0.500000
vn -0.866025 0.000525 0.500000
vn -0.866025 0.000525 0.500000
vn -0.866025 0.000525 0.500000
vn -0.866025 0.000525 0.500000
f 1//1 2//2 3//3
f 3//4 2//5 4//6
f 4//7 5//8 3//9
f 5//10 4//11 6//12
f 6//13 7//14 5//15
f 7//16 6//17 8//18
f 8//19 9//20 7//21
f 9//22 8//23 10//24
f 10//25 11//26 9//27
f 11//28 10//29 12//30
f 12//31 13//32 11//33
f 13//34 12//35 14//36
f 14//37 15//38 13//39
f 15//40 14//41 16//42
f 16//43 17//44 15//45
f 17//46 16//47 18//48
f 18//49 19//50 17//51
f 19//52 18//53 20//54
f 20//55 21//56 19//57
f 21//58 20//59 22//60
f 22//61 23//62 21//63
f 23//64 22//65 24//66
f 24//67 25//68 23//69
f 25//70 24//71 26//72
f 26//73 27//74 25//75
f 27//76 26//77 28//78
f 28//79 29//80 27//81
f 29//82 28//83 30//84
f 30//85 31//86 29//87
f 31//88 30//89 32//90
f 32//91 33//92 31//93
f 33//94 32//95 34//96
f 34//97 35//98 33//99
f 35//100 34//101 36//102
f 36//103 37//104 35//105
f 37//106 36//107 38//108
f 38//109 39//110 37//111
f 39//112 38//113 40//114
f 40//115 41//116 39//117
f 41//118 40//119 42//120
f 42//121 43//122 41//123
f 43//124 42//125 44//126
f 44//127 45//128 43//129
f 45//130 44//131 46//132
f 46//133 47//134 45//135
f 47//136 46//137 48//138
f 48//139 49//140 47//141
f 49//142 48//143 50//144
f 50//145 51//146 49//147
f 51//148 50//149 52//150
f 52//151 53//152 51//153
f 53//154 52//155 54//156
f 54//157 55//158 53//159
f 55//160 54//161 56//162
f 56//163 57//164 55//165
f 57//166 56//167 58//168
f 58//169 59//170 57//171
f 59//172 58//173 60//174
f 60//175 61//176 59//177
f 61//178 60//179 62//180
f 62//181 63//182 61//183
f 63//184 62//185 64//186
f 64//187 65//188 63//189
f 65//190 64//191 66//192
f 66//193 67//194 65//195
f 67//196 66//197 68//198
f 68//199 69//200 67//201
f 69//202 68//203 70//204
f 70//205 71//206 69//207
f 71//208 70//209 72//210
f 72//211 73//212 71//213
f 73//214 72//215 74//216
f 74//217 75//218 73//219
f 75//220 74//221 76//222
f 76//223 77//224 75//225
f 77//226 76//227 78//228
f 78//229 79//230 77//231
f 79//232 78//233 80//234
f 80//235 81//236 79//237
f 81//238 80//239 82//240
f 82//241 83//242 81//243
f 83//244 82//245 84//246
f 84//247 85//248 83//249
f 85//250 84//251 86//252
f 86//253 87//254 85//255
f 87//256 86//257 88//258
f 88//259 89//260 87//261
f 89//262 88//263 90//264
f 90//265 91//266 89//267
f 91//268 90//269 92//270
f 92//271 93//272 91//273
f 93//274 92//275 94//276
f 94//277 95//278 93//279
f 95//280 94//281 96//282
f 96//283 97//284 95//285
f 97//286 96//287 98//288
f 98//289 99//290 97//291
f 99//292 98//293 100//294
f 100//295 101//296 99//297
f 101//298 100//299 102//300
f 102//301 103//302 101//303
f 103//304 102//305 104//306
f 104//307 105//308 103//309
f 105//310 104//311 106//312
f 106//313 107//314 105//315
f 107//316 106//317 108//318
f 108//319 109//320 107//321
f 109//322 108//323 110//324
f 110//325 111//326 109//327
f 111//328 110//329 112//330
f 112//331 113//332 111//333
f 113//334 112//335 114//336
f 114//337 115//338 113//339
f 115//340 114//341 116//342
f 116//343 117//344 115//345
f 118//346 119//347 120//348
f 1//349 121//350 2//351
f 2//352 121//353 122//354
f 122//355 4//356 2//357
f 4//358 122//359 123//360
f 123//361 6//362 4//363
f 6//364 123//365 124//366
f 124//367 8//368 6//369
f 8//370 124//371 125//372
f 125//373 10//374 8//375
f 10//376 125//377 126//378
f 126//379 12//380 10//381
f 12//382 126//383 127//384
f 127//385 14//386 12//387
f 14//388 127//389 128//390
f 128//391 16//392 14//393
f 16//394 128//395 129//396
f 129//397 18//398 16//399
f 18//400 129//401 130//402
f 130//403 20//404 18//405
f 20//406 130//407 131//408
f 131//409 22//410 20//411
f 22//412 131//413 132//414
f 132//415 24//416 22//417
f 24//418 132//419 133//420
f 133//421 26//422 24//423
f 26//424 133//425 134//426
f 134//427 28//428 26//429
f 28//430 134//431 135//432
f 135//433 30//434 28//435
f 30//436 135//437 136//438
f 136//439 32//440 30//441
f 32//442 136//443 137//444
f 137//445 34//446 32//447
f 34//448 137//449 138//450
f 138//451 36//452 34//453
f 36//454 138//455 139//456
f 139//457 38//458 36//459
f 38//460 139//461 140//462
f 140//463 40//464 38//465
f 40//466 140//467 141//468
f 141//469 42//470 40//471
f 42//472 141//473 142//474
f 142//475 44//476 42//477
f 44//478 142//479 143//480
f 143//481 46//482 44//483
f 46//484 143//485 144//486
f 144//487 48//488 46//489
f 48//490 144//491 145//492
f 145//493 50//494 48//495
f 50//496 145//497 146//498
f 146//499 52//500 50//501
f 52//502 146//503 147//504
f 147//505 54//506 52//507
f 54//508 147//509 148//510
f 148//511 56//512 54//513
f 56//514 148//515 149//516
f 149//517 58//518 56//519
f 58//520 149//521 150//522
f 150//523 60//524 58//525
f 60//526 150//527 151//528
f 151//529 62//530 60//531
f 62//532 151//533 152//534
f 152//535 64//536 62//537
f 64//538 152//539 153//540
f 153//541 66//542 64//543
f 66//544 153//545 154//546
f 154//547 68//548 66//549
f 68//550 154//551 155//552
f 155//553 70//554 68//555
f 70//556 155//557 156//558
f 156//559 72//560 70//561
f 72//562 156//563 157//564
f 157//565 74//566 72//567
f 74//568 157//569 158//570
f 158//571 76//572 74//573
f 76//574 158//575 159//576
f 159//577 78//578 76//579
f 78//580 159//581 160//582
f 160//583 80//584 78//585
f 80//586 160//587 161//588
f 161//589 82//590 80//591
f 82//592 161//593 162//594
f 162//595 84//596 82//597
f 84//598 162//599 163//600
f 163//601 86//602 84//603
f 86//604 163//605 164//606
f 164//607 88//608 86//609
f 88//610 164//611 165//612
f 165//613 90//614 88//615
f 90//616 165//617 166//618
f 166//619 92//620 90//621
f 92//622 166//623 167//624
f 167//625 94//626 92//627
f 94//628 167//629 168//630
f 168//631 96//632 94//633
f 96//634 168//635 169//636
f 169//637 98//638 96//639
f 98//640 169//641 170//642
f 170//643 100//644 98//645
f 100//646 170//647 171//648
f 171//649 102//650 100//651
f 102//652 171//653 172//654
f 172//655 104//656 102//657
f 104//658 172//659 173//660
f 173//661 106//662 104//663
f 106//664 173//665 174//666
f 174//667 108//668 106//669
f 108//670 174//671 175//672
f 175//673 110//674 108//675
f 110//676 175//677 176//678
f 176//679 112//680 110//681
f 112//682 176//683 177//684
f 177//685 114//686 112//687
f 114//688 177//689 178//690
f 178//691 116//692 114//693
f 119//694 179//695 120//696
f 1//697 180//698 121//699
f 121//700 180//701 181//702
f 181//703 122//704 121//705
f 122//706 181//707 182//708
f 182//709 123//710 122//711
f 123//712 182//713 183//714
f 183//715 124//716 123//717
f 124//718 183//719 184//720
f 184//721 125//722 124//723
f 125//724 184//725 185//726
f 185//727 126//728 125//729
f 126//730 185//731 186//732
f 186//733 127//734 126//735
f 127//736 186//737 187//738
f 187//739 128//740 127//741
f 128//742 187//743 188//744
f 188//745 129//746 128//747
f 129//748 188//749 189//750
f 189//751 130//752 129//753
f 130//754 189//755 190//756
f 190//757 131//758 130//759
f 131//760 190//761 191//762
f 191//763 132//764 131//765
f 132//766 191//767 192//768
f 192//769 133//770 132//771
f 133//772 192//773 193//774
f 193//775 134//776 133//777
f 134//778 193//779 194//780
f 194//781 135//782 134//783
f 135//784 194//785 195//786
f 195//787 136//788 135//789
f 136//790 195//791 196//792
f 196//793 137//794 136//795
f 137//796 196//797 197//798
f 197//799 138//800 137//801
f 138//802 197//803 198//804
f 198//805 139//806 138//807
f 139//808 198//809 199//810
f 199//811 140//812 139//813
f 140//814 199//815 200//816
f 200//817 141//818 140//819
f 141//820 200//821 201//822
f 201//823 142//824 141//825
f 142//826 201//827 202//828
f 202//829 143//830 142//831
f 143//832 202//833 203//834
f 203//835 144//836 143//837
f 144//838 203//839 204//840
f 204//841 145//842 144//843
f 145//844 204//845 205//846
f 205//847 146//848 145//849
f 146//850 205//851 206//852
f 206//853 147//854 146//855
f 147//856 206//857 207//858
f 207//859 148//860 147//861
f 148//862 207//863 208//864
f 208//865 149//866 148//867
f 149//868 208//869 209//870
f 209//871 150//872 149//873
f 150//874 209//875 210//876
f 210//877 151//878 150//879
f 151//880 210//881 211//882
f 211//883 152//884 151//885
f 152//886 211//887 212//888
f 212//889 153//890 152//891
f 153//892 212//893 213//894
f 213//895 154//896 153//897
f 154//898 213//899 214//900
f 214//901 155//902 154//903
f 155//904 214//905 215//906
f 215//907 156//908 155//909
f 156//910 215//911 216//912
f 216//913 157//914 156//915
f 157//916 216//917 217//918
f 217//919 158//920 157//921
f 158//922 217//923 218//924
f 218//925 159//926 158//927
f 159//928 218//929 219//930
f 219//931 160//932 159//933
f 160//934 219//935 220//936
f 220//937 161//938 160//939
f 161//940 220//941 221//942
f 221//943 162//944 161//945
f 162//946 221//947 222//948
f 222//949 163//950 162//951
f 163//952 222//953 223//954
f 223//955 164//956 163//957
f 164//958 223//959 224//960
f 224//961 165//962 164//963
f 165//964 224//965 225//966
f 225//967 166//968 165//969
f 166//970 225//971 226//972
f 226//973 167//974 166//975
f 167//976 226//977 227//978
f 227//979 168//980 167//981
f 168//982 227//983 228//984
f 228//985 169//986 168//987
f 169//988 228//989 229//990
f 229//991 170//992 169//993
f 170//994 229//995 230//996
f 230//997 171//998 170//999
f 171//1000 230//1001 231//1002
f 231//1003 172//1004 171//1005
f 172//1006 231//1007 232//1008
f 232//1009 173//1010 172//1011
f 173//1012 232//1013 233//1014
f 233//1015 174//1016 173//1017
f 174//1018 233//1019 234//1020
f 234//1021 175//1022 174//1023
f 175//1024 234//1025 235//1026
f 235//1027 176//1028 175//1029
f 176//1030 235//1031 236//1032
f 236//1033 177//1034 176//1035
f 177//1036 236//1037 237//1038
f 237//1039 178//1040 177//1041
f 179//1042 238//1043 120//1044
f 1//1045 239//1046 180//1047
f 180//1048 239//1049 240//1050
f 240//1051 181//1052 180//1053
f 181//1054 240//1055 241//1056
f 241//1057 182//1058 181//1059
f 182//1060 241//1061 242//1062
f 242//1063 183//1064 182//1065
f 183//1066 242//1067 243//1068
f 243//1069 184//1070 183//1071
f 184//1072 243//1073 244//1074
f 244//1075 185//1076 184//1077
f 185//1078 244//1079 245//1080
f 245//1081 186//1082 185//1083
f 186//1084 245//1085 246//1086
f 246//1087 187//1088 186//1089
f 187//1090 246//1091 247//1092
f 247//1093 188//1094 187//1095
f 188//1096 247//1097 248//1098
f 248//1099 189//1100 188//1101
f 189//1102 248//1103 249//1104
f 249//1105 190//1106 189//1107
f 190//1108 249//1109 250//1110
f 250//1111 191//1112 190//1113
f 191//1114 250//1115 251//1116
f 251//1117 192//1118 191//1119
f 192//1120 251//1121 252//1122
f 252//1123 193//1124 192//1125
f 193//1126 252//1127 253//1128
f 253//1129 194//1130 193//1131
f 194//1132 253//1133 254//1134
f 254//1135 195//1136 194//1137
f 195//1138 254//1139 255//1140
f 255//1141 196//1142 195//1143
f 196//1144 255//1145 256//1146
f 256//1147 197//1148 196//1149
f 197//1150 256//1151 257//1152
f 257//1153 198//1154 197//1155
f 198//1156 257//1157 258//1158
f 258//1159 199//1160 198//1161
f 199//1162 258//1163 259//1164
f 259//1165 200//1166 199//1167
f 200//1168 259//1169 260//1170
f 260//1171 201//1172 200//1173
f 201//1174 260//1175 261//1176
f 261//1177 202//1178 201//1179
f 202//1180 261//1181 262//1182
f 262//1183 203//1184 202//1185
f 203//1186 262//1187 263//1188
f 263//1189 204//1190 203//1191
f 204//1192 263//1193 264//1194
f 264//1195 205//1196 204//1197
f 205//1198 264//1199 265//1200
f 265//1201 206//1202 205//1203
f 206//1204 265//1205 266//1206
f 266//1207 207//1208 206//1209
f 207//1210 266//1211 267//1212
f 267//1213 208//1214 207//1215
f 208//1216 267//1217 268//1218
f 268//1219 209//1220 208//1221
f 209//1222 268//1223 269//1224
f 269//1225 210//1226 209//1227
f 210//1228 269//1229 270//1230
f 270//1231 211//1232 210//1233
f 211//1234 270//1235 271//1236
f 271//1237 212//1238 211//1239
f 212//1240 271//1241 272//1242
f 272//1243 213//1244 212//1245
f 213//1246 272//1247 273//1248
f 273//1249 214//1250 213//1251
f 214//1252 273//1253 274//1254
f 274//1255 215//1256 214//1257
f 215//1258 274//1259 275//1260
f 275//1261 216//1262 215//1263
f 216//1264 275//1265 276//1266
f 276//1267 217//1268 216//1269
f 217//1270 276//1271 277//1272
f 277//1273 218//1274 217//1275
f 218//1276 277//1277 278//1278
f 278//1279 219//1280 218//1281
f 219//1282 278//1283 279//1284
f 279//1285 220//1286 219//1287
f 220//1288 279//1289 280//1290
f 280//1291 221//1292 220//1293
f 221//1294 280//1295 281//1296
f 281//1297 222//1298 221//1299
f 222//1300 281//1301 282//1302
f 282//1303 223//1304 222//1305
f 223//1306 282//1307 283//1308
f 283//1309 224//1310 223//1311
f 224//1312 283//1313 284//1314
f 284//1315 225//1316 224//1317
f 225//1318 284//1319 285//1320
f 285//1321 226//1322 225//1323
f 226//1324 285//1325 286//1326
f 286//1327 227//1328 226//1329
f 227//1330 286//1331 287//1332
f 287//1333 228//1334 227//1335
f 228//1336 287//1337 288//1338
f 288//1339 229//1340 228//1341
f 229//1342 288//1343 289//1344
f 289//1345 230//1346 229//1347
f 230//1348 289//1349 290//1350
f 290//1351 231//1352 230//1353
f 231//1354 290//1355 291//1356
f 291//1357 232//1358 231//1359
f 232//1360 291//1361 292//1362
f 292//1363 233//1364 232//1365
f 233//1366 292//1367 293//1368
f 293//1369 234//1370 233//1371
f 234//1372 293//1373 294//1374
f 294//1375 235//1376 234//1377
f 235//1378 294//1379 295//1380
f 295//1381 236//1382 235//1383
f 236//1384 295//1385 296//1386
f 296//1387 237//1388 236//1389
f 238//1390 297//1391 120//1392
f 1//1393 298//1394 239//1395
f 239//1396 298//1397 299//1398
f 299//1399 240//1400 239//1401
f 240//1402 299//1403 300//1404
f 300//1405 241//1406 240//1407
f 241//1408 300//1409 301//1410
f 301//1411 242//1412 241//1413
f 242//1414 301//1415 302//1416
f 302//1417 243//1418 242//1419
f 243//1420 302//1421 303//1422
f 303//1423 244//1424 243//1425
f 244//1426 303//1427 304//1428
f 304//1429 245//1430 244//1431
f 245//1432 304//1433 305//1434
f 305//1435 246//1436 245//1437
f 246//1438 305//1439 306//1440
f 306//1441 247//1442 246//1443
f 247//1444 306//1445 307//1446
f 307//1447 248//1448 247//1449
f 248//1450 307//1451 308//1452
f 308//1453 249//1454 248//1455
f 249//1456 308//1457 309//1458
f 309//1459 250//1460 249//1461
f 250//1462 309//1463 310//1464
f 310//1465 251//1466 250//1467
f 251//1468 310//1469 311//1470
f 311//1471 252//1472 251//1473
f 252//1474 311//1475 312//1476
f 312//1477 253//1478 252//1479
f 253//1480 312//1481 313//1482
f 313//1483 254//1484 253//1485
f 254//1486 313//1487 314//1488
f 314//1489 255//1490 254//1491
f 255//1492 314//1493 315//1494
f 315//1495 256//1496 255//1497
f 256//1498 315//1499 316//1500
f 316//1501 257//1502 256//1503
f 257//1504 316//1505 317//1506
f 317//1507 258//1508 257//1509
f 258//1510 317//1511 318//1512
f 318//1513 259//1514 258//1515
f 259//1516 318//1517 319//1518
f 319//1519 260//1520 259//1521
f 260//1522 319//1523 320//1524
f 320//1525 261//1526 260//1527
f 261//1528 320//1529 321//1530
f 321//1531 262//1532 261//1533
f 262//1534 321//1535 322//1536
f 322//1537 263//1538 262//1539
f 263//1540 322//1541 323//1542
f 323//1543 264//1544 263//1545
f 264//1546 323//1547 324//1548
f 324//1549 265//1550 264//1551
f 265//1552 324//1553 325//1554
f 325//1555 266//1556 265//1557
f 266//1558 325//1559 326//1560
f 326//1561 267//1562 266//1563
f 267//1564 326//1565 327//1566
f 327//1567 268//1568 267//1569
f 268//1570 327//1571 328//1572
f 328//1573 269//1574 268//1575
f 269//1576 328//1577 329//1578
f 329//1579 270//1580 269//1581
f 270//1582 329//1583 330//1584
f 330//1585 271//1586 270//1587
f 271//1588 330//1589 331//1590
f 331//1591 272//1592 271//1593
f 272//1594 331//1595 332//1596
f 332//1597 273//1598 272//1599
f 273//1600 332//1601 333//1602
f 333//1603 274//1604 273//1605
f 274//1606 333//1607 334//1608
f 334//1609 275//1610 274//1611
f 275//1612 334//1613 335//1614
f 335//1615 276//1616 275//1617
f 276//1618 335//1619 336//1620
f 336//1621 277//1622 276//1623
f 277//1624 336//1625 337//1626
f 337//1627 278//1628 277//1629
f 278//1630 337//1631 338//1632
f 338//1633 279//1634 278//1635
f 279//1636 338//1637 339//1638
f 339//1639 280//1640 279//1641
f 280//1642 339//1643 340//1644
f 340//1645 281//1646 280//1647
f 281//1648 340//1649 341//1650
f 341//1651 282//1652 281//1653
f 282//1654 341//1655 342//1656
f 342//1657 283//1658 282//1659
f 283//1660 342//1661 343//1662
f 343//1663 284//1664 283//1665
f 284//1666 343//1667 344//1668
f 344//1669 285//1670 284//1671
f 285//1672 344//1673 345//1674
f 345//1675 286//1676 285//1677
f 286//1678 345//1679 346//1680
f 346//1681 287//1682 286//1683
f 287//1684 346//1685 347//1686
f 347//1687 288//1688 287//1689
f 288//1690 347//1691 348//1692
f 348//1693 289//1694 288//1695
f 289//1696 348//1697 349//1698
f 349//1699 290//1700 289//1701
f 290//1702 349//1703 350//1704
f 350//1705 291//1706 290//1707
f 291//1708 350//1709 351//1710
f 351//1711 292//1712 291//1713
f 292//1714 351//1715 352//1716
f 352//1717 293//1718 292//1719
f 293//1720 352//1721 353//1722
f 353//1723 294//1724 293//1725
f 294//1726 353//1727 354//1728
f 354//1729 295//1730 294//1731
f 295//1732 354//1733 355//1734
f 355//1735 296//1736 295//1737
f 297//1738 356//1739 120//1740
f 1//1741 357//1742 298//1743
f 298//1744 357//1745 358//1746
f 358//1747 299//1748 298//1749
f 299//1750 358//1751 359//1752
f 359//1753 300//1754 299//1755
f 300//1756 359//1757 360//1758
f 360//1759 301//1760 300//1761
f 301//1762 360//1763 361//1764
f 361//1765 302//1766 301//1767
f 302//1768 361//1769 362//1770
f 362//1771 303//1772 302//1773
f 303//1774 362//1775 363//1776
f 363//1777 304//1778 303//1779
f 304//1780 363//1781 364//1782
f 364//1783 305//1784 304//1785
f 305//1786 364//1787 365//1788
f 365//1789 306//1790 305//1791
f 306//1792 365//1793 366//1794
f 366//1795 307//1796 306//1797
f 307//1798 366//1799 367//1800
f 367//1801 308//1802 307//1803
f 308//1804 367//1805 368//1806
f 368//1807 309//1808 308//1809
f 309//1810 368//1811 369//1812
f 369//1813 310//1814 309//1815
f 310//1816 369//1817 370//1818
f 370//1819 311//1820 310//1821
f 311//1822 370//1823 371//1824
f 371//1825 312//1826 311//1827
f 312//1828 371//1829 372//1830
f 372//1831 313//1832 312//1833
f 313//1834 372//1835 373//1836
f 373//1837 314//1838 313//1839
f 314//1840 373//1841 374//1842
f 374//1843 315//1844 314//1845
f 315//1846 374//1847 375//1848
f 375//1849 316//1850 315//1851
f 316//1852 375//1853 376//1854
f 376//1855 317//1856 316//1857
f 317//1858 376//1859 377//1860
f 377//1861 318//1862 317//1863
f 318//1864 377//1865 378//1866
f 378//1867 319//1868 318//1869
f 319//1870 378//1871 379//1872
f 379//1873 320//1874 319//1875
f 320//1876 379//1877 380//1878
f 380//1879 321//1880 320//1881
f 321//1882 380//1883 381//1884
f 381//1885 322//1886 321//1887
f 322//1888 381//1889 382//1890
f 382//1891 323//1892 322//1893
f 323//1894 382//1895 383//1896
f 383//1897 324//1898 323//1899
f 324//1900 383//1901 384//1902
f 384//1903 325//1904 324//1905
f 325//1906 384//1907 385//1908
f 385//1909 326//1910 325//1911
f 326//1912 385//1913 386//1914
f 386//1915 327//1916 326//1917
f 327//1918 386//1919 387//1920
f 387//1921 328//1922 327//1923
f 328//1924 387//1925 388//1926
f 388//1927 329//1928 328//1929
f 329//1930 388//1931 389//1932
f 389//1933 330//1934 329//1935
f 330//1936 389//1937 390//1938
f 390//1939 331//1940 330//1941
f 331//1942 390//1943 391//1944
f 391//1945 332//1946 331//1947
f 332//1948 391//1949 392//1950
f 392//1951 333//1952 332//1953
f 333//1954 392//1955 393//1956
f 393//1957 334//1958 333//1959
f 334//1960 393//1961 394//1962
f 394//1963 335//1964 334//1965
f 335//1966 394//1967 395//1968
f 395//1969 336//1970 335//1971
f 336//1972 395//1973 396//1974
f 396//1975 337//1976 336//1977
f 337//1978 396//1979 397//1980
f 397//1981 338//1982 337//1983
f 338//1984 397//1985 398//1986
f 398//1987 339//1988 338//1989
f 339//1990 398//1991 399//1992
f 399//1993 340//1994 339//1995
f 340//1996 399//1997 400//1998
f 400//1999 341//2000 340//2001
f 341//2002 400//2003 401//2004
f 401//2005 342//2006 341//2007
f 342//2008 401//2009 402//2010
f 402//2011 343//2012 342//2013
f 343//2014 402//2015 403//2016
f 403//2017 344//2018 343//2019
f 344//2020 403//2021 404//2022
f 404//2023 345//2024 344//2025
f 345//2026 404//2027 405//2028
f 405//2029 346//2030 345//2031
f 346//2032 405//2033 406//2034
f 406//2035 347//2036 346//2037
f 347//2038 406//2039 407//2040
f 407//2041 348//2042 347//2043
f 348//2044 407//2045 408//2046
f 408//2047 349//2048 348//2049
f 349//2050 408//2051 409//2052
f 409//2053 350//2054 349//2055
f 350//2056 409//2057 410//2058
f 410//2059 351//2060 350//2061
f 351//2062 410//2063 411//2064
f 411//2065 352//2066 351//2067
f 352//2068 411//2069 412//2070
f 412//2071 353//2072 352//2073
f 353//2074 412//2075 413//2076
f 413//2077 354//2078 353//2079
f 354//2080 413//2081 414//2082
f 414//2083 355//2084 354//2085
f 356//2086 415//2087 120//2088
f 1//2089 416//2090 357//2091
f 357//2092 416//2093 417//2094
f 417//2095 358//2096 357//2097
f 358//2098 417//2099 418//2100
f 418//2101 359//2102 358//2103
f 359//2104 418//2105 419//2106
f 419//2107 360//2108 359//2109
f 360//2110 419//2111 420//2112
f 420//2113 361//2114 360//2115
f 361//2116 420//2117 421//2118
f 421//2119 362//2120 361//2121
f 362//2122 421//2123 422//2124
f 422//2125 363//2126 362//2127
f 363//2128 422//2129 423//2130
f 423//2131 364//2132 363//2133
f 364//2134 423//2135 424//2136
f 424//2137 365//2138 364//2139
f 365//2140 424//2141 425//2142
f 425//2143 366//2144 365//2145
f 366//2146 425//2147 426//2148
f 426//2149 367//2150 366//2151
f 367//2152 426//2153 427//2154
f 427//2155 368//2156 367//2157
f 368//2158 427//2159 428//2160
f 428//2161 369//2162 368//2163
f 369//2164 428//2165 429//2166
f 429//2167 370//2168 369//2169
f 370//2170 429//2171 430//2172
f 430//2173 371//2174 370//2175
f 371//2176 430//2177 431//2178
f 431//2179 372//2180 371//2181
f 372//2182 431//2183 432//2184
f 432//2185 373//2186 372//2187
f 373//2188 432//2189 433//2190
f 433//2191 374//2192 373//2193
f 374//2194 433//2195 434//2196
f 434//2197 375//2198 374//2199
f 375//2200 434//2201 435//2202
f 435//2203 376//2204 375//2205
f 376//2206 435//2207 436//2208
f 436//2209 377//2210 376//2211
f 377//2212 436//2213 437//2214
f 437//2215 378//2216 377//2217
f 378//2218 437//2219 438//2220
f 438//2221 379//2222 378//2223
f 379//2224 438//2225 439//2226
f 439//2227 380//2228 379//2229
f 380//2230 439//2231 440//2232
f 440//2233 381//2234 380//2235
f 381//2236 440//2237 441//2238
f 441//2239 382//2240 381//2241
f 382//2242 441//2243 442//2244
f 442//2245 383//2246 382//2247
f 383//2248 442//2249 443//2250
f 443//2251 384//2252 383//2253
f 384//2254 443//2255 444//2256
f 444//2257 385//2258 384//2259
f 385//2260 444//2261 445//2262
f 445//2263 386//2264 385//2265
f 386//2266 445//2267 446//2268
f 446//2269 387//2270 386//2271
f 387//2272 446//2273 447//2274
f 447//2275 388//2276 387//2277
f 388//2278 447//2279 448//2280
f 448//2281 389//2282 388//2283
f 389//2284 448//2285 449//2286
f 449//2287 390//2288 389//2289
f 390//2290 449//2291 450//2292
f 450//2293 391//2294 390//2295
f 391//2296 450//2297 451//2298
f 451//2299 392//2300 391//2301
f 392//2302 451//2303 452//2304
f 452//2305 393//2306 392//2307
f 393//2308 452//2309 453//2310
f 453//2311 394//2312 393//2313
f 394//2314 453//2315 454//2316
f 454//2317 395//2318 394//2319
f 395//2320 454//2321 455//2322
f 455//2323 396//2324 395//2325
f 396//2326 455//2327 456//2328
f 456//2329 397//2330 396//2331
f 397//2332 456//2333 457//2334
f 457//2335 398//2336 397//2337
f 398//2338 457//2339 458//2340
f 458//2341 399//2342 398//2343
f 399//2344 458//2345 459//2346
f 459//2347 400//2348 399//2349
f 400//2350 459//2351 460//2352
f 460//2353 401//2354 400//2355
f 401//2356 460//2357 461//2358
f 461//2359 402//2360 401//2361
f 402//2362 461//2363 462//2364
f 462//2365 403//2366 402//2367
f 403//2368 462//2369 463//2370
f 463//2371 404//2372 403//2373
f 404//2374 463//2375 464//2376
f 464//2377 405//2378 404//2379
f 405//2380 464//2381 465//2382
f 465//2383 406//2384 405//2385
f 406//2386 465//2387 466//2388
f 466//2389 407//2390 406//2391
f 407//2392 466//2393 467//2394
f 467//2395 408//2396 407//2397
f 408//2398 467//2399 468//2400
f 468//2401 409//2402 408//2403
f 409//2404 468//2405 469//2406
f 469//2407 410//2408 409//2409
f 410//2410 469//2411 470//2412
f 470//2413 411//2414 410//2415
f 411//2416 470//2417 471//2418
f 471//2419 412//2420 411//2421
f 412//2422 471//2423 472//2424
f 472//2425 413//2426 412//2427
f 413//2428 472//2429 473//2430
f 473//2431 414//2432 413//2433
f 415//2434 474//2435 120//2436
f 1//2437 475//2438 416//2439
f 416//2440 475//2441 476//2442
f 476//2443 417//2444 416//2445
f 417//2446 476//2447 477//2448
f 477//2449 418//2450 417//2451
f 418//2452 477//2453 478//2454
f 478//2455 419//2456 418//2457
f 419//2458 478//2459 479//2460
f 479//2461 420//2462 419//2463
f 420//2464 479//2465 480//2466
f 480//2467 421//2468 420//2469
f 421//2470 480//2471 481//2472
f 481//2473 422//2474 421//2475
f 422//2476 481//2477 482//2478
f 482//2479 423//2480 422//2481
f 423//2482 482//2483 483//2484
f 483//2485 424//2486 423//2487
f 424//2488 483//2489 484//2490
f 484//2491 425//2492 424//2493
f 425//2494 484//2495 485//2496
f 485//2497 426//2498 425//2499
f 426//2500 485//2501 486//2502
f 486//2503 427//2504 426//2505
f 427//2506 486//2507 487//2508
f 487//2509 428//2510 427//2511
f 428//2512 487//2513 488//2514
f 488//2515 429//2516 428//2517
f 429//2518 488//2519 489//2520
f 489//2521 430//2522 429//2523
f 430//2524 489//2525 490//2526
f 490//2527 431//2528 430//2529
f 431//2530 490//2531 491//2532
f 491//2533 432//2534 431//2535
f 432//2536 491//2537 492//2538
f 492//2539 433//2540 432//2541
f 433//2542 492//2543 493//2544
f 493//2545 434//2546 433//2547
f 434//2548 493//2549 494//2550
f 494//2551 435//2552 434//2553
f 435//2554 494//2555 495//2556
f 495//2557 436//2558 435//2559
f 436//2560 495//2561 496//2562
f 496//2563 437//2564 436//2565
f 437//2566 496//2567 497//2568
f 497//2569 438//2570 437//2571
f 438//2572 497//2573 498//2574
f 498//2575 439//2576 438//2577
f 439//2578 498//2579 499//2580
f 499//2581 440//2582 439//2583
f 440//2584 499//2585 500//2586
f 500//2587 441//2588 440//2589
f 441//2590 500//2591 501//2592
f 501//2593 442//2594 441//2595
f 442//2596 501//2597 502//2598
f 502//2599 443//2600 442//2601
f 443//2602 502//2603 503//2604
f 503//2605 444//2606 443//2607
f 444//2608 503//2609 504//2610
f 504//2611 445//2612 444//2613
f 445//2614 504//2615 505//2616
f 505//2617 446//2618 445//2619
f 446//2620 505//2621 506//2622
f 506//2623 447//2624 446//2625
f 447//2626 506//2627 507//2628
f 507//2629 448//2630 447//2631
f 448//2632 507//2633 508//2634
f 508//2635 449//2636 448//2637
f 449//2638 508//2639 509//2640
f 509//2641 450//2642 449//2643
f 450//2644 509//2645 510//2646
f 510//2647 451//2648 450//2649
f 451//2650 510//2651 511//2652
f 511//2653 452//2654 451//2655
f 452//2656 511//2657 512//2658
f 512//2659 453//2660 452//2661
f 453//2662 512//2663 513//2664
f 513//2665 454//2666 453//2667
f 454//2668 513//2669 514//2670
f 514//2671 455//2672 454//2673
f 455//2674 514//2675 515//2676
f 515//2677 456//2678 455//2679
f 456//2680 515//2681 516//2682
f 516//2683 457//2684 456//2685
f 457//2686 516//2687 517//2688
f 517//2689 458//2690 457//2691
f 458//2692 517//2693 518//2694
f 518//2695 459//2696 458//2697
f 459//2698 518//2699 519//2700
f 519//2701 460//2702 459//2703
f 460//2704 519//2705 520//2706
f 520//2707 461//2708 460//2709
f 461//2710 520//2711 521//2712
f 521//2713 462//2714 461//2715
f 462//2716 521//2717 522//2718
f 522//2719 463//2720 462//2721
f 463//2722 522//2723 523//2724
f 523//2725 464//2726 463//2727
f 464//2728 523//2729 524//2730
f 524//2731 465//2732 464//2733
f 465//2734 524//2735 525//2736
f 525//2737 466//2738 465//2739
f 466//2740 525//2741 526//2742
f 526//2743 467//2744 466//2745
f 467//2746 526//2747 527//2748
f 527//2749 468//2750 467//2751
f 468//2752 527//2753 528//2754
f 528//2755 469//2756 468//2757
f 469//2758 528//2759 529//2760
f 529//2761 470//2762 469//2763
f 470//2764 529//2765 530//2766
f 530//2767 471//2768 470//2769
f 471//2770 530//2771 531//2772
f 531//2773 472//2774 471//2775
f 472//2776 531//2777 532//2778
f 532//2779 473//2780 472//2781
f 474//2782 533//2783 120//2784
f 1//2785 534//2786 475//2787
f 475//2788 534//2789 535//2790
f 535//2791 476//2792 475//2793
f 476//2794 535//2795 536//2796
f 536//2797 477//2798 476//2799
f 477//2800 536//2801 537//2802
f 537//2803 478//2804 477//2805
f 478//2806 537//2807 538//2808
f 538//2809 479//2810 478//2811
f 479//2812 538//2813 539//2814
f 539//2815 480//2816 479//2817
f 480//2818 539//2819 540//2820
f 540//2821 481//2822 480//2823
f 481//2824 540//2825 541//2826
f 541//2827 482//2828 481//2829
f 482//2830 541//2831 542//2832
f 542//2833 483//2834 482//2835
f 483//2836 542//2837 543//2838
f 543//2839 484//2840 483//2841
f 484//2842 543//2843 544//2844
f 544//2845 485//2846 484//2847
f 485//2848 544//2849 545//2850
f 545//2851 486//2852 485//2853
f 486//2854 545//2855 546//2856
f 546//2857 487//2858 486//2859
f 487//2860 546//2861 547//2862
f 547//2863 488//2864 487//2865
f 488//2866 547//2867 548//2868
f 548//2869 489//2870 488//2871
f 489//2872 548//2873 549//2874
f 549//2875 490//2876 489//2877
f 490//2878 549//2879 550//2880
f 550//2881 491//2882 490//2883
f 491//2884 550//2885 551//2886
f 551//2887 492//2888 491//2889
f 492//2890 551//2891 552//2892
f 552//2893 493//2894 492//2895
f 493//2896 552//2897 553//2898
f 553//2899 494//2900 493//2901
f 494//2902 553//2903 554//2904
f 554//2905 495//2906 494//2907
f 495//2908 554//2909 555//2910
f 555//2911 496//2912 495//2913
f 496//2914 555//2915 556//2916
f 556//2917 497//2918 496//2919
f 497//2920 556//2921 557//2922
f 557//2923 498//2924 497//2925
f 498//2926 557//2927 558//2928
f 558//2929 499//2930 498//2931
f 499//2932 558//2933 559//2934
f 559//2935 500//2936 499//2937
f 500//2938 559//2939 560//2940
f 560//2941 501//2942 500//2943
f 501//2944 560//2945 561//2946
f 561//2947 502//2948 501//2949
f 502//2950 561//2951 562//2952
f 562//2953 503//2954 502//2955
f 503//2956 562//2957 563//2958
f 563//2959 504//2960 503//2961
f 504//2962 563//2963 564//2964
f 564//2965 505//2966 504//2967
f 505//2968 564//2969 565//2970
f 565//2971 506//2972 505//2973
f 506//2974 565//2975 566//2976
f 566//2977 507//2978 506//2979
f 507//2980 566//2981 567//2982
f 567//2983 508//2984 507//2985
f 508//2986 567//2987 568//2988
f 568//2989 509//2990 508//2991
f 509//2992 568//2993 569//2994
f 569//2995 510//2996 509//2997
f 510//2998 569//2999 570//3000
f 570//3001 511//3002 510//3003
f 511//3004 570//3005 571//3006
f 571//3007 512//3008 511//3009
f 512//3010 571//3011 572//3012
f 572//3013 513//3014 512//3015
f 513//3016 572//3017 573//3018
f 573//3019 514//3020 513//3021
f 514//3022 573//3023 574//3024
f 574//3025 515//3026 514//3027
f 515//3028 574//3029 575//3030
f 575//3031 516//3032 515//3033
f 516//3034 575//3035 576//3036
f 576//3037 517//3038 516//3039
f 517//3040 576//3041 577//3042
f 577//3043 518//3044 517//3045
f 518//3046 577//3047 578//3048
f 578//3049 519//3050 518//3051
f 519//3052 578//3053 579//3054
f 579//3055 520//3056 519//3057
f 520//3058 579//3059 580//3060
f 580//3061 521//3062 520//3063
f 521//3064 580//3065 581//3066
f 581//3067 522//3068 521//3069
f 522//3070 581//3071 582//3072
f 582//3073 523//3074 522//3075
f 523//3076 582//3077 583//3078
f 583//3079 524//3080 523//3081
f 524//3082 583//3083 584//3084
f 584//3085 525//3086 524//3087
f 525//3088 584//3089 585//3090
f 585//3091 526//3092 525//3093
f 526//3094 585//3095 586//3096
f 586//3097 527//3098 526//3099
f 527//3100 586//3101 587//3102
f 587//3103 528//3104 527//3105
f 528//3106 587//3107 588//3108
f 588//3109 529//3110 528//3111
f 529//3112 588//3113 589//3114
f 589//3115 530//3116 529//3117
f 530//3118 589//3119 590//3120
f 590//3121 531//3122 530//3123
f 531//3124 590//3125 591//3126
f 591//3127 532//3128 531//3129
f 533//3130 592//3131 120//3132
f 1//3133 593//3134 534//3135
f 534//3136 593//3137 594//3138
f 594//3139 535//3140 534//3141
f 535//3142 594//3143 595//3144
f 595//3145 536//3146 535//3147
f 536//3148 595//3149 596//3150
f 596//3151 537//3152 536//3153
f 537//3154 596//3155 597//3156
f 597//3157 538//3158 537//3159
f 538//3160 597//3161 598//3162
f 598//3163 539//3164 538//3165
f 539//3166 598//3167 599//3168
f 599//3169 540//3170 539//3171
f 540//3172 599//3173 600//3174
f 600//3175 541//3176 540//3177
f 541//3178 600//3179 601//3180
f 601//3181 542//3182 541//3183
f 542//3184 601//3185 602//3186
f 602//3187 543//3188 542//3189
f 543//3190 602//3191 603//3192
f 603//3193 544//3194 543//3195
f 544//3196 603//3197 604//3198
f 604//3199 545//3200 544//3201
f 545//3202 604//3203 605//3204
f 605//3205 546//3206 545//3207
f 546//3208 605//3209 606//3210
f 606//3211 547//3212 546//3213
f 547//3214 606//3215 607//3216
f 607//3217 548//3218 547//3219
f 548//3220 607//3221 608//3222
f 608//3223 549//3224 548//3225
f 549//3226 608//3227 609//3228
f 609//3229 550//3230 549//3231
f 550//3232 609//3233 610//3234
f 610//3235 551//3236 550//3237
f 551//3238 610//3239 611//3240
f 611//3241 552//3242 551//3243
f 552//3244 611//3245 612//3246
f 612//3247 553//3248 552//3249
f 553//3250 612//3251 613//3252
f 613//3253 554//3254 553//3255
f 554//3256 613//3257 614//3258
f 614//3259 555//3260 554//3261
f 555//3262 614//3263 615//3264
f 615//3265 556//3266 555//3267
f 556//3268 615//3269 616//3270
f 616//3271 557//3272 556//3273
f 557//3274 616//3275 617//3276
f 617//3277 558//3278 557//3279
f 558//3280 617//3281 618//3282
f 618//3283 559//3284 558//3285
f 559//3286 618//3287 619//3288
f 619//3289 560//3290 559//3291
f 560//3292 619//3293 620//3294
f 620//3295 561//3296 560//3297
f 561//3298 620//3299 621//3300
f 621//3301 562//3302 561//3303
f 562//3304 621//3305 622//3306
f 622//3307 563//3308 562//3309
f 563//3310 622//3311 623//3312
f 623//3313 564//3314 563//3315
f 564//3316 623//3317 624//3318
f 624//3319 565//3320 564//3321
f 565//3322 624//3323 625//3324
f 625//3325 566//3326 565//3327
f 566//3328 625//3329 626//3330
f 626//3331 567//3332 566//3333
f 567//3334 626//3335 627//3336
f 627//3337 568//3338 567//3339
f 568//3340 627//3341 628//3342
f 628//3343 569//3344 568//3345
f 569//3346 628//3347 629//3348
f 629//3349 570//3350 569//3351
f 570//3352 629//3353 630//3354
f 630//3355 571//3356 570//3357
f 571//3358 630//3359 631//3360
f 631//3361 572//3362 571//3363
f 572//3364 631//3365 632//3366
f 632//3367 573//3368 572//3369
f 573//3370 632//3371 633//3372
f 633//3373 574//3374 573//3375
f 574//3376 633//3377 634//3378
f 634//3379 575//3380 574//3381
f 575//3382 634//3383 635//3384
f 635//3385 576//3386 575//3387
f 576//3388 635//3389 636//3390
f 636//3391 577//3392 576//3393
f 577//3394 636//3395 637//3396
f 637//3397 578//3398 577//3399
f 578//3400 637//3401 638//3402
f 638//3403 579//3404 578//3405
f 579//3406 638//3407 639//3408
f 639//3409 580//3410 579//3411
f 580//3412 639//3413 640//3414
f 640//3415 581//3416 580//3417
f 581//3418 640//3419 641//3420
f 641//3421 582//3422 581//3423
f 582//3424 641//3425 642//3426
f 642//3427 583//3428 582//3429
f 583//3430 642//3431 643//3432
f 643//3433 584//3434 583//3435
f 584//3436 643//3437 644//3438
f 644//3439 585//3440 584//3441
f 585//3442 644//3443 645//3444
f 645//3445 586//3446 585//3447
f 586//3448 645//3449 646//3450
f 646//3451 587//3452 586//3453
f 587//3454 646//3455 647//3456
f 647//3457 588//3458 587//3459
f 588//3460 647//3461 648//3462
f 648//3463 589//3464 588//3465
f 589//3466 648//3467 649//3468
f 649//3469 590//3470 589//3471
f 590//3472 649//3473 650//3474
f 650//3475 591//3476 590//3477
f 592//3478 651//3479 120//3480
f 1//3481 652//3482 593//3483
f 593//3484 652//3485 653//3486
f 653//3487 594//3488 593//3489
f 594//3490 653//3491 654//3492
f 654//3493 595//3494 594//3495
f 595//3496 654//3497 655//3498
f 655//3499 596//3500 595//3501
f 596//3502 655//3503 656//3504
f 656//3505 597//3506 596//3507
f 597//3508 656//3509 657//3510
f 657//3511 598//3512 597//3513
f 598//3514 657//3515 658//3516
f 658//3517 599//3518 598//3519
f 599//3520 658//3521 659//3522
f 659//3523 600//3524 599//3525
f 600//3526 659//3527 660//3528
f 660//3529 601//3530 600//3531
f 601//3532 660//3533 661//3534
f 661//3535 602//3536 601//3537
f 602//3538 661//3539 662//3540
f 662//3541 603//3542 602//3543
f 603//3544 662//3545 663//3546
f 663//3547 604//3548 603//3549
f 604//3550 663//3551 664//3552
f 664//3553 605//3554 604//3555
f 605//3556 664//3557 665//3558
f 665//3559 606//3560 605//3561
f 606//3562 665//3563 666//3564
f 666//3565 607//3566 606//3567
f 607//3568 666//3569 667//3570
f 667//3571 608//3572 607//3573
f 608//3574 667//3575 668//3576
f 668//3577 609//3578 608//3579
f 609//3580 668//3581 669//3582
f 669//3583 610//3584 609//3585
f 610//3586 669//3587 670//3588
f 670//3589 611//3590 610//3591
f 611//3592 670//3593 671//3594
f 671//3595 612//3596 611//3597
f 612//3598 671//3599 672//3600
f 672//3601 613//3602 612//3603
f 613//3604 672//3605 673//3606
f 673//3607 614//3608 613//3609
f 614//3610 673//3611 674//3612
f 674//3613 615//3614 614//3615
f 615//3616 674//3617 675//3618
f 675//3619 616//3620 615//3621
f 616//3622 675//3623 676//3624
f 676//3625 617//3626 616//3627
f 617//3628 676//3629 677//3630
f 677//3631 618//3632 617//3633
f 618//3634 677//3635 678//3636
f 678//3637 619//3638 618//3639
f 619//3640 678//3641 679//3642
f 679//3643 620//3644 619//3645
f 620//3646 679//3647 680//3648
f 680//3649 621//3650 620//3651
f 621//3652 680//3653 681//3654
f 681//3655 622//3656 621//3657
f 622//3658 681//3659 682//3660
f 682//3661 623//3662 622//3663
f 623//3664 682//3665 683//3666
f 683//3667 624//3668 623//3669
f 624//3670 683//3671 684//3672
f 684//3673 625//3674 624//3675
f 625//3676 684//3677 685//3678
f 685//3679 626//3680 625//3681
f 626//3682 685//3683 686//3684
f 686//3685 627//3686 626//3687
f 627//3688 686//3689 687//3690
f 687//3691 628//3692 627//3693
f 628//3694 687//3695 688//3696
f 688//3697 629//3698 628//3699
f 629//3700 688//3701 689//3702
f 689//3703 630//3704 629//3705
f 630//3706 689//3707 690//3708
f 690//3709 631//3710 630//3711
f 631//3712 690//3713 691//3714
f 691//3715 632//3716 631//3717
f 632//3718 691//3719 692//3720
f 692//3721 633//3722 632//3723
f 633//3724 692//3725 693//3726
f 693//3727 634//3728 633//3729
f 634//3730 693//3731 694//3732
f 694//3733 635//3734 634//3735
f 635//3736 694//3737 695//3738
f 695//3739 636//3740 635//3741
f 636//3742 695//3743 696//3744
f 696//3745 637//3746 636//3747
f 637//3748 696//3749 697//3750
f 697//3751 638//3752 637//3753
f 638//3754 697//3755 698//3756
f 698//3757 639//3758 638//3759
f 639//3760 698//3761 699//3762
f 699//3763 640//3764 639//3765
f 640//3766 699//3767 700//3768
f 700//3769 641//3770 640//3771
f 641//3772 700//3773 701//3774
f 701//3775 642//3776 641//3777
f 642//3778 701//3779 702//3780
f 702//3781 643//3782 642//3783
f 643//3784 702//3785 703//3786
f 703//3787 644//3788 643//3789
f 644//3790 703//3791 704//3792
f 704//3793 645//3794 644//3795
f 645//3796 704//3797 705//3798
f 705//3799 646//3800 645//3801
f 646//3802 705//3803 706//3804
f 706//3805 647//3806 646//3807
f 647//3808 706//3809 707//3810
f 707//3811 648//3812 647//3813
f 648//3814 707//3815 708//3816
f 708//3817 649//3818 648//3819
f 649//3820 708//3821 709//3822
f 709//3823 650//3824 649//3825
f 651//3826 710//3827 120//3828
f 1//3829 711//3830 652//3831
f 652//3832 711//3833 712//3834
f 712//3835 653//3836 652//3837
f 653//3838 712//3839 713//3840
f 713//3841 654//3842 653//3843
f 654//3844 713//3845 714//3846
f 714//3847 655//3848 654//3849
f 655//3850 714//3851 715//3852
f 715//3853 656//3854 655//3855
f 656//3856 715//3857 716//3858
f 716//3859 657//3860 656//3861
f 657//3862 716//3863 717//3864
f 717//3865 658//3866 657//3867
f 658//3868 717//3869 718//3870
f 718//3871 659//3872 658//3873
f 659//3874 718//3875 719//3876
f 719//3877 660//3878 659//3879
f 660//3880 719//3881 720//3882
f 720//3883 661//3884 660//3885
f 661//3886 720//3887 721//3888
f 721//3889 662//3890 661//3891
f 662//3892 721//3893 722//3894
f 722//3895 663//3896 662//3897
f 663//3898 722//3899 723//3900
f 723//3901 664//3902 663//3903
f 664//3904 723//3905 724//3906
f 724//3907 665//3908 664//3909
f 665//3910 724//3911 725//3912
f 725//3913 666//3914 665//3915
f 666//3916 725//3917 726//3918
f 726//3919 667//3920 666//3921
f 667//3922 726//3923 727//3924
f 727//3925 668//3926 667//3927
f 668//3928 727//3929 728//3930
f 728//3931 669//3932 668//3933
f 669//3934 728//3935 729//3936
f 729//3937 670//3938 669//3939
f 670//3940 729//3941 730//3942
f 730//3943 671//3944 670//3945
f 671//3946 730//3947 731//3948
f 731//3949 672//3950 671//3951
f 672//3952 731//3953 732//3954
f 732//3955 673//3956 672//3957
f 673//3958 732//3959 733//3960
f 733//3961 674//3962 673//3963
f 674//3964 733//3965 734//3966
f 734//3967 675//3968 674//3969
f 675//3970 734//3971 735//3972
f 735//3973 676//3974 675//3975
f 676//3976 735//3977 736//3978
f 736//3979 677//3980 676//3981
f 677//3982 736//3983 737//3984
f 737//3985 678//3986 677//3987
f 678//3988 737//3989 738//3990
f 738//3991 679//3992 678//3993
f 679//3994 738//3995 739//3996
f 739//3997 680//3998 679//3999
f 680//4000 739//4001 740//4002
f 740//4003 681//4004 680//4005
f 681//4006 740//4007 741//4008
f 741//4009 682//4010 681//4011
f 682//4012 741//4013 742//4014
f 742//4015 683//4016 682//4017
f 683//4018 742//4019 743//4020
f 743//4021 684//4022 683//4023
f 684//4024 743//4025 744//4026
f 744//4027 685//4028 684//4029
f 685//4030 744//4031 745//4032
f 745//4033 686//4034 685//4035
f 686//4036 745//4037 746//4038
f 746//4039 687//4040 686//4041
f 687//4042 746//4043 747//4044
f 747//4045 688//4046 687//4047
f 688//4048 747//4049 748//4050
f 748//4051 689//4052 688//4053
f 689//4054 748//4055 749//4056
f 749//4057 690//4058 689//4059
f 690//4060 749//4061 750//4062
f 750//4063 691//4064 690//4065
f 691//4066 750//4067 751//4068
f 751//4069 692//4070 691//4071
f 692//4072 751//4073 752//4074
f 752//4075 693//4076 692//4077
f 693//4078 752//4079 753//4080
f 753//4081 694//4082 693//4083
f 694//4084 753//4085 754//4086
f 754//4087 695//4088 694//4089
f 695//4090 754//4091 755//4092
f 755//4093 696//4094 695//4095
f 696//4096 755//4097 756//4098
f 756//4099 697//4100 696//4101
f 697//4102 756//4103 757//4104
f 757//4105 698//4106 697//4107
f 698//4108 757//4109 758//4110
f 758//4111 699//4112 698//4113
f 699//4114 758//4115 759//4116
f 759//4117 700//4118 699//4119
f 700//4120 759//4121 760//4122
f 760//4123 701//4124 700//4125
f 701//4126 760//4127 761//4128
f 761//4129 702//4130 701//4131
f 702//4132 761//4133 762//4134
f 762//4135 703//4136 702//4137
f 703//4138 762//4139 763//4140
f 763//4141 704//4142 703//4143
f 704//4144 763//4145 764//4146
f 764//4147 705//4148 704//4149
f 705//4150 764//4151 765//4152
f 765//4153 706//4154 705//4155
f 706//4156 765//4157 766//4158
f 766//4159 707//4160 706//4161
f 707//4162 766//4163 767//4164
f 767//4165 708//4166 707//4167
f 708//4168 767//4169 768//4170
f 768//4171 709//4172 708//4173
f 710//4174 769//4175 120//4176
f 1//4177 770//4178 711//4179
f 711//4180 770//4181 771//4182
f 771//4183 712//4184 711//4185
f 712//4186 771//4187 772//4188
f 772//4189 713//4190 712//4191
f 713//4192 772//4193 773//4194
f 773//4195 714//4196 713//4197
f 714//4198 773//4199 774//4200
f 774//4201 715//4202 714//4203
f 715//4204 774//4205 775//4206
f 775//4207 716//4208 715//4209
f 716//4210 775//4211 776//4212
f 776//4213 717//4214 716//4215
f 717//4216 776//4217 777//4218
f 777//4219 718//4220 717//4221
f 718//4222 777//4223 778//4224
f 778//4225 719//4226 718//4227
f 719//4228 778//4229 779//4230
f 779//4231 720//4232 719//4233
f 720//4234 779//4235 780//4236
f 780//4237 721//4238 720//4239
f 721//4240 780//4241 781//4242
f 781//4243 722//4244 721//4245
f 722//4246 781//4247 782//4248
f 782//4249 723//4250 722//4251
f 723//4252 782//4253 783//4254
f 783//4255 724//4256 723//4257
f 724//4258 783//4259 784//4260
f 784//4261 725//4262 724//4263
f 725//4264 784//4265 785//4266
f 785//4267 726//4268 725//4269
f 726//4270 785//4271 786//4272
f 786//4273 727//4274 726//4275
f 727//4276 786//4277 787//4278
f 787//4279 728//4280 727//4281
f 728//4282 787//4283 788//4284
f 788//4285 729//4286 728//4287
f 729//4288 788//4289 789//4290
f 789//4291 730//4292 729//4293
f 730//4294 789//4295 790//4296
f 790//4297 731//4298 730//4299
f 731//4300 790//4301 791//4302
f 791//4303 732//4304 731//4305
f 732//4306 791//4307 792//4308
f 792//4309 733//4310 732//4311
f 733//4312 792//4313 793//4314
f 793//4315 734//4316 733//4317
f 734//4318 793//4319 794//4320
f 794//4321 735//4322 734//4323
f 735//4324 794//4325 795//4326
f 795//4327 736//4328 735//4329
f 736//4330 795//4331 796//4332
f 796//4333 737//4334 736//4335
f 737//4336 796//4337 797//4338
f 797//4339 738//4340 737//4341
f 738//4342 797//4343 798//4344
f 798//4345 739//4346 738//4347
f 739//4348 798//4349 799//4350
f 799//4351 740//4352 739//4353
f 740//4354 799//4355 800//4356
f 800//4357 741//4358 740//4359
f 741//4360 800//4361 801//4362
f 801//4363 742//4364 741//4365
f 742//4366 801//4367 802//4368
f 802//4369 743//4370 742//4371
f 743//4372 802//4373 803//4374
f 803//4375 744//4376 743//4377
f 744//4378 803//4379 804//4380
f 804//4381 745//4382 744//4383
f 745//4384 804//4385 805//4386
f 805//4387 746//4388 745//4389
f 746//4390 805//4391 806//4392
f 806//4393 747//4394 746//4395
f 747//4396 806//4397 807//4398
f 807//4399 748//4400 747//4401
f 748//4402 807//4403 808//4404
f 808//4405 749//4406 748//4407
f 749//4408 808//4409 809//4410
f 809//4411 750//4412 749//4413
f 750//4414 809//4415 810//4416
f 810//4417 751//4418 750//4419
f 751//4420 810//4421 811//4422
f 811//4423 752//4424 751//4425
f 752//4426 811//4427 812//4428
f 812//4429 753//4430 752//4431
f 753//4432 812//4433 813//4434
f 813//4435 754//4436 753//4437
f 754//4438 813//4439 814//4440
f 814//4441 755//4442 754//4443
f 755//4444 814//4445 815//4446
f 815//4447 756//4448 755//4449
f 756//4450 815//4451 816//4452
f 816//4453 757//4454 756//4455
f 757//4456 816//4457 817//4458
f 817//4459 758//4460 757//4461
f 758//4462 817//4463 818//4464
f 818//4465 759//4466 758//4467
f 759//4468 818//4469 819//4470
f 819//4471 760//4472 759//4473
f 760//4474 819//4475 820//4476
f 820//4477 761//4478 760//4479
f 761//4480 820//4481 821//4482
f 821//4483 762//4484 761//4485
f 762//4486 821//4487 822//4488
f 822//4489 763//4490 762//4491
f 763//4492 822//4493 823//4494
f 823//4495 764//4496 763//4497
f 764//4498 823//4499 824//4500
f 824//4501 765//4502 764//4503
f 765//4504 824//4505 825//4506
f 825//4507 766//4508 765//4509
f 766//4510 825//4511 826//4512
f 826//4513 767//4514 766//4515
f 767//4516 826//4517 827//4518
f 827//4519 768//4520 767//4521
f 769//4522 828//4523 120//4524
f 1//4525 829//4526 770//4527
f 770//4528 829//4529 830//4530
f 830//4531 771//4532 770//4533
f 771//4534 830//4535 831//4536
f 831//4537 772//4538 771//4539
f 772//4540 831//4541 832//4542
f 832//4543 773//4544 772//4545
f 773//4546 832//4547 833//4548
f 833//4549 774//4550 773//4551
f 774//4552 833//4553 834//4554
f 834//4555 775//4556 774//4557
f 775//4558 834//4559 835//4560
f 835//4561 776//4562 775//4563
f 776//4564 835//4565 836//4566
f 836//4567 777//4568 776//4569
f 777//4570 836//4571 837//4572
f 837//4573 778//4574 777//4575
f 778//4576 837//4577 838//4578
f 838//4579 779//4580 778//4581
f 779//4582 838//4583 839//4584
f 839//4585 780//4586 779//4587
f 780//4588 839//4589 840//4590
f 840//4591 781//4592 780//4593
f 781//4594 840//4595 841//4596
f 841//4597 782//4598 781//4599
f 782//4600 841//4601 842//4602
f 842//4603 783//4604 782//4605
f 783//4606 842//4607 843//4608
f 843//4609 784//4610 783//4611
f 784//4612 843//4613 844//4614
f 844//4615 785//4616 784//4617
f 785//4618 844//4619 845//4620
f 845//4621 786//4622 785//4623
f 786//4624 845//4625 846//4626
f 846//4627 787//4628 786//4629
f 787//4630 846//4631 847//4632
f 847//4633 788//4634 787//4635
f 788//4636 847//4637 848//4638
f 848//4639 789//4640 788//4641
f 789//4642 848//4643 849//4644
f 849//4645 790//4646 789//4647
f 790//4648 849//4649 850//4650
f 850//4651 791//4652 790//4653
f 791//4654 850//4655 851//4656
f 851//4657 792//4658 791//4659
f 792//4660 851//4661 852//4662
f 852//4663 793//4664 792//4665
f 793//4666 852//4667 853//4668
f 853//4669 794//4670 793//4671
f 794//4672 853//4673 854//4674
f 854//4675 795//4676 794//4677
f 795//4678 854//4679 855//4680
f 855//4681 796//4682 795//4683
f 796//4684 855//4685 856//4686
f 856//4687 797//4688 796//4689
f 797//4690 856//4691 857//4692
f 857//4693 798//4694 797//4695
f 798//4696 857//4697 858//4698
f 858//4699 799//4700 798//4701
f 799//4702 858//4703 859//4704
f 859//4705 800//4706 799//4707
f 800//4708 859//4709 860//4710
f 860//4711 801//4712 800//4713
f 801//4714 860//4715 861//4716
f 861//4717 802//4718 801//4719
f 802//4720 861//4721 862//4722
f 862//4723 803//4724 802//4725
f 803//4726 862//4727 863//4728
f 863//4729 804//4730 803//4731
f 804//4732 863//4733 864//4734
f 864//4735 805//4736 804//4737
f 805//4738 864//4739 865//4740
f 865//4741 806//4742 805//4743
f 806//4744 865//4745 866//4746
f 866//4747 807//4748 806//4749
f 807//4750 866//4751 867//4752
f 867//4753 808//4754 807//4755
f 808//4756 867//4757 868//4758
f 868//4759 809//4760 808//4761
f 809//4762 868//4763 869//4764
f 869//4765 810//4766 809//4767
f 810//4768 869//4769 870//4770
f 870//4771 811//4772 810//4773
f 811//4774 870//4775 871//4776
f 871//4777 812//4778 811//4779
f 812//4780 871//4781 872//4782
f 872//4783 813//4784 812//4785
f 813//4786 872//4787 873//4788
f 873//4789 814//4790 813//4791
f 814//4792 873//4793 874//4794
f 874//4795 815//4796 814//4797
f 815//4798 874//4799 875//4800
f 875//4801 816//4802 815//4803
f 816//4804 875//4805 876//4806
f 876//4807 817//4808 816//4809
f 817//4810 876//4811 877//4812
f 877//4813 818//4814 817//4815
f 818//4816 877//4817 878//4818
f 878//4819 819//4820 818//4821
f 819//4822 878//4823 879//4824
f 879//4825 820//4826 819//4827
f 820//4828 879//4829 880//4830
f 880//4831 821//4832 820//4833
f 821//4834 880//4835 881//4836
f 881//4837 822//4838 821//4839
f 822//4840 881//4841 882//4842
f 882//4843 823//4844 822//4845
f 823//4846 882//4847 883//4848
f 883//4849 824//4850 823//4851
f 824//4852 883//4853 884//4854
f 884//4855 825//4856 824//4857
f 825//4858 884//4859 885//4860
f 885//4861 826//4862 825//4863
f 826//4864 885//4865 886//4866
f 886//4867 827//4868 826//4869
f 828//4870 887//4871 120//4872
f 1//4873 888//4874 829//4875
f 829//4876 888//4877 889//4878
f 889//4879 830//4880 829//4881
f 830//4882 889//4883 890//4884
f 890//4885 831//4886 830//4887
f 831//4888 890//4889 891//4890
f 891//4891 832//4892 831//4893
f 832//4894 891//4895 892//4896
f 892//4897 833//4898 832//4899
f 833//4900 892//4901 893//4902
f 893//4903 834//4904 833//4905
f 834//4906 893//4907 894//4908
f 894//4909 835//4910 834//4911
f 835//4912 894//4913 895//4914
f 895//4915 836//4916 835//4917
f 836//4918 895//4919 896//4920
f 896//4921 837//4922 836//4923
f 837//4924 896//4925 897//4926
f 897//4927 838//4928 837//4929
f 838//4930 897//4931 898//4932
f 898//4933 839//4934 838//4935
f 839//4936 898//4937 899//4938
f 899//4939 840//4940 839//4941
f 840//4942 899//4943 900//4944
f 900//4945 841//4946 840//4947
f 841//4948 900//4949 901//4950
f 901//4951 842//4952 841//4953
f 842//4954 901//4955 902//4956
f 902//4957 843//4958 842//4959
f 843//4960 902//4961 903//4962
f 903//4963 844//4964 843//4965
f 844//4966 903//4967 904//4968
f 904//4969 845//4970 844//4971
f 845//4972 904//4973 905//4974
f 905//4975 846//4976 845//4977
f 846//4978 905//4979 906//4980
f 906//4981 847//4982 846//4983
f 847//4984 906//4985 907//4986
f 907//4987 848//4988 847//4989
f 848//4990 907//4991 908//4992
f 908//4993 849//4994 848//4995
f 849//4996 908//4997 909//4998
f 909//4999 850//5000 849//5001
f 850//5002 909//5003 910//5004
f 910//5005 851//5006 850//5007
f 851//5008 910//5009 911//5010
f 911//5011 852//5012 851//5013
f 852//5014 911//5015 912//5016
f 912//5017 853//5018 852//5019
f 853//5020 912//5021 913//5022
f 913//5023 854//5024 853//5025
f 854//5026 913//5027 914//5028
f 914//5029 855//5030 854//5031
f 855//5032 914//5033 915//5034
f 915//5035 856//5036 855//5037
f 856//5038 915//5039 916//5040
f 916//5041 857//5042 856//5043
f 857//5044 916//5045 917//5046
f 917//5047 858//5048 857//5049
f 858//5050 917//5051 918//5052
f 918//5053 859//5054 858//5055
f 859//5056 918//5057 919//5058
f 919//5059 860//5060 859//5061
f 860//5062 919//5063 920//5064
f 920//5065 861//5066 860//5067
f 861//5068 920//5069 921//5070
f 921//5071 862//5072 861//5073
f 862//5074 921//5075 922//5076
f 922//5077 863//5078 862//5079
f 863//5080 922//5081 923//5082
f 923//5083 864//5084 863//5085
f 864//5086 923//5087 924//5088
f 924//5089 865//5090 864//5091
f 865//5092 924//5093 925//5094
f 925//5095 866//5096 865//5097
f 866//5098 925//5099 926//5100
f 926//5101 867//5102 866//5103
f 867//5104 926//5105 927//5106
f 927//5107 868//5108 867//5109
f 868//5110 927//5111 928//5112
f 928//5113 869//5114 868//5115
f 869//5116 928//5117 929//5118
f 929//5119 870//5120 869//5121
f 870//5122 929//5123 930//5124
f 930//5125 871//5126 870//5127
f 871//5128 930//5129 931//5130
f 931//5131 872//5132 871//5133
f 872//5134 931//5135 932//5136
f 932//5137 873//5138 872//5139
f 873//5140 932//5141 933//5142
f 933//5143 874//5144 873//5145
f 874//5146 933//5147 934//5148
f 934//5149 875//5150 874//5151
f 875//5152 934//5153 935//5154
f 935//5155 876//5156 875//5157
f 876//5158 935//5159 936//5160
f 936//5161 877//5162 876//5163
f 877//5164 936//5165 937//5166
f 937//5167 878//5168 877//5169
f 878//5170 937//5171 938//5172
f 938//5173 879//5174 878//5175
f 879//5176 938//5177 939//5178
f 939//5179 880//5180 879//5181
f 880//5182 939//5183 940//5184
f 940//5185 881//5186 880//5187
f 881//5188 940//5189 941//5190
f 941//5191 882//5192 881//5193
f 882//5194 941//5195 942//5196
f 942//5197 883//5198 882//5199
f 883//5200 942//5201 943//5202
f 943//5203 884//5204 883//5205
f 884//5206 943//5207 944//5208
f 944//5209 885//5210 884//5211
f 885//5212 944//5213 945//5214
f 945//5215 886//5216 885//5217
f 887//5218 946//5219 120//5220
f 1//5221 947//5222 888//5223
f 888//5224 947//5225 948//5226
f 948//5227 889//5228 888//5229
f 889//5230 948//5231 949//5232
f 949//5233 890//5234 889//5235
f 890//5236 949//5237 950//5238
f 950//5239 891//5240 890//5241
f 891//5242 950//5243 951//5244
f 951//5245 892//5246 891//5247
f 892//5248 951//5249 952//5250
f 952//5251 893//5252 892//5253
f 893//5254 952//5255 953//5256
f 953//5257 894//5258 893//5259
f 894//5260 953//5261 954//5262
f 954//5263 895//5264 894//5265
f 895//5266 954//5267 955//5268
f 955//5269 896//5270 895//5271
f 896//5272 955//5273 956//5274
f 956//5275 897//5276 896//5277
f 897//5278 956//5279 957//5280
f 957//5281 898//5282 897//5283
f 898//5284 957//5285 958//5286
f 958//5287 899//5288 898//5289
f 899//5290 958//5291 959//5292
f 959//5293 900//5294 899//5295
f 900//5296 959//5297 960//5298
f 960//5299 901//5300 900//5301
f 901//5302 960//5303 961//5304
f 961//5305 902//5306 901//5307
f 902//5308 961//5309 962//5310
f 962//5311 903//5312 902//5313
f 903//5314 962//5315 963//5316
f 963//5317 904//5318 903//5319
f 904//5320 963//5321 964//5322
f 964//5323 905//5324 904//5325
f 905//5326 964//5327 965//5328
f 965//5329 906//5330 905//5331
f 906//5332 965//5333 966//5334
f 966//5335 907//5336 906//5337
f 907//5338 966//5339 967//5340
f 967//5341 908//5342 907//5343
f 908//5344 967//5345 968//5346
f 968//5347 909//5348 908//5349
f 909//5350 968//5351 969//5352
f 969//5353 910//5354 909//5355
f 910//5356 969//5357 970//5358
f 970//5359 911//5360 910//5361
f 911//5362 970//5363 971//5364
f 971//5365 912//5366 911//5367
f 912//5368 971//5369 972//5370
f 972//5371 913//5372 912//5373
f 913//5374 972//5375 973//5376
f 973//5377 914//5378 913//5379
f 914//5380 973//5381 974//5382
f 974//5383 915//5384 914//5385
f 915//5386 974//5387 975//5388
f 975//5389 916//5390 915//5391
f 916//5392 975//5393 976//5394
f 976//5395 917//5396 916//5397
f 917//5398 976//5399 977//5400
f 977//5401 918//5402 917//5403
f 918//5404 977//5405 978//5406
f 978//5407 919//5408 918//5409
f 919//5410 978//5411 979//5412
f 979//5413 920//5414 919//5415
f 920//5416 979//5417 980//5418
f 980//5419 921//5420 920//5421
f 921//5422 980//5423 981//5424
f 981//5425 922//5426 921//5427
f 922//5428 981//5429 982//5430
f 982//5431 923//5432 922//5433
f 923//5434 982//5435 983//5436
f 983//5437 924//5438 923//5439
f 924//5440 983//5441 984//5442
f 984//5443 925//5444 924//5445
f 925//5446 984//5447 985//5448
f 985//5449 926//5450 925//5451
f 926//5452 985//5453 986//5454
f 986//5455 927//5456 926//5457
f 927//5458 986//5459 987//5460
f 987//5461 928//5462 927//5463
f 928//5464 987//5465 988//5466
f 988//5467 929//5468 928//5469
f 929//5470 988//5471 989//5472
f 989//5473 930//5474 929//5475
f 930//5476 989//5477 990//5478
f 990//5479 931//5480 930//5481
f 931//5482 990//5483 991//5484
f 991//5485 932//5486 931//5487
f 932//5488 991//5489 992//5490
f 992//5491 933//5492 932//5493
f 933//5494 992//5495 993//5496
f 993//5497 934//5498 933//5499
f 934//5500 993//5501 994//5502
f 994//5503 935//5504 934//5505
f 935//5506 994//5507 995//5508
f 995//5509 936//5510 935//5511
f 936//5512 995//5513 996//5514
f 996//5515 937//5516 936//5517
f 937//5518 996//5519 997//5520
f 997//5521 938//5522 937//5523
f 938//5524 997//5525 998//5526
f 998//5527 939//5528 938//5529
f 939//5530 998//5531 999//5532
f 999//5533 940//5534 939//5535
f 940//5536 999//5537 1000//5538
f 1000//5539 941//5540 940//5541
f 941//5542 1000//5543 1001//5544
f 1001//5545 942//5546 941//5547
f 942//5548 1001//5549 1002//5550
f 1002//5551 943//5552 942//5553
f 943//5554 1002//5555 1003//5556
f 1003//5557 944//5558 943//5559
f 944//5560 1003//5561 1004//5562
f 1004//5563 945//5564 944//5565
f 946//5566 1005//5567 120//5568
f 1//5569 1006//5570 947//5571
f 947//5572 1006//5573 1007//5574
f 1007//5575 948//5576 947//5577
f 948//5578 1007//5579 1008//5580
f 1008//5581 949//5582 948//5583
f 949//5584 1008//5585 1009//5586
f 1009//5587 950//5588 949//5589
f 950//5590 1009//5591 1010//5592
f 1010//5593 951//5594 950//5595
f 951//5596 1010//5597 1011//5598
f 1011//5599 952//5600 951//5601
f 952//5602 1011//5603 1012//5604
f 1012//5605 953//5606 952//5607
f 953//5608 1012//5609 1013//5610
f 1013//5611 954//5612 953//5613
f 954//5614 1013//5615 1014//5616
f 1014//5617 955//5618 954//5619
f 955//5620 1014//5621 1015//5622
f 1015//5623 956//5624 955//5625
f 956//5626 1015//5627 1016//5628
f 1016//5629 957//5630 956//5631
f 957//5632 1016//5633 1017//5634
f 1017//5635 958//5636 957//5637
f 958//5638 1017//5639 1018//5640
f 1018//5641 959//5642 958//5643
f 959//5644 1018//5645 1019//5646
f 1019//5647 960//5648 959//5649
f 960//5650 1019//5651 1020//5652
f 1020//5653 961//5654 960//5655
f 961//5656 1020//5657 1021//5658
f 1021//5659 962//5660 961//5661
f 962//5662 1021//5663 1022//5664
f 1022//5665 963//5666 962//5667
f 963//5668 1022//5669 1023//5670
f 1023//5671 964//5672 963//5673
f 964//5674 1023//5675 1024//5676
f 1024//5677 965//5678 964//5679
f 965//5680 1024//5681 1025//5682
f 1025//5683 966//5684 965//5685
f 966//5686 1025//5687 1026//5688
f 1026//5689 967//5690 966//5691
f 967//5692 1026//5693 1027//5694
f 1027//5695 968//5696 967//5697
f 968//5698 1027//5699 1028//5700
f 1028//5701 969//5702 968//5703
f 969//5704 1028//5705 1029//5706
f 1029//5707 970//5708 969//5709
f 970//5710 1029//5711 1030//5712
f 1030//5713 971//5714 970//5715
f 971//5716 1030//5717 1031//5718
f 1031//5719 972//5720 971//5721
f 972//5722 1031//5723 1032//5724
f 1032//5725 973//5726 972//5727
f 973//5728 1032//5729 1033//5730
f 1033//5731 974//5732 973//5733
f 974//5734 1033//5735 1034//5736
f 1034//5737 975//5738 974//5739
f 975//5740 1034//5741 1035//5742
f 1035//5743 976//5744 975//5745
f 976//5746 1035//5747 1036//5748
f 1036//5749 977//5750 976//5751
f 977//5752 1036//5753 1037//5754
f 1037//5755 978//5756 977//5757
f 978//5758 1037//5759 1038//5760
f 1038//5761 979//5762 978//5763
f 979//5764 1038//5765 1039//5766
f 1039//5767 980//5768 979//5769
f 980//5770 1039//5771 1040//5772
f 1040//5773 981//5774 980//5775
f 981//5776 1040//5777 1041//5778
f 1041//5779 982//5780 981//5781
f 982//5782 1041//5783 1042//5784
f 1042//5785 983//5786 982//5787
f 983//5788 1042//5789 1043//5790
f 1043//5791 984//5792 983//5793
f 984//5794 1043//5795 1044//5796
f 1044//5797 985//5798 984//5799
f 985//5800 1044//5801 1045//5802
f 1045//5803 986//5804 985//5805
f 986//5806 1045//5807 1046//5808
f 1046//5809 987//5810 986//5811
f 987//5812 1046//5813 1047//5814
f 1047//5815 988//5816 987//5817
f 988//5818 1047//5819 1048//5820
f 1048//5821 989//5822 988//5823
f 989//5824 1048//5825 1049//5826
f 1049//5827 990//5828 989//5829
f 990//5830 1049//5831 1050//5832
f 1050//5833 991//5834 990//5835
f 991//5836 1050//5837 1051//5838
f 1051//5839 992//5840 991//5841
f 992//5842 1051//5843 1052//5844
f 1052//5845 993//5846 992//5847
f 993//5848 1052//5849 1053//5850
f 1053//5851 994//5852 993//5853
f 994//5854 1053//5855 1054//5856
f 1054//5857 995//5858 994//5859
f 995//5860 1054//5861 1055//5862
f 1055//5863 996//5864 995//5865
f 996//5866 1055//5867 1056//5868
f 1056//5869 997//5870 996//5871
f 997//5872 1056//5873 1057//5874
f 1057//5875 998//5876 997//5877
f 998//5878 1057//5879 1058//5880
f 1058//5881 999//5882 998//5883
f 999//5884 1058//5885 1059//5886
f 1059//5887 1000//5888 999//5889
f 1000//5890 1059//5891 1060//5892
f 1060//5893 1001//5894 1000//5895
f 1001//5896 1060//5897 1061//5898
f 1061//5899 1002//5900 1001//5901
f 1002//5902 1061//5903 1062//5904
f 1062//5905 1003//5906 1002//5907
f 1003//5908 1062//5909 1063//5910
f 1063//5911 1004//5912 1003//5913
f 1005//5914 1064//5915 120//5916
f 1//5917 1065//5918 1006//5919
f 1006//5920 1065//5921 1066//5922
f 1066//5923 1007//5924 1006//5925
f 1007//5926 1066//5927 1067//5928
f 1067//5929 1008//5930 1007//5931
f 1008//5932 1067//5933 1068//5934
f 1068//5935 1009//5936 1008//5937
f 1009//5938 1068//5939 1069//5940
f 1069//5941 1010//5942 1009//5943
f 1010//5944 1069//5945 1070//5946
f 1070//5947 1011//5948 1010//5949
f 1011//5950 1070//5951 1071//5952
f 1071//5953 1012//5954 1011//5955
f 1012//5956 1071//5957 1072//5958
f 1072//5959 1013//5960 1012//5961
f 1013//5962 1072//5963 1073//5964
f 1073//5965 1014//5966 1013//5967
f 1014//5968 1073//5969 1074//5970
f 1074//5971 1015//5972 1014//5973
f 1015//5974 1074//5975 1075//5976
f 1075//5977 1016//5978 1015//5979
f 1016//5980 1075//5981 1076//5982
f 1076//5983 1017//5984 1016//5985
f 1017//5986 1076//5987 1077//5988
f 1077//5989 1018//5990 1017//5991
f 1018//5992 1077//5993 1078//5994
f 1078//5995 1019//5996 1018//5997
f 1019//5998 1078//5999 1079//6000
f 1079//6001 1020//6002 1019//6003
f 1020//6004 1079//6005 1080//6006
f 1080//6007 1021//6008 1020//6009
f 1021//6010 1080//6011 1081//6012
f 1081//6013 1022//6014 1021//6015
f 1022//6016 1081//6017 1082//6018
f 1082//6019 1023//6020 1022//6021
f 1023//6022 1082//6023 1083//6024
f 1083//6025 1024//6026 1023//6027
f 1024//6028 1083//6029 1084//6030
f 1084//6031 1025//6032 1024//6033
f 1025//6034 1084//6035 1085//6036
f 1085//6037 1026//6038 1025//6039
f 1026//6040 1085//6041 1086//6042
f 1086//6043 1027//6044 1026//6045
f 1027//6046 1086//6047 1087//6048
f 1087//6049 1028//6050 1027//6051
f 1028//6052 1087//6053 1088//6054
f 1088//6055 1029//6056 1028//6057
f 1029//6058 1088//6059 1089//6060
f 1089//6061 1030//6062 1029//6063
f 1030//6064 1089//6065 1090//6066
f 1090//6067 1031//6068 1030//6069
f 1031//6070 1090//6071 1091//6072
f 1091//6073 1032//6074 1031//6075
f 1032//6076 1091//6077 1092//6078
f 1092//6079 1033//6080 1032//6081
f 1033//6082 1092//6083 1093//6084
f 1093//6085 1034//6086 1033//6087
f 1034//6088 1093//6089 1094//6090
f 1094//6091 1035//6092 1034//6093
f 1035//6094 1094//6095 1095//6096
f 1095//6097 1036//6098 1035//6099
f 1036//6100 1095//6101 1096//6102
f 1096//6103 1037//6104 1036//6105
f 1037//6106 1096//6107 1097//6108
f 1097//6109 1038//6110 1037//6111
f 1038//6112 1097//6113 1098//6114
f 1098//6115 1039//6116 1038//6117
f 1039//6118 1098//6119 1099//6120
f 1099//6121 1040//6122 1039//6123
f 1040//6124 1099//6125 1100//6126
f 1100//6127 1041//6128 1040//6129
f 1041//6130 1100//6131 1101//6132
f 1101//6133 1042//6134 1041//6135
f 1042//6136 1101//6137 1102//6138
f 1102//6139 1043//6140 1042//6141
f 1043//6142 1102//6143 1103//6144
f 1103//6145 1044//6146 1043//6147
f 1044//6148 1103//6149 1104//6150
f 1104//6151 1045//6152 1044//6153
f 1045//6154 1104//6155 1105//6156
f 1105//6157 1046//6158 1045//6159
f 1046//6160 1105//6161 1106//6162
f 1106//6163 1047//6164 1046//6165
f 1047//6166 1106//6167 1107//6168
f 1107//6169 1048//6170 1047//6171
f 1048//6172 1107//6173 1108//6174
f 1108//6175 1049//6176 1048//6177
f 1049//6178 1108//6179 1109//6180
f 1109//6181 1050//6182 1049//6183
f 1050//6184 1109//6185 1110//6186
f 1110//6187 1051//6188 1050//6189
f 1051//6190 1110//6191 1111//6192
f 1111//6193 1052//6194 1051//6195
f 1052//6196 1111//6197 1112//6198
f 1112//6199 1053//6200 1052//6201
f 1053//6202 1112//6203 1113//6204
f 1113//6205 1054//6206 1053//6207
f 1054//6208 1113//6209 1114//6210
f 1114//6211 1055//6212 1054//6213
f 1055//6214 1114//6215 1115//6216
f 1115//6217 1056//6218 1055//6219
f 1056//6220 1115//6221 1116//6222
f 1116//6223 1057//6224 1056//6225
f 1057//6226 1116//6227 1117//6228
f 1117//6229 1058//6230 1057//6231
f 1058//6232 1117//6233 1118//6234
f 1118//6235 1059//6236 1058//6237
f 1059//6238 1118//6239 1119//6240
f 1119//6241 1060//6242 1059//6243
f 1060//6244 1119//6245 1120//6246
f 1120//6247 1061//6248 1060//6249
f 1061//6250 1120//6251 1121//6252
f 1121//6253 1062//6254 1061//6255
f 1062//6256 1121//6257 1122//6258
f 1122//6259 1063//6260 1062//6261
f 1064//6262 1123//6263 120//6264
f 1//6265 1124//6266 1065//6267
f 1065//6268 1124//6269 1125//6270
f 1125//6271 1066//6272 1065//6273
f 1066//6274 1125//6275 1126//6276
f 1126//6277 1067//6278 1066//6279
f 1067//6280 1126//6281 1127//6282
f 1127//6283 1068//6284 1067//6285
f 1068//6286 1127//6287 1128//6288
f 1128//6289 1069//6290 1068//6291
f 1069//6292 1128//6293 1129//6294
f 1129//6295 1070//6296 1069//6297
f 1070//6298 1129//6299 1130//6300
f 1130//6301 1071//6302 1070//6303
f 1071//6304 1130//6305 1131//6306
f 1131//6307 1072//6308 1071//6309
f 1072//6310 1131//6311 1132//6312
f 1132//6313 1073//6314 1072//6315
f 1073//6316 1132//6317 1133//6318
f 1133//6319 1074//6320 1073//6321
f 1074//6322 1133//6323 1134//6324
f 1134//6325 1075//6326 1074//6327
f 1075//6328 1134//6329 1135//6330
f 1135//6331 1076//6332 1075//6333
f 1076//6334 1135//6335 1136//6336
f 1136//6337 1077//6338 1076//6339
f 1077//6340 1136//6341 1137//6342
f 1137//6343 1078//6344 1077//6345
f 1078//6346 1137//6347 1138//6348
f 1138//6349 1079//6350 1078//6351
f 1079//6352 1138//6353 1139//6354
f 1139//6355 1080//6356 1079//6357
f 1080//6358 1139//6359 1140//6360
f 1140//6361 1081//6362 1080//6363
f 1081//6364 1140//6365 1141//6366
f 1141//6367 1082//6368 1081//6369
f 1082//6370 1141//6371 1142//6372
f 1142//6373 1083//6374 1082//6375
f 1083//6376 1142//6377 1143//6378
f 1143//6379 1084//6380 1083//6381
f 1084//6382 1143//6383 1144//6384
f 1144//6385 1085//6386 1084//6387
f 1085//6388 1144//6389 1145//6390
f 1145//6391 1086//6392 1085//6393
f 1086//6394 1145//6395 1146//6396
f 1146//6397 1087//6398 1086//6399
f 1087//6400 1146//6401 1147//6402
f 1147//6403 1088//6404 1087//6405
f 1088//6406 1147//6407 1148//6408
f 1148//6409 1089//6410 1088//6411
f 1089//6412 1148//6413 1149//6414
f 1149//6415 1090//6416 1089//6417
f 1090//6418 1149//6419 1150//6420
f 1150//6421 1091//6422 1090//6423
f 1091//6424 1150//6425 1151//6426
f 1151//6427 1092//6428 1091//6429
f 1092//6430 1151//6431 1152//6432
f 1152//6433 1093//6434 1092//6435
f 1093//6436 1152//6437 1153//6438
f 1153//6439 1094//6440 1093//6441
f 1094//6442 1153//6443 1154//6444
f 1154//6445 1095//6446 1094//6447
f 1095//6448 1154//6449 1155//6450
f 1155//6451 1096//6452 1095//6453
f 1096//6454 1155//6455 1156//6456
f 1156//6457 1097//6458 1096//6459
f 1097//6460 1156//6461 1157//6462
f 1157//6463 1098//6464 1097//6465
f 1098//6466 1157//6467 1158//6468
f 1158//6469 1099//6470 1098//6471
f 1099//6472 1158//6473 1159//6474
f 1159//6475 1100//6476 1099//6477
f 1100//6478 1159//6479 1160//6480
f 1160//6481 1101//6482 1100//6483
f 1101//6484 1160//6485 1161//6486
f 1161//6487 1102//6488 1101//6489
f 1102//6490 1161//6491 1162//6492
f 1162//6493 1103//6494 1102//6495
f 1103//6496 1162//6497 1163//6498
f 1163//6499 1104//6500 1103//6501
f 1104//6502 1163//6503 1164//6504
f 1164//6505 1105//6506 1104//6507
f 1105//6508 1164//6509 1165//6510
f 1165//6511 1106//6512 1105//6513
f 1106//6514 1165//6515 1166//6516
f 1166//6517 1107//6518 1106//6519
f 1107//6520 1166//6521 1167//6522
f 1167//6523 1108//6524 1107//6525
f 1108//6526 1167//6527 1168//6528
f 1168//6529 1109//6530 1108//6531
f 1109//6532 1168//6533 1169//6534
f 1169//6535 1110//6536 1109//6537
f 1110//6538 1169//6539 1170//6540
f 1170//6541 1111//6542 1110//6543
f 1111//6544 1170//6545 1171//6546
f 1171//6547 1112//6548 1111//6549
f 1112//6550 1171//6551 1172//6552
f 1172//6553 1113//6554 1112//6555
f 1113//6556 1172//6557 1173//6558
f 1173//6559 1114//6560 1113//6561
f 1114//6562 1173//6563 1174//6564
f 1174//6565 1115//6566 1114//6567
f 1115//6568 1174//6569 1175//6570
f 1175//6571 1116//6572 1115//6573
f 1116//6574 1175//6575 1176//6576
f 1176//6577 1117//6578 1116//6579
f 1117//6580 1176//6581 1177//6582
f 1177//6583 1118//6584 1117//6585
f 1118//6586 1177//6587 1178//6588
f 1178//6589 1119//6590 1118//6591
f 1119//6592 1178//6593 1179//6594
f 1179//6595 1120//6596 1119//6597
f 1120//6598 1179//6599 1180//6600
f 1180//6601 1121//6602 1120//6603
f 1121//6604 1180//6605 1181//6606
f 1181//6607 1122//6608 1121//6609
f 1123//6610 1182//6611 120//6612
f 1//6613 1183//6614 1124//6615
f 1124//6616 1183//6617 1184//6618
f 1184//6619 1125//6620 1124//6621
f 1125//6622 1184//6623 1185//6624
f 1185//6625 1126//6626 1125//6627
f 1126//6628 1185//6629 1186//6630
f 1186//6631 1127//6632 1126//6633
f 1127//6634 1186//6635 1187//6636
f 1187//6637 1128//6638 1127//6639
f 1128//6640 1187//6641 1188//6642
f 1188//6643 1129//6644 1128//6645
f 1129//6646 1188//6647 1189//6648
f 1189//6649 1130//6650 1129//6651
f 1130//6652 1189//6653 1190//6654
f 1190//6655 1131//6656 1130//6657
f 1131//6658 1190//6659 1191//6660
f 1191//6661 1132//6662 1131//6663
f 1132//6664 1191//6665 1192//6666
f 1192//6667 1133//6668 1132//6669
f 1133//6670 1192//6671 1193//6672
f 1193//6673 1134//6674 1133//6675
f 1134//6676 1193//6677 1194//6678
f 1194//6679 1135//6680 1134//6681
f 1135//6682 1194//6683 1195//6684
f 1195//6685 1136//6686 1135//6687
f 1136//6688 1195//6689 1196//6690
f 1196//6691 1137//6692 1136//6693
f 1137//6694 1196//6695 1197//6696
f 1197//6697 1138//6698 1137//6699
f 1138//6700 1197//6701 1198//6702
f 1198//6703 1139//6704 1138//6705
f 1139//6706 1198//6707 1199//6708
f 1199//6709 1140//6710 1139//6711
f 1140//6712 1199//6713 1200//6714
f 1200//6715 1141//6716 1140//6717
f 1141//6718 1200//6719 1201//6720
f 1201//6721 1142//6722 1141//6723
f 1142//6724 1201//6725 1202//6726
f 1202//6727 1143//6728 1142//6729
f 1143//6730 1202//6731 1203//6732
f 1203//6733 1144//6734 1143//6735
f 1144//6736 1203//6737 1204//6738
f 1204//6739 1145//6740 1144//6741
f 1145//6742 1204//6743 1205//6744
f 1205//6745 1146//6746 1145//6747
f 1146//6748 1205//6749 1206//6750
f 1206//6751 1147//6752 1146//6753
f 1147//6754 1206//6755 1207//6756
f 1207//6757 1148//6758 1147//6759
f 1148//6760 1207//6761 1208//6762
f 1208//6763 1149//6764 1148//6765
f 1149//6766 1208//6767 1209//6768
f 1209//6769 1150//6770 1149//6771
f 1150//6772 1209//6773 1210//6774
f 1210//6775 1151//6776 1150//6777
f 1151//6778 1210//6779 1211//6780
f 1211//6781 1152//6782 1151//6783
f 1152//6784 1211//6785 1212//6786
f 1212//6787 1153//6788 1152//6789
f 1153//6790 1212//6791 1213//6792
f 1213//6793 1154//6794 1153//6795
f 1154//6796 1213//6797 1214//6798
f 1214//6799 1155//6800 1154//6801
f 1155//6802 1214//6803 1215//6804
f 1215//6805 1156//6806 1155//6807
f 1156//6808 1215//6809 1216//6810
f 1216//6811 1157//6812 1156//6813
f 1157//6814 1216//6815 1217//6816
f 1217//6817 1158//6818 1157//6819
f 1158//6820 1217//6821 1218//6822
f 1218//6823 1159//6824 1158//6825
f 1159//6826 1218//6827 1219//6828
f 1219//6829 1160//6830 1159//6831
f 1160//6832 1219//6833 1220//6834
f 1220//6835 1161//6836 1160//6837
f 1161//6838 1220//6839 1221//6840
f 1221//6841 1162//6842 1161//6843
f 1162//6844 1221//6845 1222//6846
f 1222//6847 1163//6848 1162//6849
f 1163//6850 1222//6851 1223//6852
f 1223//6853 1164//6854 1163//6855
f 1164//6856 1223//6857 1224//6858
f 1224//6859 1165//6860 1164//6861
f 1165//6862 1224//6863 1225//6864
f 1225//6865 1166//6866 1165//6867
f 1166//6868 1225//6869 1226//6870
f 1226//6871 1167//6872 1166//6873
f 1167//6874 1226//6875 1227//6876
f 1227//6877 1168//6878 1167//6879
f 1168//6880 1227//6881 1228//6882
f 1228//6883 1169//6884 1168//6885
f 1169//6886 1228//6887 1229//6888
f 1229//6889 1170//6890 1169//6891
f 1170//6892 1229//6893 1230//6894
f 1230//6895 1171//6896 1170//6897
f 1171//6898 1230//6899 1231//6900
f 1231//6901 1172//6902 1171//6903
f 1172//6904 1231//6905 1232//6906
f 1232//6907 1173//6908 1172//6909
f 1173//6910 1232//6911 1233//6912
f 1233//6913 1174//6914 1173//6915
f 1174//6916 1233//6917 1234//6918
f 1234//6919 1175//6920 1174//6921
f 1175//6922 1234//6923 1235//6924
f 1235//6925 1176//6926 1175//6927
f 1176//6928 1235//6929 1236//6930
f 1236//6931 1177//6932 1176//6933
f 1177//6934 1236//6935 1237//6936
f 1237//6937 1178//6938 1177//6939
f 1178//6940 1237//6941 1238//6942
f 1238//6943 1179//6944 1178//6945
f 1179//6946 1238//6947 1239//6948
f 1239//6949 1180//6950 1179//6951
f 1180//6952 1239//6953 1240//6954
f 1240//6955 1181//6956 1180//6957
f 1182//6958 1241//6959 120//6960
f 1//6961 1242//6962 1183//6963
f 1183//6964 1242//6965 1243//6966
f 1243//6967 1184//6968 1183//6969
f 1184//6970 1243//6971 1244//6972
f 1244//6973 1185//6974 1184//6975
f 1185//6976 1244//6977 1245//6978
f 1245//6979 1186//6980 1185//6981
f 1186//6982 1245//6983 1246//6984
f 1246//6985 1187//6986 1186//6987
f 1187//6988 1246//6989 1247//6990
f 1247//6991 1188//6992 1187//6993
f 1188//6994 1247//6995 1248//6996
f 1248//6997 1189//6998 1188//6999
f 1189//7000 1248//7001 1249//7002
f 1249//7003 1190//7004 1189//7005
f 1190//7006 1249//7007 1250//7008
f 1250//7009 1191//7010 1190//7011
f 1191//7012 1250//7013 1251//7014
f 1251//7015 1192//7016 1191//7017
f 1192//7018 1251//7019 1252//7020
f 1252//7021 1193//7022 1192//7023
f 1193//7024 1252//7025 1253//7026
f 1253//7027 1194//7028 1193//7029
f 1194//7030 1253//7031 1254//7032
f 1254//7033 1195//7034 1194//7035
f 1195//7036 1254//7037 1255//7038
f 1255//7039 1196//7040 1195//7041
f 1196//7042 1255//7043 1256//7044
f 1256//7045 1197//7046 1196//7047
f 1197//7048 1256//7049 1257//7050
f 1257//7051 1198//7052 1197//7053
f 1198//7054 1257//7055 1258//7056
f 1258//7057 1199//7058 1198//7059
f 1199//7060 1258//7061 1259//7062
f 1259//7063 1200//7064 1199//7065
f 1200//7066 1259//7067 1260//7068
f 1260//7069 1201//7070 1200//7071
f 1201//7072 1260//7073 1261//7074
f 1261//7075 1202//7076 1201//7077
f 1202//7078 1261//7079 1262//7080
f 1262//7081 1203//7082 1202//7083
f 1203//7084 1262//7085 1263//7086
f 1263//7087 1204//7088 1203//7089
f 1204//7090 1263//7091 1264//7092
f 1264//7093 1205//7094 1204//7095
f 1205//7096 1264//7097 1265//7098
f 1265//7099 1206//7100 1205//7101
f 1206//7102 1265//7103 1266//7104
f 1266//7105 1207//7106 1206//7107
f 1207//7108 1266//7109 1267//7110
f 1267//7111 1208//7112 1207//7113
f 1208//7114 1267//7115 1268//7116
f 1268//7117 1209//7118 1208//7119
f 1209//7120 1268//7121 1269//7122
f 1269//7123 1210//7124 1209//7125
f 1210//7126 1269//7127 1270//7128
f 1270//7129 1211//7130 1210//7131
f 1211//7132 1270//7133 1271//7134
f 1271//7135 1212//7136 1211//7137
f 1212//7138 1271//7139 1272//7140
f 1272//7141 1213//7142 1212//7143
f 1213//7144 1272//7145 1273//7146
f 1273//7147 1214//7148 1213//7149
f 1214//7150 1273//7151 1274//7152
f 1274//7153 1215//7154 1214//7155
f 1215//7156 1274//7157 1275//7158
f 1275//7159 1216//7160 1215//7161
f 1216//7162 1275//7163 1276//7164
f 1276//7165 1217//7166 1216//7167
f 1217//7168 1276//7169 1277//7170
f 1277//7171 1218//7172 1217//7173
f 1218//7174 1277//7175 1278//7176
f 1278//7177 1219//7178 1218//7179
f 1219//7180 1278//7181 1279//7182
f 1279//7183 1220//7184 1219//7185
f 1220//7186 1279//7187 1280//7188
f 1280//7189 1221//7190 1220//7191
f 1221//7192 1280//7193 1281//7194
f 1281//7195 1222//7196 1221//7197
f 1222//7198 1281//7199 1282//7200
f 1282//7201 1223//7202 1222//7203
f 1223//7204 1282//7205 1283//7206
f 1283//7207 1224//7208 1223//7209
f 1224//7210 1283//7211 1284//7212
f 1284//7213 1225//7214 1224//7215
f 1225//7216 1284//7217 1285//7218
f 1285//7219 1226//7220 1225//7221
f 1226//7222 1285//7223 1286//7224
f 1286//7225 1227//7226 1226//7227
f 1227//7228 1286//7229 1287//7230
f 1287//7231 1228//7232 1227//7233
f 1228//7234 1287//7235 1288//7236
f 1288//7237 1229//7238 1228//7239
f 1229//7240 1288//7241 1289//7242
f 1289//7243 1230//7244 1229//7245
f 1230//7246 1289//7247 1290//7248
f 1290//7249 1231//7250 1230//7251
f 1231//7252 1290//7253 1291//7254
f 1291//7255 1232//7256 1231//7257
f 1232//7258 1291//7259 1292//7260
f 1292//7261 1233//7262 1232//7263
f 1233//7264 1292//7265 1293//7266
f 1293//7267 1234//7268 1233//7269
f 1234//7270 1293//7271 1294//7272
f 1294//7273 1235//7274 1234//7275
f 1235//7276 1294//7277 1295//7278
f 1295//7279 1236//7280 1235//7281
f 1236//7282 1295//7283 1296//7284
f 1296//7285 1237//7286 1236//7287
f 1237//7288 1296//7289 1297//7290
f 1297//7291 1238//7292 1237//7293
f 1238//7294 1297//7295 1298//7296
f 1298//7297 1239//7298 1238//7299
f 1239//7300 1298//7301 1299//7302
f 1299//7303 1240//7304 1239//7305
f 1241//7306 1300//7307 120//7308
f 1//7309 1301//7310 1242//7311
f 1242//7312 1301//7313 1302//7314
f 1302//7315 1243//7316 1242//7317
f 1243//7318 1302//7319 1303//7320
f 1303//7321 1244//7322 1243//7323
f 1244//7324 1303//7325 1304//7326
f 1304//7327 1245//7328 1244//7329
f 1245//7330 1304//7331 1305//7332
f 1305//7333 1246//7334 1245//7335
f 1246//7336 1305//7337 1306//7338
f 1306//7339 1247//7340 1246//7341
f 1247//7342 1306//7343 1307//7344
f 1307//7345 1248//7346 1247//7347
f 1248//7348 1307//7349 1308//7350
f 1308//7351 1249//7352 1248//7353
f 1249//7354 1308//7355 1309//7356
f 1309//7357 1250//7358 1249//7359
f 1250//7360 1309//7361 1310//7362
f 1310//7363 1251//7364 1250//7365
f 1251//7366 1310//7367 1311//7368
f 1311//7369 1252//7370 1251//7371
f 1252//7372 1311//7373 1312//7374
f 1312//7375 1253//7376 1252//7377
f 1253//7378 1312//7379 1313//7380
f 1313//7381 1254//7382 1253//7383
f 1254//7384 1313//7385 1314//7386
f 1314//7387 1255//7388 1254//7389
f 1255//7390 1314//7391 1315//7392
f 1315//7393 1256//7394 1255//7395
f 1256//7396 1315//7397 1316//7398
f 1316//7399 1257//7400 1256//7401
f 1257//7402 1316//7403 1317//7404
f 1317//7405 1258//7406 1257//7407
f 1258//7408 1317//7409 1318//7410
f 1318//7411 1259//7412 1258//7413
f 1259//7414 1318//7415 1319//7416
f 1319//7417 1260//7418 1259//7419
f 1260//7420 1319//7421 1320//7422
f 1320//7423 1261//7424 1260//7425
f 1261//7426 1320//7427 1321//7428
f 1321//7429 1262//7430 1261//7431
f 1262//7432 1321//7433 1322//7434
f 1322//7435 1263//7436 1262//7437
f 1263//7438 1322//7439 1323//7440
f 1323//7441 1264//7442 1263//7443
f 1264//7444 1323//7445 1324//7446
f 1324//7447 1265//7448 1264//7449
f 1265//7450 1324//7451 1325//7452
f 1325//7453 1266//7454 1265//7455
f 1266//7456 1325//7457 1326//7458
f 1326//7459 1267//7460 1266//7461
f 1267//7462 1326//7463 1327//7464
f 1327//7465 1268//7466 1267//7467
f 1268//7468 1327//7469 1328//7470
f 1328//7471 1269//7472 1268//7473
f 1269//7474 1328//7475 1329//7476
f 1329//7477 1270//7478 1269//7479
f 1270//7480 1329//7481 1330//7482
f 1330//7483 1271//7484 1270//7485
f 1271//7486 1330//7487 1331//7488
f 1331//7489 1272//7490 1271//7491
f 1272//7492 1331//7493 1332//7494
f 1332//7495 1273//7496 1272//7497
f 1273//7498 1332//7499 1333//7500
f 1333//7501 1274//7502 1273//7503
f 1274//7504 1333//7505 1334//7506
f 1334//7507 1275//7508 1274//7509
f 1275//7510 1334//7511 1335//7512
f 1335//7513 1276//7514 1275//7515
f 1276//7516 1335//7517 1336//7518
f 1336//7519 1277//7520 1276//7521
f 1277//7522 1336//7523 1337//7524
f 1337//7525 1278//7526 1277//7527
f 1278//7528 1337//7529 1338//7530
f 1338//7531 1279//7532 1278//7533
f 1279//7534 1338//7535 1339//7536
f 1339//7537 1280//7538 1279//7539
f 1280//7540 1339//7541 1340//7542
f 1340//7543 1281//7544 1280//7545
f 1281//7546 1340//7547 1341//7548
f 1341//7549 1282//7550 1281//7551
f 1282//7552 1341//7553 1342//7554
f 1342//7555 1283//7556 1282//7557
f 1283//7558 1342//7559 1343//7560
f 1343//7561 1284//7562 1283//7563
f 1284//7564 1343//7565 1344//7566
f 1344//7567 1285//7568 1284//7569
f 1285//7570 1344//7571 1345//7572
f 1345//7573 1286//7574 1285//7575
f 1286//7576 1345//7577 1346//7578
f 1346//7579 1287//7580 1286//7581
f 1287//7582 1346//7583 1347//7584
f 1347//7585 1288//7586 1287//7587
f 1288//7588 1347//7589 1348//7590
f 1348//7591 1289//7592 1288//7593
f 1289//7594 1348//7595 1349//7596
f 1349//7597 1290//7598 1289//7599
f 1290//7600 1349//7601 1350//7602
f 1350//7603 1291//7604 1290//7605
f 1291//7606 1350//7607 1351//7608
f 1351//7609 1292//7610 1291//7611
f 1292//7612 1351//7613 1352//7614
f 1352//7615 1293//7616 1292//7617
f 1293//7618 1352//7619 1353//7620
f 1353//7621 1294//7622 1293//7623
f 1294//7624 1353//7625 1354//7626
f 1354//7627 1295//7628 1294//7629
f 1295//7630 1354//7631 1355//7632
f 1355//7633 1296//7634 1295//7635
f 1296//7636 1355//7637 1356//7638
f 1356//7639 1297//7640 1296//7641
f 1297//7642 1356//7643 1357//7644
f 1357//7645 1298//7646 1297//7647
f 1298//7648 1357//7649 1358//7650
f 1358//7651 1299//7652 1298//7653
f 1300//7654 1359//7655 120//7656
f 1//7657 1360//7658 1301//7659
f 1301//7660 1360//7661 1361//7662
f 1361//7663 1302//7664 1301//7665
f 1302//7666 1361//7667 1362//7668
f 1362//7669 1303//7670 1302//7671
f 1303//7672 1362//7673 1363//7674
f 1363//7675 1304//7676 1303//7677
f 1304//7678 1363//7679 1364//7680
f 1364//7681 1305//7682 1304//7683
f 1305//7684 1364//7685 1365//7686
f 1365//7687 1306//7688 1305//7689
f 1306//7690 1365//7691 1366//7692
f 1366//7693 1307//7694 1306//7695
f 1307//7696 1366//7697 1367//7698
f 1367//7699 1308//7700 1307//7701
f 1308//7702 1367//7703 1368//7704
f 1368//7705 1309//7706 1308//7707
f 1309//7708 1368//7709 1369//7710
f 1369//7711 1310//7712 1309//7713
f 1310//7714 1369//7715 1370//7716
f 1370//7717 1311//7718 1310//7719
f 1311//7720 1370//7721 1371//7722
f 1371//7723 1312//7724 1311//7725
f 1312//7726 1371//7727 1372//7728
f 1372//7729 1313//7730 1312//7731
f 1313//7732 1372//7733 1373//7734
f 1373//7735 1314//7736 1313//7737
f 1314//7738 1373//7739 1374//7740
f 1374//7741 1315//7742 1314//7743
f 1315//7744 1374//7745 1375//7746
f 1375//7747 1316//7748 1315//7749
f 1316//7750 1375//7751 1376//7752
f 1376//7753 1317//7754 1316//7755
f 1317//7756 1376//7757 1377//7758
f 1377//7759 1318//7760 1317//7761
f 1318//7762 1377//7763 1378//7764
f 1378//7765 1319//7766 1318//7767
f 1319//7768 1378//7769 1379//7770
f 1379//7771 1320//7772 1319//7773
f 1320//7774 1379//7775 1380//7776
f 1380//7777 1321//7778 1320//7779
f 1321//7780 1380//7781 1381//7782
f 1381//7783 1322//7784 1321//7785
f 1322//7786 1381//7787 1382//7788
f 1382//7789 1323//7790 1322//7791
f 1323//7792 1382//7793 1383//7794
f 1383//7795 1324//7796 1323//7797
f 1324//7798 1383//7799 1384//7800
f 1384//7801 1325//7802 1324//7803
f 1325//7804 1384//7805 1385//7806
f 1385//7807 1326//7808 1325//7809
f 1326//7810 1385//7811 1386//7812
f 1386//7813 1327//7814 1326//7815
f 1327//7816 1386//7817 1387//7818
f 1387//7819 1328//7820 1327//7821
f 1328//7822 1387//7823 1388//7824
f 1388//7825 1329//7826 1328//7827
f 1329//7828 1388//7829 1389//7830
f 1389//7831 1330//7832 1329//7833
f 1330//7834 1389//7835 1390//7836
f 1390//7837 1331//7838 1330//7839
f 1331//7840 1390//7841 1391//7842
f 1391//7843 1332//7844 1331//7845
f 1332//7846 1391//7847 1392//7848
f 1392//7849 1333//7850 1332//7851
f 1333//7852 1392//7853 1393//7854
f 1393//7855 1334//7856 1333//7857
f 1334//7858 1393//7859 1394//7860
f 1394//7861 1335//7862 1334//7863
f 1335//7864 1394//7865 1395//7866
f 1395//7867 1336//7868 1335//7869
f 1336//7870 1395//7871 1396//7872
f 1396//7873 1337//7874 1336//7875
f 1337//7876 1396//7877 1397//7878
f 1397//7879 1338//7880 1337//7881
f 1338//7882 1397//7883 1398//7884
f 1398//7885 1339//7886 1338//7887
f 1339//7888 1398//7889 1399//7890
f 1399//7891 1340//7892 1339//7893
f 1340//7894 1399//7895 1400//7896
f 1400//7897 1341//7898 1340//7899
f 1341//7900 1400//7901 1401//7902
f 1401//7903 1342//7904 1341//7905
f 1342//7906 1401//7907 1402//7908
f 1402//7909 1343//7910 1342//7911
f 1343//7912 1402//7913 1403//7914
f 1403//7915 1344//7916 1343//7917
f 1344//7918 1403//7919 1404//7920
f 1404//7921 1345//7922 1344//7923
f 1345//7924 1404//7925 1405//7926
f 1405//7927 1346//7928 1345//7929
f 1346//7930 1405//7931 1406//7932
f 1406//7933 1347//7934 1346//7935
f 1347//7936 1406//7937 1407//7938
f 1407//7939 1348//7940 1347//7941
f 1348//7942 1407//7943 1408//7944
f 1408//7945 1349//7946 1348//7947
f 1349//7948 1408//7949 1409//7950
f 1409//7951 1350//7952 1349//7953
f 1350//7954 1409//7955 1410//7956
f 1410//7957 1351//7958 1350//7959
f 1351//7960 1410//7961 1411//7962
f 1411//7963 1352//7964 1351//7965
f 1352//7966 1411//7967 1412//7968
f 1412//7969 1353//7970 1352//7971
f 1353//7972 1412//7973 1413//7974
f 1413//7975 1354//7976 1353//7977
f 1354//7978 1413//7979 1414//7980
f 1414//7981 1355//7982 1354//7983
f 1355//7984 1414//7985 1415//7986
f 1415//7987 1356//7988 1355//7989
f 1356//7990 1415//7991 1416//7992
f 1416//7993 1357//7994 1356//7995
f 1357//7996 1416//7997 1417//7998
f 1417//7999 1358//8000 1357//8001
f 1359//8002 1418//8003 120//8004
f 1//8005 1419//8006 1360//8007
f 1360//8008 1419//8009 1420//8010
f 1420//8011 1361//8012 1360//8013
f 1361//8014 1420//8015 1421//8016
f 1421//8017 1362//8018 1361//8019
f 1362//8020 1421//8021 1422//8022
f 1422//8023 1363//8024 1362//8025
f 1363//8026 1422//8027 1423//8028
f 1423//8029 1364//8030 1363//8031
f 1364//8032 1423//8033 1424//8034
f 1424//8035 1365//8036 1364//8037
f 1365//8038 1424//8039 1425//8040
f 1425//8041 1366//8042 1365//8043
f 1366//8044 1425//8045 1426//8046
f 1426//8047 1367//8048 1366//8049
f 1367//8050 1426//8051 1427//8052
f 1427//8053 1368//8054 1367//8055
f 1368//8056 1427//8057 1428//8058
f 1428//8059 1369//8060 1368//8061
f 1369//8062 1428//8063 1429//8064
f 1429//8065 1370//8066 1369//8067
f 1370//8068 1429//8069 1430//8070
f 1430//8071 1371//8072 1370//8073
f 1371//8074 1430//8075 1431//8076
f 1431//8077 1372//8078 1371//8079
f 1372//8080 1431//8081 1432//8082
f 1432//8083 1373//8084 1372//8085
f 1373//8086 1432//8087 1433//8088
f 1433//8089 1374//8090 1373//8091
f 1374//8092 1433//8093 1434//8094
f 1434//8095 1375//8096 1374//8097
f 1375//8098 1434//8099 1435//8100
f 1435//8101 1376//8102 1375//8103
f 1376//8104 1435//8105 1436//8106
f 1436//8107 1377//8108 1376//8109
f 1377//8110 1436//8111 1437//8112
f 1437//8113 1378//8114 1377//8115
f 1378//8116 1437//8117 1438//8118
f 1438//8119 1379//8120 1378//8121
f 1379//8122 1438//8123 1439//8124
f 1439//8125 1380//8126 1379//8127
f 1380//8128 1439//8129 1440//8130
f 1440//8131 1381//8132 1380//8133
f 1381//8134 1440//8135 1441//8136
f 1441//8137 1382//8138 1381//8139
f 1382//8140 1441//8141 1442//8142
f 1442//8143 1383//8144 1382//8145
f 1383//8146 1442//8147 1443//8148
f 1443//8149 1384//8150 1383//8151
f 1384//8152 1443//8153 1444//8154
f 1444//8155 1385//8156 1384//8157
f 1385//8158 1444//8159 1445//8160
f 1445//8161 1386//8162 1385//8163
f 1386//8164 1445//8165 1446//8166
f 1446//8167 1387//8168 1386//8169
f 1387//8170 1446//8171 1447//8172
f 1447//8173 1388//8174 1387//8175
f 1388//8176 1447//8177 1448//8178
f 1448//8179 1389//8180 1388//8181
f 1389//8182 1448//8183 1449//8184
f 1449//8185 1390//8186 1389//8187
f 1390//8188 1449//8189 1450//8190
f 1450//8191 1391//8192 1390//8193
f 1391//8194 1450//8195 1451//8196
f 1451//8197 1392//8198 1391//8199
f 1392//8200 1451//8201 1452//8202
f 1452//8203 1393//8204 1392//8205
f 1393//8206 1452//8207 1453//8208
f 1453//8209 1394//8210 1393//8211
f 1394//8212 1453//8213 1454//8214
f 1454//8215 1395//8216 1394//8217
f 1395//8218 1454//8219 1455//8220
f 1455//8221 1396//8222 1395//8223
f 1396//8224 1455//8225 1456//8226
f 1456//8227 1397//8228 1396//8229
f 1397//8230 1456//8231 1457//8232
f 1457//8233 1398//8234 1397//8235
f 1398//8236 1457//8237 1458//8238
f 1458//8239 1399//8240 1398//8241
f 1399//8242 1458//8243 1459//8244
f 1459//8245 1400//8246 1399//8247
f 1400//8248 1459//8249 1460//8250
f 1460//8251 1401//8252 1400//8253
f 1401//8254 1460//8255 1461//8256
f 1461//8257 1402//8258 1401//8259
f 1402//8260 1461//8261 1462//8262
f 1462//8263 1403//8264 1402//8265
f 1403//8266 1462//8267 1463//8268
f 1463//8269 1404//8270 1403//8271
f 1404//8272 1463//8273 1464//8274
f 1464//8275 1405//8276 1404//8277
f 1405//8278 1464//8279 1465//8280
f 1465//8281 1406//8282 1405//8283
f 1406//8284 1465//8285 1466//8286
f 1466//8287 1407//8288 1406//8289
f 1407//8290 1466//8291 1467//8292
f 1467//8293 1408//8294 1407//8295
f 1408//8296 1467//8297 1468//8298
f 1468//8299 1409//8300 1408//8301
f 1409//8302 1468//8303 1469//8304
f 1469//8305 1410//8306 1409//8307
f 1410//8308 1469//8309 1470//8310
f 1470//8311 1411//8312 1410//8313
f 1411//8314 1470//8315 1471//8316
f 1471//8317 1412//8318 1411//8319
f 1412//8320 1471//8321 1472//8322
f 1472//8323 1413//8324 1412//8325
f 1413//8326 1472//8327 1473//8328
f 1473//8329 1414//8330 1413//8331
f 1414//8332 1473//8333 1474//8334
f 1474//8335 1415//8336 1414//8337
f 1415//8338 1474//8339 1475//8340
f 1475//8341 1416//8342 1415//8343
f 1416//8344 1475//8345 1476//8346
f 1476//8347 1417//8348 1416//8349
f 1418//8350 1477//8351 120//8352
f 1//8353 1478//8354 1419//8355
f 1419//8356 1478//8357 1479//8358
f 1479//8359 1420//8360 1419//8361
f 1420//8362 1479//8363 1480//8364
f 1480//8365 1421//8366 1420//8367
f 1421//8368 1480//8369 1481//8370
f 1481//8371 1422//8372 1421//8373
f 1422//8374 1481//8375 1482//8376
f 1482//8377 1423//8378 1422//8379
f 1423//8380 1482//8381 1483//8382
f 1483//8383 1424//8384 1423//8385
f 1424//8386 1483//8387 1484//8388
f 1484//8389 1425//8390 1424//8391
f 1425//8392 1484//8393 1485//8394
f 1485//8395 1426//8396 1425//8397
f 1426//8398 1485//8399 1486//8400
f 1486//8401 1427//8402 1426//8403
f 1427//8404 1486//8405 1487//8406
f 1487//8407 1428//8408 1427//8409
f 1428//8410 1487//8411 1488//8412
f 1488//8413 1429//8414 1428//8415
f 1429//8416 1488//8417 1489//8418
f 1489//8419 1430//8420 1429//8421
f 1430//8422 1489//8423 1490//8424
f 1490//8425 1431//8426 1430//8427
f 1431//8428 1490//8429 1491//8430
f 1491//8431 1432//8432 1431//8433
f 1432//8434 1491//8435 1492//8436
f 1492//8437 1433//8438 1432//8439
f 1433//8440 1492//8441 1493//8442
f 1493//8443 1434//8444 1433//8445
f 1434//8446 1493//8447 1494//8448
f 1494//8449 1435//8450 1434//8451
f 1435//8452 1494//8453 1495//8454
f 1495//8455 1436//8456 1435//8457
f 1436//8458 1495//8459 1496//8460
f 1496//8461 1437//8462 1436//8463
f 1437//8464 1496//8465 1497//8466
f 1497//8467 1438//8468 1437//8469
f 1438//8470 1497//8471 1498//8472
f 1498//8473 1439//8474 1438//8475
f 1439//8476 1498//8477 1499//8478
f 1499//8479 1440//8480 1439//8481
f 1440//8482 1499//8483 1500//8484
f 1500//8485 1441//8486 1440//8487
f 1441//8488 1500//8489 1501//8490
f 1501//8491 1442//8492 1441//8493
f 1442//8494 1501//8495 1502//8496
f 1502//8497 1443//8498 1442//8499
f 1443//8500 1502//8501 1503//8502
f 1503//8503 1444//8504 1443//8505
f 1444//8506 1503//8507 1504//8508
f 1504//8509 1445//8510 1444//8511
f 1445//8512 1504//8513 1505//8514
f 1505//8515 1446//8516 1445//8517
f 1446//8518 1505//8519 1506//8520
f 1506//8521 1447//8522 1446//8523
f 1447//8524 1506//8525 1507//8526
f 1507//8527 1448//8528 1447//8529
f 1448//8530 1507//8531 1508//8532
f 1508//8533 1449//8534 1448//8535
f 1449//8536 1508//8537 1509//8538
f 1509//8539 1450//8540 1449//8541
f 1450//8542 1509//8543 1510//8544
f 1510//8545 1451//8546 1450//8547
f 1451//8548 1510//8549 1511//8550
f 1511//8551 1452//8552 1451//8553
f 1452//8554 1511//8555 1512//8556
f 1512//8557 1453//8558 1452//8559
f 1453//8560 1512//8561 1513//8562
f 1513//8563 1454//8564 1453//8565
f 1454//8566 1513//8567 1514//8568
f 1514//8569 1455//8570 1454//8571
f 1455//8572 1514//8573 1515//8574
f 1515//8575 1456//8576 1455//8577
f 1456//8578 1515//8579 1516//8580
f 1516//8581 1457//8582 1456//8583
f 1457//8584 1516//8585 1517//8586
f 1517//8587 1458//8588 1457//8589
f 1458//8590 1517//8591 1518//8592
f 1518//8593 1459//8594 1458//8595
f 1459//8596 1518//8597 1519//8598
f 1519//8599 1460//8600 1459//8601
f 1460//8602 1519//8603 1520//8604
f 1520//8605 1461//8606 1460//8607
f 1461//8608 1520//8609 1521//8610
f 1521//8611 1462//8612 1461//8613
f 1462//8614 1521//8615 1522//8616
f 1522//8617 1463//8618 1462//8619
f 1463//8620 1522//8621 1523//8622
f 1523//8623 1464//8624 1463//8625
f 1464//8626 1523//8627 1524//8628
f 1524//8629 1465//8630 1464//8631
f 1465//8632 1524//8633 1525//8634
f 1525//8635 1466//8636 1465//8637
f 1466//8638 1525//8639 1526//8640
f 1526//8641 1467//8642 1466//8643
f 1467//8644 1526//8645 1527//8646
f 1527//8647 1468//8648 1467//8649
f 1468//8650 1527//8651 1528//8652
f 1528//8653 1469//8654 1468//8655
f 1469//8656 1528//8657 1529//8658
f 1529//8659 1470//8660 1469//8661
f 1470//8662 1529//8663 1530//8664
f 1530//8665 1471//8666 1470//8667
f 1471//8668 1530//8669 1531//8670
f 1531//8671 1472//8672 1471//8673
f 1472//8674 1531//8675 1532//8676
f 1532//8677 1473//8678 1472//8679
f 1473//8680 1532//8681 1533//8682
f 1533//8683 1474//8684 1473//8685
f 1474//8686 1533//8687 1534//8688
f 1534//8689 1475//8690 1474//8691
f 1475//8692 1534//8693 1535//8694
f 1535//8695 1476//8696 1475//8697
f 1477//8698 1536//8699 120//8700
f 1//8701 1537//8702 1478//8703
f 1478//8704 1537//8705 1538//8706
f 1538//8707 1479//8708 1478//8709
f 1479//8710 1538//8711 1539//8712
f 1539//8713 1480//8714 1479//8715
f 1480//8716 1539//8717 1540//8718
f 1540//8719 1481//8720 1480//8721
f 1481//8722 1540//8723 1541//8724
f 1541//8725 1482//8726 1481//8727
f 1482//8728 1541//8729 1542//8730
f 1542//8731 1483//8732 1482//8733
f 1483//8734 1542//8735 1543//8736
f 1543//8737 1484//8738 1483//8739
f 1484//8740 1543//8741 1544//8742
f 1544//8743 1485//8744 1484//8745
f 1485//8746 1544//8747 1545//8748
f 1545//8749 1486//8750 1485//8751
f 1486//8752 1545//8753 1546//8754
f 1546//8755 1487//8756 1486//8757
f 1487//8758 1546//8759 1547//8760
f 1547//8761 1488//8762 1487//8763
f 1488//8764 1547//8765 1548//8766
f 1548//8767 1489//8768 1488//8769
f 1489//8770 1548//8771 1549//8772
f 1549//8773 1490//8774 1489//8775
f 1490//8776 1549//8777 1550//8778
f 1550//8779 1491//8780 1490//8781
f 1491//8782 1550//8783 1551//8784
f 1551//8785 1492//8786 1491//8787
f 1492//8788 1551//8789 1552//8790
f 1552//8791 1493//8792 1492//8793
f 1493//8794 1552//8795 1553//8796
f 1553//8797 1494//8798 1493//8799
f 1494//8800 1553//8801 1554//8802
f 1554//8803 1495//8804 1494//8805
f 1495//8806 1554//8807 1555//8808
f 1555//8809 1496//8810 1495//8811
f 1496//8812 1555//8813 1556//8814
f 1556//8815 1497//8816 1496//8817
f 1497//8818 1556//8819 1557//8820
f 1557//8821 1498//8822 1497//8823
f 1498//8824 1557//8825 1558//8826
f 1558//8827 1499//8828 1498//8829
f 1499//8830 1558//8831 1559//8832
f 1559//8833 1500//8834 1499//8835
f 1500//8836 1559//8837 1560//8838
f 1560//8839 1501//8840 1500//8841
f 1501//8842 1560//8843 1561//8844
f 1561//8845 1502//8846 1501//8847
f 1502//8848 1561//8849 1562//8850
f 1562//8851 1503//8852 1502//8853
f 1503//8854 1562//8855 1563//8856
f 1563//8857 1504//8858 1503//8859
f 1504//8860 1563//8861 1564//8862
f 1564//8863 1505//8864 1504//8865
f 1505//8866 1564//8867 1565//8868
f 1565//8869 1506//8870 1505//8871
f 1506//8872 1565//8873 1566//8874
f 1566//8875 1507//8876 1506//8877
f 1507//8878 1566//8879 1567//8880
f 1567//8881 1508//8882 1507//8883
f 1508//8884 1567//8885 1568//8886
f 1568//8887 1509//8888 1508//8889
f 1509//8890 1568//8891 1569//8892
f 1569//8893 1510//8894 1509//8895
f 1510//8896 1569//8897 1570//8898
f 1570//8899 1511//8900 1510//8901
f 1511//8902 1570//8903 1571//8904
f 1571//8905 1512//8906 1511//8907
f 1512//8908 1571//8909 1572//8910
f 1572//8911 1513//8912 1512//8913
f 1513//8914 1572//8915 1573//8916
f 1573//8917 1514//8918 1513//8919
f 1514//8920 1573//8921 1574//8922
f 1574//8923 1515//8924 1514//8925
f 1515//8926 1574//8927 1575//8928
f 1575//8929 1516//8930 1515//8931
f 1516//8932 1575//8933 1576//8934
f 1576//8935 1517//8936 1516//8937
f 1517//8938 1576//8939 1577//8940
f 1577//8941 1518//8942 1517//8943
f 1518//8944 1577//8945 1578//8946
f 1578//8947 1519//8948 1518//8949
f 1519//8950 1578//8951 1579//8952
f 1579//8953 1520//8954 1519//8955
f 1520//8956 1579//8957 1580//8958
f 1580//8959 1521//8960 1520//8961
f 1521//8962 1580//8963 1581//8964
f 1581//8965 1522//8966 1521//8967
f 1522//8968 1581//8969 1582//8970
f 1582//8971 1523//8972 1522//8973
f 1523//8974 1582//8975 1583//8976
f 1583//8977 1524//8978 1523//8979
f 1524//8980 1583//8981 1584//8982
f 1584//8983 1525//8984 1524//8985
f 1525//8986 1584//8987 1585//8988
f 1585//8989 1526//8990 1525//8991
f 1526//8992 1585//8993 1586//8994
f 1586//8995 1527//8996 1526//8997
f 1527//8998 1586//8999 1587//9000
f 1587//9001 1528//9002 1527//9003
f 1528//9004 1587//9005 1588//9006
f 1588//9007 1529//9008 1528//9009
f 1529//9010 1588//9011 1589//9012
f 1589//9013 1530//9014 1529//9015
f 1530//9016 1589//9017 1590//9018
f 1590//9019 1531//9020 1530//9021
f 1531//9022 1590//9023 1591//9024
f 1591//9025 1532//9026 1531//9027
f 1532//9028 1591//9029 1592//9030
f 1592//9031 1533//9032 1532//9033
f 1533//9034 1592//9035 1593//9036
f 1593//9037 1534//9038 1533//9039
f 1534//9040 1593//9041 1594//9042
f 1594//9043 1535//9044 1534//9045
f 1536//9046 1595//9047 120//9048
f 1//9049 1596//9050 1537//9051
f 1537//9052 1596//9053 1597//9054
f 1597//9055 1538//9056 1537//9057
f 1538//9058 1597//9059 1598//9060
f 1598//9061 1539//9062 1538//9063
f 1539//9064 1598//9065 1599//9066
f 1599//9067 1540//9068 1539//9069
f 1540//9070 1599//9071 1600//9072
f 1600//9073 1541//9074 1540//9075
f 1541//9076 1600//9077 1601//9078
f 1601//9079 1542//9080 1541//9081
f 1542//9082 1601//9083 1602//9084
f 1602//9085 1543//9086 1542//9087
f 1543//9088 1602//9089 1603//9090
f 1603//9091 1544//9092 1543//9093
f 1544//9094 1603//9095 1604//9096
f 1604//9097 1545//9098 1544//9099
f 1545//9100 1604//9101 1605//9102
f 1605//9103 1546//9104 1545//9105
f 1546//9106 1605//9107 1606//9108
f 1606//9109 1547//9110 1546//9111
f 1547//9112 1606//9113 1607//9114
f 1607//9115 1548//9116 1547//9117
f 1548//9118 1607//9119 1608//9120
f 1608//9121 1549//9122 1548//9123
f 1549//9124 1608//9125 1609//9126
f 1609//9127 1550//9128 1549//9129
f 1550//9130 1609//9131 1610//9132
f 1610//9133 1551//9134 1550//9135
f 1551//9136 1610//9137 1611//9138
f 1611//9139 1552//9140 1551//9141
f 1552//9142 1611//9143 1612//9144
f 1612//9145 1553//9146 1552//9147
f 1553//9148 1612//9149 1613//9150
f 1613//9151 1554//9152 1553//9153
f 1554//9154 1613//9155 1614//9156
f 1614//9157 1555//9158 1554//9159
f 1555//9160 1614//9161 1615//9162
f 1615//9163 1556//9164 1555//9165
f 1556//9166 1615//9167 1616//9168
f 1616//9169 1557//9170 1556//9171
f 1557//9172 1616//9173 1617//9174
f 1617//9175 1558//9176 1557//9177
f 1558//9178 1617//9179 1618//9180
f 1618//9181 1559//9182 1558//9183
f 1559//9184 1618//9185 1619//9186
f 1619//9187 1560//9188 1559//9189
f 1560//9190 1619//9191 1620//9192
f 1620//9193 1561//9194 1560//9195
f 1561//9196 1620//9197 1621//9198
f 1621//9199 1562//9200 1561//9201
f 1562//9202 1621//9203 1622//9204
f 1622//9205 1563//9206 1562//9207
f 1563//9208 1622//9209 1623//9210
f 1623//9211 1564//9212 1563//9213
f 1564//9214 1623//9215 1624//9216
f 1624//9217 1565//9218 1564//9219
f 1565//9220 1624//9221 1625//9222
f 1625//9223 1566//9224 1565//9225
f 1566//9226 1625//9227 1626//9228
f 1626//9229 1567//9230 1566//9231
f 1567//9232 1626//9233 1627//9234
f 1627//9235 1568//9236 1567//9237
f 1568//9238 1627//9239 1628//9240
f 1628//9241 1569//9242 1568//9243
f 1569//9244 1628//9245 1629//9246
f 1629//9247 1570//9248 1569//9249
f 1570//9250 1629//9251 1630//9252
f 1630//9253 1571//9254 1570//9255
f 1571//9256 1630//9257 1631//9258
f 1631//9259 1572//9260 1571//9261
f 1572//9262 1631//9263 1632//9264
f 1632//9265 1573//9266 1572//9267
f 1573//9268 1632//9269 1633//9270
f 1633//9271 1574//9272 1573//9273
f 1574//9274 1633//9275 1634//9276
f 1634//9277 1575//9278 1574//9279
f 1575//9280 1634//9281 1635//9282
f 1635//9283 1576//9284 1575//9285
f 1576//9286 1635//9287 1636//9288
f 1636//9289 1577//9290 1576//9291
f 1577//9292 1636//9293 1637//9294
f 1637//9295 1578//9296 1577//9297
f 1578//9298 1637//9299 1638//9300
f 1638//9301 1579//9302 1578//9303
f 1579//9304 1638//9305 1639//9306
f 1639//9307 1580//9308 1579//9309
f 1580//9310 1639//9311 1640//9312
f 1640//9313 1581//9314 1580//9315
f 1581//9316 1640//9317 1641//9318
f 1641//9319 1582//9320 1581//9321
f 1582//9322 1641//9323 1642//9324
f 1642//9325 1583//9326 1582//9327
f 1583//9328 1642//9329 1643//9330
f 1643//9331 1584//9332 1583//9333
f 1584//9334 1643//9335 1644//9336
f 1644//9337 1585//9338 1584//9339
f 1585//9340 1644//9341 1645//9342
f 1645//9343 1586//9344 1585//9345
f 1586//9346 1645//9347 1646//9348
f 1646//9349 1587//9350 1586//9351
f 1587//9352 1646//9353 1647//9354
f 1647//9355 1588//9356 1587//9357
f 1588//9358 1647//9359 1648//9360
f 1648//9361 1589//9362 1588//9363
f 1589//9364 1648//9365 1649//9366
f 1649//9367 1590//9368 1589//9369
f 1590//9370 1649//9371 1650//9372
f 1650//9373 1591//9374 1590//9375
f 1591//9376 1650//9377 1651//9378
f 1651//9379 1592//9380 1591//9381
f 1592//9382 1651//9383 1652//9384
f 1652//9385 1593//9386 1592//9387
f 1593//9388 1652//9389 1653//9390
f 1653//9391 1594//9392 1593//9393
f 1595//9394 1654//9395 120//9396
f 1//9397 1655//9398 1596//9399
f 1596//9400 1655//9401 1656//9402
f 1656//9403 1597//9404 1596//9405
f 1597//9406 1656//9407 1657//9408
f 1657//9409 1598//9410 1597//9411
f 1598//9412 1657//9413 1658//9414
f 1658//9415 1599//9416 1598//9417
f 1599//9418 1658//9419 1659//9420
f 1659//9421 1600//9422 1599//9423
f 1600//9424 1659//9425 1660//9426
f 1660//9427 1601//9428 1600//9429
f 1601//9430 1660//9431 1661//9432
f 1661//9433 1602//9434 1601//9435
f 1602//9436 1661//9437 1662//9438
f 1662//9439 1603//9440 1602//9441
f 1603//9442 1662//9443 1663//9444
f 1663//9445 1604//9446 1603//9447
f 1604//9448 1663//9449 1664//9450
f 1664//9451 1605//9452 1604//9453
f 1605//9454 1664//9455 1665//9456
f 1665//9457 1606//9458 1605//9459
f 1606//9460 1665//9461 1666//9462
f 1666//9463 1607//9464 1606//9465
f 1607//9466 1666//9467 1667//9468
f 1667//9469 1608//9470 1607//9471
f 1608//9472 1667//9473 1668//9474
f 1668//9475 1609//9476 1608//9477
f 1609//9478 1668//9479 1669//9480
f 1669//9481 1610//9482 1609//9483
f 1610//9484 1669//9485 1670//9486
f 1670//9487 1611//9488 1610//9489
f 1611//9490 1670//9491 1671//9492
f 1671//9493 1612//9494 1611//9495
f 1612//9496 1671//9497 1672//9498
f 1672//9499 1613//9500 1612//9501
f 1613//9502 1672//9503 1673//9504
f 1673//9505 1614//9506 1613//9507
f 1614//9508 1673//9509 1674//9510
f 1674//9511 1615//9512 1614//9513
f 1615//9514 1674//9515 1675//9516
f 1675//9517 1616//9518 1615//9519
f 1616//9520 1675//9521 1676//9522
f 1676//9523 1617//9524 1616//9525
f 1617//9526 1676//9527 1677//9528
f 1677//9529 1618//9530 1617//9531
f 1618//9532 1677//9533 1678//9534
f 1678//9535 1619//9536 1618//9537
f 1619//9538 1678//9539 1679//9540
f 1679//9541 1620//9542 1619//9543
f 1620//9544 1679//9545 1680//9546
f 1680//9547 1621//9548 1620//9549
f 1621//9550 1680//9551 1681//9552
f 1681//9553 1622//9554 1621//9555
f 1622//9556 1681//9557 1682//9558
f 1682//9559 1623//9560 1622//9561
f 1623//9562 1682//9563 1683//9564
f 1683//9565 1624//9566 1623//9567
f 1624//9568 1683//9569 1684//9570
f 1684//9571 1625//9572 1624//9573
f 1625//9574 1684//9575 1685//9576
f 1685//9577 1626//9578 1625//9579
f 1626//9580 1685//9581 1686//9582
f 1686//9583 1627//9584 1626//9585
f 1627//9586 1686//9587 1687//9588
f 1687//9589 1628//9590 1627//9591
f 1628//9592 1687//9593 1688//9594
f 1688//9595 1629//9596 1628//9597
f 1629//9598 1688//9599 1689//9600
f 1689//9601 1630//9602 1629//9603
f 1630//9604 1689//9605 1690//9606
f 1690//9607 1631//9608 1630//9609
f 1631//9610 1690//9611 1691//9612
f 1691//9613 1632//9614 1631//9615
f 1632//9616 1691//9617 1692//9618
f 1692//9619 1633//9620 1632//9621
f 1633//9622 1692//9623 1693//9624
f 1693//9625 1634//9626 1633//9627
f 1634//9628 1693//9629 1694//9630
f 1694//9631 1635//9632 1634//9633
f 1635//9634 1694//9635 1695//9636
f 1695//9637 1636//9638 1635//9639
f 1636//9640 1695//9641 1696//9642
f 1696//9643 1637//9644 1636//9645
f 1637//9646 1696//9647 1697//9648
f 1697//9649 1638//9650 1637//9651
f 1638//9652 1697//9653 1698//9654
f 1698//9655 1639//9656 1638//9657
f 1639//9658 1698//9659 1699//9660
f 1699//9661 1640//9662 1639//9663
f 1640//9664 1699//9665 1700//9666
f 1700//9667 1641//9668 1640//9669
f 1641//9670 1700//9671 1701//9672
f 1701//9673 1642//9674 1641//9675
f 1642//9676 1701//9677 1702//9678
f 1702//9679 1643//9680 1642//9681
f 1643//9682 1702//9683 1703//9684
f 1703//9685 1644//9686 1643//9687
f 1644//9688 1703//9689 1704//9690
f 1704//9691 1645//9692 1644//9693
f 1645//9694 1704//9695 1705//9696
f 1705//9697 1646//9698 1645//9699
f 1646//9700 1705//9701 1706//9702
f 1706//9703 1647//9704 1646//9705
f 1647//9706 1706//9707 1707//9708
f 1707//9709 1648//9710 1647//9711
f 1648//9712 1707//9713 1708//9714
f 1708//9715 1649//9716 1648//9717
f 1649//9718 1708//9719 1709//9720
f 1709//9721 1650//9722 1649//9723
f 1650//9724 1709//9725 1710//9726
f 1710//9727 1651//9728 1650//9729
f 1651//9730 1710//9731 1711//9732
f 1711//9733 1652//9734 1651//9735
f 1652//9736 1711//9737 1712//9738
f 1712//9739 1653//9740 1652//9741
f 1654//9742 1713//9743 120//9744
f 1//9745 1714//9746 1655//9747
f 1655//9748 1714//9749 1715//9750
f 1715//9751 1656//9752 1655//9753
f 1656//9754 1715//9755 1716//9756
f 1716//9757 1657//9758 1656//9759
f 1657//9760 1716//9761 1717//9762
f 1717//9763 1658//9764 1657//9765
f 1658//9766 1717//9767 1718//9768
f 1718//9769 1659//9770 1658//9771
f 1659//9772 1718//9773 1719//9774
f 1719//9775 1660//9776 1659//9777
f 1660//9778 1719//9779 1720//9780
f 1720//9781 1661//9782 1660//9783
f 1661//9784 1720//9785 1721//9786
f 1721//9787 1662//9788 1661//9789
f 1662//9790 1721//9791 1722//9792
f 1722//9793 1663//9794 1662//9795
f 1663//9796 1722//9797 1723//9798
f 1723//9799 1664//9800 1663//9801
f 1664//9802 1723//9803 1724//9804
f 1724//9805 1665//9806 1664//9807
f 1665//9808 1724//9809 1725//9810
f 1725//9811 1666//9812 1665//9813
f 1666//9814 1725//9815 1726//9816
f 1726//9817 1667//9818 1666//9819
f 1667//9820 1726//9821 1727//9822
f 1727//9823 1668//9824 1667//9825
f 1668//9826 1727//9827 1728//9828
f 1728//9829 1669//9830 1668//9831
f 1669//9832 1728//9833 1729//9834
f 1729//9835 1670//9836 1669//9837
f 1670//9838 1729//9839 1730//9840
f 1730//9841 1671//9842 1670//9843
f 1671//9844 1730//9845 1731//9846
f 1731//9847 1672//9848 1671//9849
f 1672//9850 1731//9851 1732//9852
f 1732//9853 1673//9854 1672//9855
f 1673//9856 1732//9857 1733//9858
f 1733//9859 1674//9860 1673//9861
f 1674//9862 1733//9863 1734//9864
f 1734//9865 1675//9866 1674//9867
f 1675//9868 1734//9869 1735//9870
f 1735//9871 1676//9872 1675//9873
f 1676//9874 1735//9875 1736//9876
f 1736//9877 1677//9878 1676//9879
f 1677//9880 1736//9881 1737//9882
f 1737//9883 1678//9884 1677//9885
f 1678//9886 1737//9887 1738//9888
f 1738//9889 1679//9890 1678//9891
f 1679//9892 1738//9893 1739//9894
f 1739//9895 1680//9896 1679//9897
f 1680//9898 1739//9899 1740//9900
f 1740//9901 1681//9902 1680//9903
f 1681//9904 1740//9905 1741//9906
f 1741//9907 1682//9908 1681//9909
f 1682//9910 1741//9911 1742//9912
f 1742//9913 1683//9914 1682//9915
f 1683//9916 1742//9917 1743//9918
f 1743//9919 1684//9920 1683//9921
f 1684//9922 1743//9923 1744//9924
f 1744//9925 1685//9926 1684//9927
f 1685//9928 1744//9929 1745//9930
f 1745//9931 1686//9932 1685//9933
f 1686//9934 1745//9935 1746//9936
f 1746//9937 1687//9938 1686//9939
f 1687//9940 1746//9941 1747//9942
f 1747//9943 1688//9944 1687//9945
f 1688//9946 1747//9947 1748//9948
f 1748//9949 1689//9950 1688//9951
f 1689//9952 1748//9953 1749//9954
f 1749//9955 1690//9956 1689//9957
f 1690//9958 1749//9959 1750//9960
f 1750//9961 1691//9962 1690//9963
f 1691//9964 1750//9965 1751//9966
f 1751//9967 1692//9968 1691//9969
f 1692//9970 1751//9971 1752//9972
f 1752//9973 1693//9974 1692//9975
f 1693//9976 1752//9977 1753//9978
f 1753//9979 1694//9980 1693//9981
f 1694//9982 1753//9983 1754//9984
f 1754//9985 1695//9986 1694//9987
f 1695//9988 1754//9989 1755//9990
f 1755//9991 1696//9992 1695//9993
f 1696//9994 1755//9995 1756//9996
f 1756//9997 1697//9998 1696//9999
f 1697//10000 1756//10001 1757//10002
f 1757//10003 1698//10004 1697//10005
f 1698//10006 1757//10007 1758//10008
f 1758//10009 1699//10010 1698//10011
f 1699//10012 1758//10013 1759//10014
f 1759//10015 1700//10016 1699//10017
f 1700//10018 1759//10019 1760//10020
f 1760//10021 1701//10022 1700//10023
f 1701//10024 1760//10025 1761//10026
f 1761//10027 1702//10028 1701//10029
f 1702//10030 1761//10031 1762//10032
f 1762//10033 1703//10034 1702//10035
f 1703//10036 1762//10037 1763//10038
f 1763//10039 1704//10040 1703//10041
f 1704//10042 1763//10043 1764//10044
f 1764//10045 1705//10046 1704//10047
f 1705//10048 1764//10049 1765//10050
f 1765//10051 1706//10052 1705//10053
f 1706//10054 1765//10055 1766//10056
f 1766//10057 1707//10058 1706//10059
f 1707//10060 1766//10061 1767//10062
f 1767//10063 1708//10064 1707//10065
f 1708//10066 1767//10067 1768//10068
f 1768//10069 1709//10070 1708//10071
f 1709//10072 1768//10073 1769//10074
f 1769//10075 1710//10076 1709//10077
f 1710//10078 1769//10079 1770//10080
f 1770//10081 1711//10082 1710//10083
f 1711//10084 1770//10085 1771//10086
f 1771//10087 1712//10088 1711//10089
f 1713//10090 1772//10091 120//10092
f 1//10093 1773//10094 1714//10095
f 1714//10096 1773//10097 1774//10098
f 1774//10099 1715//10100 1714//10101
f 1715//10102 1774//10103 1775//10104
f 1775//10105 1716//10106 1715//10107
f 1716//10108 1775//10109 1776//10110
f 1776//10111 1717//10112 1716//10113
f 1717//10114 1776//10115 1777//10116
f 1777//10117 1718//10118 1717//10119
f 1718//10120 1777//10121 1778//10122
f 1778//10123 1719//10124 1718//10125
f 1719//10126 1778//10127 1779//10128
f 1779//10129 1720//10130 1719//10131
f 1720//10132 1779//10133 1780//10134
f 1780//10135 1721//10136 1720//10137
f 1721//10138 1780//10139 1781//10140
f 1781//10141 1722//10142 1721//10143
f 1722//10144 1781//10145 1782//10146
f 1782//10147 1723//10148 1722//10149
f 1723//10150 1782//10151 1783//10152
f 1783//10153 1724//10154 1723//10155
f 1724//10156 1783//10157 1784//10158
f 1784//10159 1725//10160 1724//10161
f 1725//10162 1784//10163 1785//10164
f 1785//10165 1726//10166 1725//10167
f 1726//10168 1785//10169 1786//10170
f 1786//10171 1727//10172 1726//10173
f 1727//10174 1786//10175 1787//10176
f 1787//10177 1728//10178 1727//10179
f 1728//10180 1787//10181 1788//10182
f 1788//10183 1729//10184 1728//10185
f 1729//10186 1788//10187 1789//10188
f 1789//10189 1730//10190 1729//10191
f 1730//10192 1789//10193 1790//10194
f 1790//10195 1731//10196 1730//10197
f 1731//10198 1790//10199 1791//10200
f 1791//10201 1732//10202 1731//10203
f 1732//10204 1791//10205 1792//10206
f 1792//10207 1733//10208 1732//10209
f 1733//10210 1792//10211 1793//10212
f 1793//10213 1734//10214 1733//10215
f 1734//10216 1793//10217 1794//10218
f 1794//10219 1735//10220 1734//10221
f 1735//10222 1794//10223 1795//10224
f 1795//10225 1736//10226 1735//10227
f 1736//10228 1795//10229 1796//10230
f 1796//10231 1737//10232 1736//10233
f 1737//10234 1796//10235 1797//10236
f 1797//10237 1738//10238 1737//10239
f 1738//10240 1797//10241 1798//10242
f 1798//10243 1739//10244 1738//10245
f 1739//10246 1798//10247 1799//10248
f 1799//10249 1740//10250 1739//10251
f 1740//10252 1799//10253 1800//10254
f 1800//10255 1741//10256 1740//10257
f 1741//10258 1800//10259 1801//10260
f 1801//10261 1742//10262 1741//10263
f 1742//10264 1801//10265 1802//10266
f 1802//10267 1743//10268 1742//10269
f 1743//10270 1802//10271 1803//10272
f 1803//10273 1744//10274 1743//10275
f 1744//10276 1803//10277 1804//10278
f 1804//10279 1745//10280 1744//10281
f 1745//10282 1804//10283 1805//10284
f 1805//10285 1746//10286 1745//10287
f 1746//10288 1805//10289 1806//10290
f 1806//10291 1747//10292 1746//10293
f 1747//10294 1806//10295 1807//10296
f 1807//10297 1748//10298 1747//10299
f 1748//10300 1807//10301 1808//10302
f 1808//10303 1749//10304 1748//10305
f 1749//10306 1808//10307 1809//10308
f 1809//10309 1750//10310 1749//10311
f 1750//10312 1809//10313 1810//10314
f 1810//10315 1751//10316 1750//10317
f 1751//10318 1810//10319 1811//10320
f 1811//10321 1752//10322 1751//10323
f 1752//10324 1811//10325 1812//10326
f 1812//10327 1753//10328 1752//10329
f 1753//10330 1812//10331 1813//10332
f 1813//10333 1754//10334 1753//10335
f 1754//10336 1813//10337 1814//10338
f 1814//10339 1755//10340 1754//10341
f 1755//10342 1814//10343 1815//10344
f 1815//10345 1756//10346 1755//10347
f 1756//10348 1815//10349 1816//10350
f 1816//10351 1757//10352 1756//10353
f 1757//10354 1816//10355 1817//10356
f 1817//10357 1758//10358 1757//10359
f 1758//10360 1817//10361 1818//10362
f 1818//10363 1759//10364 1758//10365
f 1759//10366 1818//10367 1819//10368
f 1819//10369 1760//10370 1759//10371
f 1760//10372 1819//10373 1820//10374
f 1820//10375 1761//10376 1760//10377
f 1761//10378 1820//10379 1821//10380
f 1821//10381 1762//10382 1761//10383
f 1762//10384 1821//10385 1822//10386
f 1822//10387 1763//10388 1762//10389
f 1763//10390 1822//10391 1823//10392
f 1823//10393 1764//10394 1763//10395
f 1764//10396 1823//10397 1824//10398
f 1824//10399 1765//10400 1764//10401
f 1765//10402 1824//10403 1825//10404
f 1825//10405 1766//10406 1765//10407
f 1766//10408 1825//10409 1826//10410
f 1826//10411 1767//10412 1766//10413
f 1767//10414 1826//10415 1827//10416
f 1827//10417 1768//10418 1767//10419
f 1768//10420 1827//10421 1828//10422
f 1828//10423 1769//10424 1768//10425
f 1769//10426 1828//10427 1829//10428
f 1829//10429 1770//10430 1769//10431
f 1770//10432 1829//10433 1830//10434
f 1830//10435 1771//10436 1770//10437
f 1772//10438 1831//10439 120//10440
f 1//10441 1832//10442 1773//10443
f 1773//10444 1832//10445 1833//10446
f 1833//10447 1774//10448 1773//10449
f 1774//10450 1833//10451 1834//10452
f 1834//10453 1775//10454 1774//10455
f 1775//10456 1834//10457 1835//10458
f 1835//10459 1776//10460 1775//10461
f 1776//10462 1835//10463 1836//10464
f 1836//10465 1777//10466 1776//10467
f 1777//10468 1836//10469 1837//10470
f 1837//10471 1778//10472 1777//10473
f 1778//10474 1837//10475 1838//10476
f 1838//10477 1779//10478 1778//10479
f 1779//10480 1838//10481 1839//10482
f 1839//10483 1780//10484 1779//10485
f 1780//10486 1839//10487 1840//10488
f 1840//10489 1781//10490 1780//10491
f 1781//10492 1840//10493 1841//10494
f 1841//10495 1782//10496 1781//10497
f 1782//10498 1841//10499 1842//10500
f 1842//10501 1783//10502 1782//10503
f 1783//10504 1842//10505 1843//10506
f 1843//10507 1784//10508 1783//10509
f 1784//10510 1843//10511 1844//10512
f 1844//10513 1785//10514 1784//10515
f 1785//10516 1844//10517 1845//10518
f 1845//10519 1786//10520 1785//10521
f 1786//10522 1845//10523 1846//10524
f 1846//10525 1787//10526 1786//10527
f 1787//10528 1846//10529 1847//10530
f 1847//10531 1788//10532 1787//10533
f 1788//10534 1847//10535 1848//10536
f 1848//10537 1789//10538 1788//10539
f 1789//10540 1848//10541 1849//10542
f 1849//10543 1790//10544 1789//10545
f 1790//10546 1849//10547 1850//10548
f 1850//10549 1791//10550 1790//10551
f 1791//10552 1850//10553 1851//10554
f 1851//10555 1792//10556 1791//10557
f 1792//10558 1851//10559 1852//10560
f 1852//10561 1793//10562 1792//10563
f 1793//10564 1852//10565 1853//10566
f 1853//10567 1794//10568 1793//10569
f 1794//10570 1853//10571 1854//10572
f 1854//10573 1795//10574 1794//10575
f 1795//10576 1854//10577 1855//10578
f 1855//10579 1796//10580 1795//10581
f 1796//10582 1855//10583 1856//10584
f 1856//10585 1797//10586 1796//10587
f 1797//10588 1856//10589 1857//10590
f 1857//10591 1798//10592 1797//10593
f 1798//10594 1857//10595 1858//10596
f 1858//10597 1799//10598 1798//10599
f 1799//10600 1858//10601 1859//10602
f 1859//10603 1800//10604 1799//10605
f 1800//10606 1859//10607 1860//10608
f 1860//10609 1801//10610 1800//10611
f 1801//10612 1860//10613 1861//10614
f 1861//10615 1802//10616 1801//10617
f 1802//10618 1861//10619 1862//10620
f 1862//10621 1803//10622 1802//10623
f 1803//10624 1862//10625 1863//10626
f 1863//10627 1804//10628 1803//10629
f 1804//10630 1863//10631 1864//10632
f 1864//10633 1805//10634 1804//10635
f 1805//10636 1864//10637 1865//10638
f 1865//10639 1806//10640 1805//10641
f 1806//10642 1865//10643 1866//10644
f 1866//10645 1807//10646 1806//10647
f 1807//10648 1866//10649 1867//10650
f 1867//10651 1808//10652 1807//10653
f 1808//10654 1867//10655 1868//10656
f 1868//10657 1809//10658 1808//10659
f 1809//10660 1868//10661 1869//10662
f 1869//10663 1810//10664 1809//10665
f 1810//10666 1869//10667 1870//10668
f 1870//10669 1811//10670 1810//10671
f 1811//10672 1870//10673 1871//10674
f 1871//10675 1812//10676 1811//10677
f 1812//10678 1871//10679 1872//10680
f 1872//10681 1813//10682 1812//10683
f 1813//10684 1872//10685 1873//10686
f 1873//10687 1814//10688 1813//10689
f 1814//10690 1873//10691 1874//10692
f 1874//10693 1815//10694 1814//10695
f 1815//10696 1874//10697 1875//10698
f 1875//10699 1816//10700 1815//10701
f 1816//10702 1875//10703 1876//10704
f 1876//10705 1817//10706 1816//10707
f 1817//10708 1876//10709 1877//10710
f 1877//10711 1818//10712 1817//10713
f 1818//10714 1877//10715 1878//10716
f 1878//10717 1819//10718 1818//10719
f 1819//10720 1878//10721 1879//10722
f 1879//10723 1820//10724 1819//10725
f 1820//10726 1879//10727 1880//10728
f 1880//10729 1821//10730 1820//10731
f 1821//10732 1880//10733 1881//10734
f 1881//10735 1822//10736 1821//10737
f 1822//10738 1881//10739 1882//10740
f 1882//10741 1823//10742 1822//10743
f 1823//10744 1882//10745 1883//10746
f 1883//10747 1824//10748 1823//10749
f 1824//10750 1883//10751 1884//10752
f 1884//10753 1825//10754 1824//10755
f 1825//10756 1884//10757 1885//10758
f 1885//10759 1826//10760 1825//10761
f 1826//10762 1885//10763 1886//10764
f 1886//10765 1827//10766 1826//10767
f 1827//10768 1886//10769 1887//10770
f 1887//10771 1828//10772 1827//10773
f 1828//10774 1887//10775 1888//10776
f 1888//10777 1829//10778 1828//10779
f 1829//10780 1888//10781 1889//10782
f 1889//10783 1830//10784 1829//10785
f 1831//10786 1890//10787 120//10788
f 1//10789 1891//10790 1832//10791
f 1832//10792 1891//10793 1892//10794
f 1892//10795 1833//10796 1832//10797
f 1833//10798 1892//10799 1893//10800
f 1893//10801 1834//10802 1833//10803
f 1834//10804 1893//10805 1894//10806
f 1894//10807 1835//10808 1834//10809
f 1835//10810 1894//10811 1895//10812
f 1895//10813 1836//10814 1835//10815
f 1836//10816 1895//10817 1896//10818
f 1896//10819 1837//10820 1836//10821
f 1837//10822 1896//10823 1897//10824
f 1897//10825 1838//10826 1837//10827
f 1838//10828 1897//10829 1898//10830
f 1898//10831 1839//10832 1838//10833
f 1839//10834 1898//10835 1899//10836
f 1899//10837 1840//10838 1839//10839
f 1840//10840 1899//10841 1900//10842
f 1900//10843 1841//10844 1840//10845
f 1841//10846 1900//10847 1901//10848
f 1901//10849 1842//10850 1841//10851
f 1842//10852 1901//10853 1902//10854
f 1902//10855 1843//10856 1842//10857
f 1843//10858 1902//10859 1903//10860
f 1903//10861 1844//10862 1843//10863
f 1844//10864 1903//10865 1904//10866
f 1904//10867 1845//10868 1844//10869
f 1845//10870 1904//10871 1905//10872
f 1905//10873 1846//10874 1845//10875
f 1846//10876 1905//10877 1906//10878
f 1906//10879 1847//10880 1846//10881
f 1847//10882 1906//10883 1907//10884
f 1907//10885 1848//10886 1847//10887
f 1848//10888 1907//10889 1908//10890
f 1908//10891 1849//10892 1848//10893
f 1849//10894 1908//10895 1909//10896
f 1909//10897 1850//10898 1849//10899
f 1850//10900 1909//10901 1910//10902
f 1910//10903 1851//10904 1850//10905
f 1851//10906 1910//10907 1911//10908
f 1911//10909 1852//10910 1851//10911
f 1852//10912 1911//10913 1912//10914
f 1912//10915 1853//10916 1852//10917
f 1853//10918 1912//10919 1913//10920
f 1913//10921 1854//10922 1853//10923
f 1854//10924 1913//10925 1914//10926
f 1914//10927 1855//10928 1854//10929
f 1855//10930 1914//10931 1915//10932
f 1915//10933 1856//10934 1855//10935
f 1856//10936 1915//10937 1916//10938
f 1916//10939 1857//10940 1856//10941
f 1857//10942 1916//10943 1917//10944
f 1917//10945 1858//10946 1857//10947
f 1858//10948 1917//10949 1918//10950
f 1918//10951 1859//10952 1858//10953
f 1859//10954 1918//10955 1919//10956
f 1919//10957 1860//10958 1859//10959
f 1860//10960 1919//10961 1920//10962
f 1920//10963 1861//10964 1860//10965
f 1861//10966 1920//10967 1921//10968
f 1921//10969 1862//10970 1861//10971
f 1862//10972 1921//10973 1922//10974
f 1922//10975 1863//10976 1862//10977
f 1863//10978 1922//10979 1923//10980
f 1923//10981 1864//10982 1863//10983
f 1864//10984 1923//10985 1924//10986
f 1924//10987 1865//10988 1864//10989
f 1865//10990 1924//10991 1925//10992
f 1925//10993 1866//10994 1865//10995
f 1866//10996 1925//10997 1926//10998
f 1926//10999 1867//11000 1866//11001
f 1867//11002 1926//11003 1927//11004
f 1927//11005 1868//11006 1867//11007
f 1868//11008 1927//11009 1928//11010
f 1928//11011 1869//11012 1868//11013
f 1869//11014 1928//11015 1929//11016
f 1929//11017 1870//11018 1869//11019
f 1870//11020 1929//11021 1930//11022
f 1930//11023 1871//11024 1870//11025
f 1871//11026 1930//11027 1931//11028
f 1931//11029 1872//11030 1871//11031
f 1872//11032 1931//11033 1932//11034
f 1932//11035 1873//11036 1872//11037
f 1873//11038 1932//11039 1933//11040
f 1933//11041 1874//11042 1873//11043
f 1874//11044 1933//11045 1934//11046
f 1934//11047 1875//11048 1874//11049
f 1875//11050 1934//11051 1935//11052
f 1935//11053 1876//11054 1875//11055
f 1876//11056 1935//11057 1936//11058
f 1936//11059 1877//11060 1876//11061
f 1877//11062 1936//11063 1937//11064
f 1937//11065 1878//11066 1877//11067
f 1878//11068 1937//11069 1938//11070
f 1938//11071 1879//11072 1878//11073
f 1879//11074 1938//11075 1939//11076
f 1939//11077 1880//11078 1879//11079
f 1880//11080 1939//11081 1940//11082
f 1940//11083 1881//11084 1880//11085
f 1881//11086 1940//11087 1941//11088
f 1941//11089 1882//11090 1881//11091
f 1882//11092 1941//11093 1942//11094
f 1942//11095 1883//11096 1882//11097
f 1883//11098 1942//11099 1943//11100
f 1943//11101 1884//11102 1883//11103
f 1884//11104 1943//11105 1944//11106
f 1944//11107 1885//11108 1884//11109
f 1885//11110 1944//11111 1945//11112
f 1945//11113 1886//11114 1885//11115
f 1886//11116 1945//11117 1946//11118
f 1946//11119 1887//11120 1886//11121
f 1887//11122 1946//11123 1947//11124
f 1947//11125 1888//11126 1887//11127
f 1888//11128 1947//11129 1948//11130
f 1948//11131 1889//11132 1888//11133
f 1890//11134 1949//11135 120//11136
f 1//11137 1950//11138 1891//11139
f 1891//11140 1950//11141 1951//11142
f 1951//11143 1892//11144 1891//11145
f 1892//11146 1951//11147 1952//11148
f 1952//11149 1893//11150 1892//11151
f 1893//11152 1952//11153 1953//11154
f 1953//11155 1894//11156 1893//11157
f 1894//11158 1953//11159 1954//11160
f 1954//11161 1895//11162 1894//11163
f 1895//11164 1954//11165 1955//11166
f 1955//11167 1896//11168 1895//11169
f 1896//11170 1955//11171 1956//11172
f 1956//11173 1897//11174 1896//11175
f 1897//11176 1956//11177 1957//11178
f 1957//11179 1898//11180 1897//11181
f 1898//11182 1957//11183 1958//11184
f 1958//11185 1899//11186 1898//11187
f 1899//11188 1958//11189 1959//11190
f 1959//11191 1900//11192 1899//11193
f 1900//11194 1959//11195 1960//11196
f 1960//11197 1901//11198 1900//11199
f 1901//11200 1960//11201 1961//11202
f 1961//11203 1902//11204 1901//11205
f 1902//11206 1961//11207 1962//11208
f 1962//11209 1903//11210 1902//11211
f 1903//11212 1962//11213 1963//11214
f 1963//11215 1904//11216 1903//11217
f 1904//11218 1963//11219 1964//11220
f 1964//11221 1905//11222 1904//11223
f 1905//11224 1964//11225 1965//11226
f 1965//11227 1906//11228 1905//11229
f 1906//11230 1965//11231 1966//11232
f 1966//11233 1907//11234 1906//11235
f 1907//11236 1966//11237 1967//11238
f 1967//11239 1908//11240 1907//11241
f 1908//11242 1967//11243 1968//11244
f 1968//11245 1909//11246 1908//11247
f 1909//11248 1968//11249 1969//11250
f 1969//11251 1910//11252 1909//11253
f 1910//11254 1969//11255 1970//11256
f 1970//11257 1911//11258 1910//11259
f 1911//11260 1970//11261 1971//11262
f 1971//11263 1912//11264 1911//11265
f 1912//11266 1971//11267 1972//11268
f 1972//11269 1913//11270 1912//11271
f 1913//11272 1972//11273 1973//11274
f 1973//11275 1914//11276 1913//11277
f 1914//11278 1973//11279 1974//11280
f 1974//11281 1915//11282 1914//11283
f 1915//11284 1974//11285 1975//11286
f 1975//11287 1916//11288 1915//11289
f 1916//11290 1975//11291 1976//11292
f 1976//11293 1917//11294 1916//11295
f 1917//11296 1976//11297 1977//11298
f 1977//11299 1918//11300 1917//11301
f 1918//11302 1977//11303 1978//11304
f 1978//11305 1919//11306 1918//11307
f 1919//11308 1978//11309 1979//11310
f 1979//11311 1920//11312 1919//11313
f 1920//11314 1979//11315 1980//11316
f 1980//11317 1921//11318 1920//11319
f 1921//11320 1980//11321 1981//11322
f 1981//11323 1922//11324 1921//11325
f 1922//11326 1981//11327 1982//11328
f 1982//11329 1923//11330 1922//11331
f 1923//11332 1982//11333 1983//11334
f 1983//11335 1924//11336 1923//11337
f 1924//11338 1983//11339 1984//11340
f 1984//11341 1925//11342 1924//11343
f 1925//11344 1984//11345 1985//11346
f 1985//11347 1926//11348 1925//11349
f 1926//11350 1985//11351 1986//11352
f 1986//11353 1927//11354 1926//11355
f 1927//11356 1986//11357 1987//11358
f 1987//11359 1928//11360 1927//11361
f 1928//11362 1987//11363 1988//11364
f 1988//11365 1929//11366 1928//11367
f 1929//11368 1988//11369 1989//11370
f 1989//11371 1930//11372 1929//11373
f 1930//11374 1989//11375 1990//11376
f 1990//11377 1931//11378 1930//11379
f 1931//11380 1990//11381 1991//11382
f 1991//11383 1932//11384 1931//11385
f 1932//11386 1991//11387 1992//11388
f 1992//11389 1933//11390 1932//11391
f 1933//11392 1992//11393 1993//11394
f 1993//11395 1934//11396 1933//11397
f 1934//11398 1993//11399 1994//11400
f 1994//11401 1935//11402 1934//11403
f 1935//11404 1994//11405 1995//11406
f 1995//11407 1936//11408 1935//11409
f 1936//11410 1995//11411 1996//11412
f 1996//11413 1937//11414 1936//11415
f 1937//11416 1996//11417 1997//11418
f 1997//11419 1938//11420 1937//11421
f 1938//11422 1997//11423 1998//11424
f 1998//11425 1939//11426 1938//11427
f 1939//11428 1998//11429 1999//11430
f 1999//11431 1940//11432 1939//11433
f 1940//11434 1999//11435 2000//11436
f 2000//11437 1941//11438 1940//11439
f 1941//11440 2000//11441 2001//11442
f 2001//11443 1942//11444 1941//11445
f 1942//11446 2001//11447 2002//11448
f 2002//11449 1943//11450 1942//11451
f 1943//11452 2002//11453 2003//11454
f 2003//11455 1944//11456 1943//11457
f 1944//11458 2003//11459 2004//11460
f 2004//11461 1945//11462 1944//11463
f 1945//11464 2004//11465 2005//11466
f 2005//11467 1946//11468 1945//11469
f 1946//11470 2005//11471 2006//11472
f 2006//11473 1947//11474 1946//11475
f 1947//11476 2006//11477 2007//11478
f 2007//11479 1948//11480 1947//11481
f 1949//11482 2008//11483 120//11484
f 1//11485 2009//11486 1950//11487
f 1950//11488 2009//11489 2010//11490
f 2010//11491 1951//11492 1950//11493
f 1951//11494 2010//11495 2011//11496
f 2011//11497 1952//11498 1951//11499
f 1952//11500 2011//11501 2012//11502
f 2012//11503 1953//11504 1952//11505
f 1953//11506 2012//11507 2013//11508
f 2013//11509 1954//11510 1953//11511
f 1954//11512 2013//11513 2014//11514
f 2014//11515 1955//11516 1954//11517
f 1955//11518 2014//11519 2015//11520
f 2015//11521 1956//11522 1955//11523
f 1956//11524 2015//11525 2016//11526
f 2016//11527 1957//11528 1956//11529
f 1957//11530 2016//11531 2017//11532
f 2017//11533 1958//11534 1957//11535
f 1958//11536 2017//11537 2018//11538
f 2018//11539 1959//11540 1958//11541
f 1959//11542 2018//11543 2019//11544
f 2019//11545 1960//11546 1959//11547
f 1960//11548 2019//11549 2020//11550
f 2020//11551 1961//11552 1960//11553
f 1961//11554 2020//11555 2021//11556
f 2021//11557 1962//11558 1961//11559
f 1962//11560 2021//11561 2022//11562
f 2022//11563 1963//11564 1962//11565
f 1963//11566 2022//11567 2023//11568
f 2023//11569 1964//11570 1963//11571
f 1964//11572 2023//11573 2024//11574
f 2024//11575 1965//11576 1964//11577
f 1965//11578 2024//11579 2025//11580
f 2025//11581 1966//11582 1965//11583
f 1966//11584 2025//11585 2026//11586
f 2026//11587 1967//11588 1966//11589
f 1967//11590 2026//11591 2027//11592
f 2027//11593 1968//11594 1967//11595
f 1968//11596 2027//11597 2028//11598
f 2028//11599 1969//11600 1968//11601
f 1969//11602 2028//11603 2029//11604
f 2029//11605 1970//11606 1969//11607
f 1970//11608 2029//11609 2030//11610
f 2030//11611 1971//11612 1970//11613
f 1971//11614 2030//11615 2031//11616
f 2031//11617 1972//11618 1971//11619
f 1972//11620 2031//11621 2032//11622
f 2032//11623 1973//11624 1972//11625
f 1973//11626 2032//11627 2033//11628
f 2033//11629 1974//11630 1973//11631
f 1974//11632 2033//11633 2034//11634
f 2034//11635 1975//11636 1974//11637
f 1975//11638 2034//11639 2035//11640
f 2035//11641 1976//11642 1975//11643
f 1976//11644 2035//11645 2036//11646
f 2036//11647 1977//11648 1976//11649
f 1977//11650 2036//11651 2037//11652
f 2037//11653 1978//11654 1977//11655
f 1978//11656 2037//11657 2038//11658
f 2038//11659 1979//11660 1978//11661
f 1979//11662 2038//11663 2039//11664
f 2039//11665 1980//11666 1979//11667
f 1980//11668 2039//11669 2040//11670
f 2040//11671 1981//11672 1980//11673
f 1981//11674 2040//11675 2041//11676
f 2041//11677 1982//11678 1981//11679
f 1982//11680 2041//11681 2042//11682
f 2042//11683 1983//11684 1982//11685
f 1983//11686 2042//11687 2043//11688
f 2043//11689 1984//11690 1983//11691
f 1984//11692 2043//11693 2044//11694
f 2044//11695 1985//11696 1984//11697
f 1985//11698 2044//11699 2045//11700
f 2045//11701 1986//11702 1985//11703
f 1986//11704 2045//11705 2046//11706
f 2046//11707 1987//11708 1986//11709
f 1987//11710 2046//11711 2047//11712
f 2047//11713 1988//11714 1987//11715
f 1988//11716 2047//11717 2048//11718
f 2048//11719 1989//11720 1988//11721
f 1989//11722 2048//11723 2049//11724
f 2049//11725 1990//11726 1989//11727
f 1990//11728 2049//11729 2050//11730
f 2050//11731 1991//11732 1990//11733
f 1991//11734 2050//11735 2051//11736
f 2051//11737 1992//11738 1991//11739
f 1992//11740 2051//11741 2052//11742
f 2052//11743 1993//11744 1992//11745
f 1993//11746 2052//11747 2053//11748
f 2053//11749 1994//11750 1993//11751
f 1994//11752 2053//11753 2054//11754
f 2054//11755 1995//11756 1994//11757
f 1995//11758 2054//11759 2055//11760
f 2055//11761 1996//11762 1995//11763
f 1996//11764 2055//11765 2056//11766
f 2056//11767 1997//11768 1996//11769
f 1997//11770 2056//11771 2057//11772
f 2057//11773 1998//11774 1997//11775
f 1998//11776 2057//11777 2058//11778
f 2058//11779 1999//11780 1998//11781
f 1999//11782 2058//11783 2059//11784
f 2059//11785 2000//11786 1999//11787
f 2000//11788 2059//11789 2060//11790
f 2060//11791 2001//11792 2000//11793
f 2001//11794 2060//11795 2061//11796
f 2061//11797 2002//11798 2001//11799
f 2002//11800 2061//11801 2062//11802
f 2062//11803 2003//11804 2002//11805
f 2003//11806 2062//11807 2063//11808
f 2063//11809 2004//11810 2003//11811
f 2004//11812 2063//11813 2064//11814
f 2064//11815 2005//11816 2004//11817
f 2005//11818 2064//11819 2065//11820
f 2065//11821 2006//11822 2005//11823
f 2006//11824 2065//11825 2066//11826
f 2066//11827 2007//11828 2006//11829
f 2008//11830 2067//11831 120//11832
f 1//11833 2068//11834 2009//11835
f 2009//11836 2068//11837 2069//11838
f 2069//11839 2010//11840 2009//11841
f 2010//11842 2069//11843 2070//11844
f 2070//11845 2011//11846 2010//11847
f 2011//11848 2070//11849 2071//11850
f 2071//11851 2012//11852 2011//11853
f 2012//11854 2071//11855 2072//11856
f 2072//11857 2013//11858 2012//11859
f 2013//11860 2072//11861 2073//11862
f 2073//11863 2014//11864 2013//11865
f 2014//11866 2073//11867 2074//11868
f 2074//11869 2015//11870 2014//11871
f 2015//11872 2074//11873 2075//11874
f 2075//11875 2016//11876 2015//11877
f 2016//11878 2075//11879 2076//11880
f 2076//11881 2017//11882 2016//11883
f 2017//11884 2076//11885 2077//11886
f 2077//11887 2018//11888 2017//11889
f 2018//11890 2077//11891 2078//11892
f 2078//11893 2019//11894 2018//11895
f 2019//11896 2078//11897 2079//11898
f 2079//11899 2020//11900 2019//11901
f 2020//11902 2079//11903 2080//11904
f 2080//11905 2021//11906 2020//11907
f 2021//11908 2080//11909 2081//11910
f 2081//11911 2022//11912 2021//11913
f 2022//11914 2081//11915 2082//11916
f 2082//11917 2023//11918 2022//11919
f 2023//11920 2082//11921 2083//11922
f 2083//11923 2024//11924 2023//11925
f 2024//11926 2083//11927 2084//11928
f 2084//11929 2025//11930 2024//11931
f 2025//11932 2084//11933 2085//11934
f 2085//11935 2026//11936 2025//11937
f 2026//11938 2085//11939 2086//11940
f 2086//11941 2027//11942 2026//11943
f 2027//11944 2086//11945 2087//11946
f 2087//11947 2028//11948 2027//11949
f 2028//11950 2087//11951 2088//11952
f 2088//11953 2029//11954 2028//11955
f 2029//11956 2088//11957 2089//11958
f 2089//11959 2030//11960 2029//11961
f 2030//11962 2089//11963 2090//11964
f 2090//11965 2031//11966 2030//11967
f 2031//11968 2090//11969 2091//11970
f 2091//11971 2032//11972 2031//11973
f 2032//11974 2091//11975 2092//11976
f 2092//11977 2033//11978 2032//11979
f 2033//11980 2092//11981 2093//11982
f 2093//11983 2034//11984 2033//11985
f 2034//11986 2093//11987 2094//11988
f 2094//11989 2035//11990 2034//11991
f 2035//11992 2094//11993 2095//11994
f 2095//11995 2036//11996 2035//11997
f 2036//11998 2095//11999 2096//12000
f 2096//12001 2037//12002 2036//12003
f 2037//12004 2096//12005 2097//12006
f 2097//12007 2038//12008 2037//12009
f 2038//12010 2097//12011 2098//12012
f 2098//12013 2039//12014 2038//12015
f 2039//12016 2098//12017 2099//12018
f 2099//12019 2040//12020 2039//12021
f 2040//12022 2099//12023 2100//12024
f 2100//12025 2041//12026 2040//12027
f 2041//12028 2100//12029 2101//12030
f 2101//12031 2042//12032 2041//12033
f 2042//12034 2101//12035 2102//12036
f 2102//12037 2043//12038 2042//12039
f 2043//12040 2102//12041 2103//12042
f 2103//12043 2044//12044 2043//12045
f 2044//12046 2103//12047 2104//12048
f 2104//12049 2045//12050 2044//12051
f 2045//12052 2104//12053 2105//12054
f 2105//12055 2046//12056 2045//12057
f 2046//12058 2105//12059 2106//12060
f 2106//12061 2047//12062 2046//12063
f 2047//12064 2106//12065 2107//12066
f 2107//12067 2048//12068 2047//12069
f 2048//12070 2107//12071 2108//12072
f 2108//12073 2049//12074 2048//12075
f 2049//12076 2108//12077 2109//12078
f 2109//12079 2050//12080 2049//12081
f 2050//12082 2109//12083 2110//12084
f 2110//12085 2051//12086 2050//12087
f 2051//12088 2110//12089 2111//12090
f 2111//12091 2052//12092 2051//12093
f 2052//12094 2111//12095 2112//12096
f 2112//12097 2053//12098 2052//12099
f 2053//12100 2112//12101 2113//12102
f 2113//12103 2054//12104 2053//12105
f 2054//12106 2113//12107 2114//12108
f 2114//12109 2055//12110 2054//12111
f 2055//12112 2114//12113 2115//12114
f 2115//12115 2056//12116 2055//12117
f 2056//12118 2115//12119 2116//12120
f 2116//12121 2057//12122 2056//12123
f 2057//12124 2116//12125 2117//12126
f 2117//12127 2058//12128 2057//12129
f 2058//12130 2117//12131 2118//12132
f 2118//12133 2059//12134 2058//12135
f 2059//12136 2118//12137 2119//12138
f 2119//12139 2060//12140 2059//12141
f 2060//12142 2119//12143 2120//12144
f 2120//12145 2061//12146 2060//12147
f 2061//12148 2120//12149 2121//12150
f 2121//12151 2062//12152 2061//12153
f 2062//12154 2121//12155 2122//12156
f 2122//12157 2063//12158 2062//12159
f 2063//12160 2122//12161 2123//12162
f 2123//12163 2064//12164 2063//12165
f 2064//12166 2123//12167 2124//12168
f 2124//12169 2065//12170 2064//12171
f 2065//12172 2124//12173 2125//12174
f 2125//12175 2066//12176 2065//12177
f 2067//12178 2126//12179 120//12180
f 1//12181 3//12182 2068//12183
f 2068//12184 3//12185 5//12186
f 5//12187 2069//12188 2068//12189
f 2069//12190 5//12191 7//12192
f 7//12193 2070//12194 2069//12195
f 2070//12196 7//12197 9//12198
f 9//12199 2071//12200 2070//12201
f 2071//12202 9//12203 11//12204
f 11//12205 2072//12206 2071//12207
f 2072//12208 11//12209 13//12210
f 13//12211 2073//12212 2072//12213
f 2073//12214 13//12215 15//12216
f 15//12217 2074//12218 2073//12219
f 2074//12220 15//12221 17//12222
f 17//12223 2075//12224 2074//12225
f 2075//12226 17//12227 19//12228
f 19//12229 2076//12230 2075//12231
f 2076//12232 19//12233 21//12234
f 21//12235 2077//12236 2076//12237
f 2077//12238 21//12239 23//12240
f 23//12241 2078//12242 2077//12243
f 2078//12244 23//12245 25//12246
f 25//12247 2079//12248 2078//12249
f 2079//12250 25//12251 27//12252
f 27//12253 2080//12254 2079//12255
f 2080//12256 27//12257 29//12258
f 29//12259 2081//12260 2080//12261
f 2081//12262 29//12263 31//12264
f 31//12265 2082//12266 2081//12267
f 2082//12268 31//12269 33//12270
f 33//12271 2083//12272 2082//12273
f 2083//12274 33//12275 35//12276
f 35//12277 2084//12278 2083//12279
f 2084//12280 35//12281 37//12282
f 37//12283 2085//12284 2084//12285
f 2085//12286 37//12287 39//12288
f 39//12289 2086//12290 2085//12291
f 2086//12292 39//12293 41//12294
f 41//12295 2087//12296 2086//12297
f 2087//12298 41//12299 43//12300
f 43//12301 2088//12302 2087//12303
f 2088//12304 43//12305 45//12306
f 45//12307 2089//12308 2088//12309
f 2089//12310 45//12311 47//12312
f 47//12313 2090//12314 2089//12315
f 2090//12316 47//12317 49//12318
f 49//12319 2091//12320 2090//12321
f 2091//12322 49//12323 51//12324
f 51//12325 2092//12326 2091//12327
f 2092//12328 51//12329 53//12330
f 53//12331 2093//12332 2092//12333
f 2093//12334 53//12335 55//12336
f 55//12337 2094//12338 2093//12339
f 2094//12340 55//12341 57//12342
f 57//12343 2095//12344 2094//12345
f 2095//12346 57//12347 59//12348
f 59//12349 2096//12350 2095//12351
f 2096//12352 59//12353 61//12354
f 61//12355 2097//12356 2096//12357
f 2097//12358 61//12359 63//12360
f 63//12361 2098//12362 2097//12363
f 2098//12364 63//12365 65//12366
f 65//12367 2099//12368 2098//12369
f 2099//12370 65//12371 67//12372
f 67//12373 2100//12374 2099//12375
f 2100//12376 67//12377 69//12378
f 69//12379 2101//12380 2100//12381
f 2101//12382 69//12383 71//12384
f 71//12385 2102//12386 2101//12387
f 2102//12388 71//12389 73//12390
f 73//12391 2103//12392 2102//12393
f 2103//12394 73//12395 75//12396
f 75//12397 2104//12398 2103//12399
f 2104//12400 75//12401 77//12402
f 77//12403 2105//12404 2104//12405
f 2105//12406 77//12407 79//12408
f 79//12409 2106//12410 2105//12411
f 2106//12412 79//12413 81//12414
f 81//12415 2107//12416 2106//12417
f 2107//12418 81//12419 83//12420
f 83//12421 2108//12422 2107//12423
f 2108//12424 83//12425 85//12426
f 85//12427 2109//12428 2108//12429
f 2109//12430 85//12431 87//12432
f 87//12433 2110//12434 2109//12435
f 2110//12436 87//12437 89//12438
f 89//12439 2111//12440 2110//12441
f 2111//12442 89//12443 91//12444
f 91//12445 2112//12446 2111//12447
f 2112//12448 91//12449 93//12450
f 93//12451 2113//12452 2112//12453
f 2113//12454 93//12455 95//12456
f 95//12457 2114//12458 2113//12459
f 2114//12460 95//12461 97//12462
f 97//12463 2115//12464 2114//12465
f 2115//12466 97//12467 99//12468
f 99//12469 2116//12470 2115//12471
f 2116//12472 99//12473 101//12474
f 101//12475 2117//12476 2116//12477
f 2117//12478 101//12479 103//12480
f 103//12481 2118//12482 2117//12483
f 2118//12484 103//12485 105//12486
f 105//12487 2119//12488 2118//12489
f 2119//12490 105//12491 107//12492
f 107//12493 2120//12494 2119//12495
f 2120//12496 107//12497 109//12498
f 109//12499 2121//12500 2120//12501
f 2121//12502 109//12503 111//12504
f 111//12505 2122//12506 2121//12507
f 2122//12508 111//12509 113//12510
f 113//12511 2123//12512 2122//12513
f 2123//12514 113//12515 115//12516
f 115//12517 2124//12518 2123//12519
f 2124//12520 115//12521 117//12522
f 117//12523 2125//12524 2124//12525
f 2126//12526 118//12527 120//12528
f 2127//12529 2128//12530 2129//12531
f 2129//12532 2130//12533 2127//12534
f 2128//12535 2131//12536 2132//12537
f 2132//12538 2129//12539 2128//12540
f 2131//12541 2133//12542 2134//12543
f 2134//12544 2132//12545 2131//12546
f 2133//12547 2135//12548 2136//12549
f 2136//12550 2134//12551 2133//12552
f 296//12553 355//12554 356//12555
f 356//12556 297//12557 296//12558
f 355//12559 414//12560 415//12561
f 415//12562 356//12563 355//12564
f 2137//12565 2138//12566 2139//12567
f 2139//12568 2140//12569 2137//12570
f 2138//12571 2141//12572 2142//12573
f 2142//12574 2139//12575 2138//12576
f 2141//12577 2143//12578 2144//12579
f 2144//12580 2142//12581 2141//12582
f 2143//12583 2145//12584 2146//12585
f 2146//12586 2144//12587 2143//12588
f 650//12589 709//12590 710//12591
f 710//12592 651//12593 650//12594
f 709//12595 768//12596 769//12597
f 769//12598 710//12599 709//12600
f 2147//12601 2148//12602 2149//12603
f 2149//12604 2150//12605 2147//12606
f 2148//12607 2151//12608 2152//12609
f 2152//12610 2149//12611 2148//12612
f 2151//12613 2153//12614 2154//12615
f 2154//12616 2152//12617 2151//12618
f 2153//12619 2155//12620 2156//12621
f 2156//12622 2154//12623 2153//12624
f 1004//12625 1063//12626 1064//12627
f 1064//12628 1005//12629 1004//12630
f 1063//12631 1122//12632 1123//12633
f 1123//12634 1064//12635 1063//12636
f 2157//12637 2158//12638 2159//12639
f 2159//12640 2160//12641 2157//12642
f 2158//12643 2161//12644 2162//12645
f 2162//12646 2159//12647 2158//12648
f 2161//12649 2163//12650 2164//12651
f 2164//12652 2162//12653 2161//12654
f 2163//12655 2165//12656 2166//12657
f 2166//12658 2164//12659 2163//12660
f 1358//12661 1417//12662 1418//12663
f 1418//12664 1359//12665 1358//12666
f 1417//12667 1476//12668 1477//12669
f 1477//12670 1418//12671 1417//12672
f 2167//12673 2168//12674 2169//12675
f 2169//12676 2170//12677 2167//12678
f 2168//12679 2171//12680 2172//12681
f 2172//12682 2169//12683 2168//12684
f 2171//12685 2173//12686 2174//12687
f 2174//12688 2172//12689 2171//12690
f 2173//12691 2175//12692 2176//12693
f 2176//12694 2174//12695 2173//12696
f 1712//12697 1771//12698 1772//12699
f 1772//12700 1713//12701 1712//12702
f 1771//12703 1830//12704 1831//12705
f 1831//12706 1772//12707 1771//12708
f 2177//12709 2178//12710 2179//12711
f 2179//12712 2180//12713 2177//12714
f 2178//12715 2181//12716 2182//12717
f 2182//12718 2179//12719 2178//12720
f 2181//12721 2183//12722 2184//12723
f 2184//12724 2182//12725 2181//12726
f 2183//12727 2185//12728 2186//12729
f 2186//12730 2184//12731 2183//12732
f 2066//12733 2125//12734 2126//12735
f 2126//12736 2067//12737 2066//12738
f 2125//12739 117//12740 118//12741
f 118//12742 2126//12743 2125//12744
f 117//12745 116//12746 2128//12747
f 2128//12748 2127//12749 117//12750
f 116//12751 178//12752 2131//12753
f 2131//12754 2128//12755 116//12756
f 178//12757 237//12758 2133//12759
f 2133//12760 2131//12761 178//12762
f 237//12763 296//12764 2135//12765
f 2135//12766 2133//12767 237//12768
f 296//12769 297//12770 2136//12771
f 2136//12772 2135//12773 296//12774
f 297//12775 238//12776 2134//12777
f 2134//12778 2136//12779 297//12780
f 238//12781 179//12782 2132//12783
f 2132//12784 2134//12785 238//12786
f 179//12787 119//12788 2129//12789
f 2129//12790 2132//12791 179//12792
f 119//12793 118//12794 2130//12795
f 2130//12796 2129//12797 119//12798
f 118//12799 117//12800 2127//12801
f 2127//12802 2130//12803 118//12804
f 414//12805 473//12806 2138//12807
f 2138//12808 2137//12809 414//12810
f 473//12811 532//12812 2141//12813
f 2141//12814 2138//12815 473//12816
f 532//12817 591//12818 2143//12819
f 2143//12820 2141//12821 532//12822
f 591//12823 650//12824 2145//12825
f 2145//12826 2143//12827 591//12828
f 650//12829 651//12830 2146//12831
f 2146//12832 2145//12833 650//12834
f 651//12835 592//12836 2144//12837
f 2144//12838 2146//12839 651//12840
f 592//12841 533//12842 2142//12843
f 2142//12844 2144//12845 592//12846
f 533//12847 474//12848 2139//12849
f 2139//12850 2142//12851 533//12852
f 474//12853 415//12854 2140//12855
f 2140//12856 2139//12857 474//12858
f 415//12859 414//12860 2137//12861
f 2137//12862 2140//12863 415//12864
f 768//12865 827//12866 2148//12867
f 2148//12868 2147//12869 768//12870
f 827//12871 886//12872 2151//12873
f 2151//12874 2148//12875 827//12876
f 886//12877 945//12878 2153//12879
f 2153//12880 2151//12881 886//12882
f 945//12883 1004//12884 2155//12885
f 2155//12886 2153//12887 945//12888
f 1004//12889 1005//12890 2156//12891
f 2156//12892 2155//12893 1004//12894
f 1005//12895 946//12896 2154//12897
f 2154//12898 2156//12899 1005//12900
f 946//12901 887//12902 2152//12903
f 2152//12904 2154//12905 946//12906
f 887//12907 828//12908 2149//12909
f 2149//12910 2152//12911 887//12912
f 828//12913 769//12914 2150//12915
f 2150//12916 2149//12917 828//12918
f 769//12919 768//12920 2147//12921
f 2147//12922 2150//12923 769//12924
f 1122//12925 1181//12926 2158//12927
f 2158//12928 2157//12929 1122//12930
f 1181//12931 1240//12932 2161//12933
f 2161//12934 2158//12935 1181//12936
f 1240//12937 1299//12938 2163//12939
f 2163//12940 2161//12941 1240//12942
f 1299//12943 1358//12944 2165//12945
f 2165//12946 2163//12947 1299//12948
f 1358//12949 1359//12950 2166//12951
f 2166//12952 2165//12953 1358//12954
f 1359//12955 1300//12956 2164//12957
f 2164//12958 2166//12959 1359//12960
f 1300//12961 1241//12962 2162//12963
f 2162//12964 2164//12965 1300//12966
f 1241//12967 1182//12968 2159//12969
f 2159//12970 2162//12971 1241//12972
f 1182//12973 1123//12974 2160//12975
f 2160//12976 2159//12977 1182//12978
f 1123//12979 1122//12980 2157//12981
f 2157//12982 2160//12983 1123//12984
f 1476//12985 1535//12986 2168//12987
f 2168//12988 2167//12989 1476//12990
f 1535//12991 1594//12992 2171//12993
f 2171//12994 2168//12995 1535//12996
f 1594//12997 1653//12998 2173//12999
f 2173//13000 2171//13001 1594//13002
f 1653//13003 1712//13004 2175//13005
f 2175//13006 2173//13007 1653//13008
f 1712//13009 1713//13010 2176//13011
f 2176//13012 2175//13013 1712//13014
f 1713//13015 1654//13016 2174//13017
f 2174//13018 2176//13019 1713//13020
f 1654//13021 1595//13022 2172//13023
f 2172//13024 2174//13025 1654//13026
f 1595//13027 1536//13028 2169//13029
f 2169//13030 2172//13031 1595//13032
f 1536//13033 1477//13034 2170//13035
f 2170//13036 2169//13037 1536//13038
f 1477//13039 1476//13040 2167//13041
f 2167//13042 2170//13043 1477//13044
f 1830//13045 1889//13046 2178//13047
f 2178//13048 2177//13049 1830//13050
f 1889//13051 1948//13052 2181//13053
f 2181//13054 2178//13055 1889//13056
f 1948//13057 2007//13058 2183//13059
f 2183//13060 2181//13061 1948//13062
f 2007//13063 2066//13064 2185//13065
f 2185//13066 2183//13067 2007//13068
f 2066//13069 2067//13070 2186//13071
f 2186//13072 2185//13073 2066//13074
f 2067//13075 2008//13076 2184//13077
f 2184//13078 2186//13079 2067//13080
f 2008//13081 1949//13082 2182//13083
f 2182//13084 2184//13085 2008//13086
f 1949//13087 1890//13088 2179//13089
f 2179//13090 2182//13091 1949//13092
f 1890//13093 1831//13094 2180//13095
f 2180//13096 2179//13097 1890//13098
f 1831//13099 1830//13100 2177//13101
f 2177//13102 2180//13103 1831//13104
